{
    "microscope": {
        "iou": 0.182702810668431,
        "coverage": 0.1827062318985319,
        "precision": 0.9998975199836032,
        "recall": 0.1827062318985319,
        "segment_index": 10
    },
    "lens": {
        "iou": 0.4297912122156435,
        "coverage": 0.5628652584152274,
        "precision": 0.6451250771792617,
        "recall": 0.5628652584152274,
        "segment_index": 1
    },
    "scientist": {
        "iou": 0.09619127741343378,
        "coverage": 0.1087127514748147,
        "precision": 0.45508326624392803,
        "recall": 0.1087127514748147,
        "segment_index": 9
    },
    "laboratory": {
        "iou": 0.19129819596745667,
        "coverage": 0.23375332281558645,
        "precision": 0.5129713066160778,
        "recall": 0.23375332281558645,
        "segment_index": 3
    }
}