{
    "microscope": {
        "iou": 0.673496509534029,
        "coverage": 0.6816856836113053,
        "precision": 0.982475631862324,
        "recall": 0.6816856836113053,
        "segment_indices": [
            10,
            17,
            8,
            18,
            2,
            29,
            13,
            5,
            11,
            4,
            28,
            31,
            6,
            12,
            30,
            27,
            26,
            0,
            15
        ],
        "num_segments_used": 19,
        "iou_curve": {
            "0.05": 0.2120199203491211,
            "0.1": 0.21282325213618758,
            "0.15": 0.2611904001052661,
            "0.2": 0.3637293221273484,
            "0.25": 0.4497826135335973,
            "0.3": 0.5000506101332733,
            "0.35": 0.5505475530062074,
            "0.4": 0.6056440338806502,
            "0.45": 0.6493199360287575,
            "0.5": 0.6893479475716318
        }
    },
    "lens": {
        "iou": 0.5705043633068939,
        "coverage": 0.878848476933625,
        "precision": 0.6192017942377365,
        "recall": 0.878848476933625,
        "segment_indices": [
            1,
            7
        ],
        "num_segments_used": 2,
        "iou_curve": {
            "0.05": 0.1658344268798828,
            "0.1": 0.21439334898587326,
            "0.15": 0.3377861738813092,
            "0.2": 0.5157664318139552,
            "0.25": 0.6119635488717036,
            "0.3": 0.6310020078179702,
            "0.35": 0.5949794609602843,
            "0.4": 0.48145147958340223,
            "0.45": 0.358940106192296,
            "0.5": 0.23760938777143314
        }
    },
    "scientist": {
        "iou": 0.19500463524210226,
        "coverage": 0.23636363636363636,
        "precision": 0.5270608869957404,
        "recall": 0.23636363636363636,
        "segment_indices": [
            9,
            24,
            3,
            20,
            22,
            25,
            33,
            35,
            19,
            14,
            32,
            34,
            21
        ],
        "num_segments_used": 13,
        "iou_curve": {
            "0.05": 0.198045827698011,
            "0.1": 0.2457056631883802,
            "0.15": 0.28292359811051204,
            "0.2": 0.29863963296135276,
            "0.25": 0.29438197183823966,
            "0.3": 0.2782443827232358,
            "0.35": 0.25029209220491816,
            "0.4": 0.20947910234111108,
            "0.45": 0.16539405137727134,
            "0.5": 0.11576961315979754
        }
    },
    "laboratory": {
        "iou": 0.4133187863387148,
        "coverage": 0.6467982105422403,
        "precision": 0.5337994506474513,
        "recall": 0.6467982105422403,
        "segment_indices": [
            3,
            23,
            20,
            19,
            34,
            21
        ],
        "num_segments_used": 6,
        "iou_curve": {
            "0.05": 0.05345344543457031,
            "0.1": 0.08373667907499377,
            "0.15": 0.23054799746774945,
            "0.2": 0.4301216169921206,
            "0.25": 0.46824235152969407,
            "0.3": 0.3715415600835024,
            "0.35": 0.20538081971065086,
            "0.4": 0.08280591647127268,
            "0.45": 0.026027129371188822,
            "0.5": 0.0023543680662076838
        }
    }
}