{
    "num_segments": 36,
    "image_size": [
        1024,
        1024
    ],
    "overall_coverage_percent": 57.45077133178711,
    "concept_collisions": {
        "microscope_vs_lens": 4.038435812848788e-05,
        "microscope_vs_scientist": 0.0,
        "microscope_vs_laboratory": 0.0,
        "lens_vs_scientist": 0.02495599715157134,
        "lens_vs_laboratory": 0.0,
        "scientist_vs_laboratory": 0.2231585199484005
    }
}