{
    "jar": {
        "iou": 0.6979636436760874,
        "coverage": 0.9857701038527642,
        "precision": 0.7050674242560031,
        "recall": 0.9857701038527642,
        "segment_index": 1
    },
    "marbles": {
        "iou": 0.5589766950105727,
        "coverage": 1.0,
        "precision": 0.5589766950105727,
        "recall": 1.0,
        "segment_index": 0
    },
    "six": {
        "iou": 0.013435816740301398,
        "coverage": 0.025795956309551477,
        "precision": 0.02727607814227792,
        "recall": 0.025795956309551477,
        "segment_index": 10
    },
    "glass": {
        "iou": 0.31515432709474783,
        "coverage": 0.622444625121845,
        "precision": 0.3896387276735502,
        "recall": 0.622444625121845,
        "segment_index": 0
    }
}