{
    "jar": {
        "iou": 0.6979636436760874,
        "coverage": 0.9857701038527642,
        "precision": 0.7050674242560031,
        "recall": 0.9857701038527642,
        "segment_indices": [
            1
        ],
        "num_segments_used": 1,
        "iou_curve": {
            "0.05": 0.6384363174438477,
            "0.1": 0.7562909107381486,
            "0.15": 0.9238442869949647,
            "0.2": 0.9567986091158898,
            "0.25": 0.9363827130979893,
            "0.3": 0.9093920432645093,
            "0.35": 0.858796956271891,
            "0.4": 0.7787644884646476,
            "0.45": 0.6765488845901291,
            "0.5": 0.5245754264988367
        }
    },
    "marbles": {
        "iou": 0.5589766950105727,
        "coverage": 1.0,
        "precision": 0.5589766950105727,
        "recall": 1.0,
        "segment_indices": [
            0
        ],
        "num_segments_used": 1,
        "iou_curve": {
            "0.05": 0.3388347625732422,
            "0.1": 0.44589771167783265,
            "0.15": 0.6108487169172242,
            "0.2": 0.6395112414467253,
            "0.25": 0.6284558422499733,
            "0.3": 0.6138133088903073,
            "0.35": 0.5984383040105276,
            "0.4": 0.5805439330543933,
            "0.45": 0.560905655284114,
            "0.5": 0.5337961713231655
        }
    },
    "six": {
        "iou": 0.017684700407213497,
        "coverage": 0.05298628863583547,
        "precision": 0.02585766940742841,
        "recall": 0.05298628863583547,
        "segment_indices": [
            10,
            6
        ],
        "num_segments_used": 2,
        "iou_curve": {
            "0.05": 0.01681804656982422,
            "0.1": 0.02019523010079865,
            "0.15": 0.029753206236590328,
            "0.2": 0.027470494098819763,
            "0.25": 0.025930234270316436,
            "0.3": 0.020522743132652413,
            "0.35": 0.011428008472489039,
            "0.4": 0.003604981428883548,
            "0.45": 0.0003344295189788752,
            "0.5": 0.0
        }
    },
    "glass": {
        "iou": 0.3169033144333531,
        "coverage": 0.6258989574115417,
        "precision": 0.3909556931658441,
        "recall": 0.6258989574115417,
        "segment_indices": [
            0,
            22
        ],
        "num_segments_used": 2,
        "iou_curve": {
            "0.05": 0.338897705078125,
            "0.1": 0.26113004070530227,
            "0.15": 0.21517564559379168,
            "0.2": 0.2256079793374442,
            "0.25": 0.24229561179898035,
            "0.3": 0.260654752162873,
            "0.35": 0.28273784836469745,
            "0.4": 0.30112014686688754,
            "0.45": 0.3123447401774398,
            "0.5": 0.3193589429328478
        }
    }
}