{
    "mirror": {
        "iou": 0.6163135534773373,
        "coverage": 0.7109624243195722,
        "precision": 0.8223639408830729,
        "recall": 0.7109624243195722,
        "segment_index": 2
    },
    "opposite": {
        "iou": 0.35025972296217367,
        "coverage": 0.45831855047025066,
        "precision": 0.5976801571454082,
        "recall": 0.45831855047025066,
        "segment_index": 4
    },
    "painting": {
        "iou": 0.7534428620150299,
        "coverage": 0.8231530258255172,
        "precision": 0.8989574417332005,
        "recall": 0.8231530258255172,
        "segment_index": 1
    },
    "wall": {
        "iou": 0.2833612951124738,
        "coverage": 0.37832453656024717,
        "precision": 0.530270428761531,
        "recall": 0.37832453656024717,
        "segment_index": 3
    }
}