{
    "mirror": {
        "iou": 0.6257064491921077,
        "coverage": 0.7495803266689474,
        "precision": 0.7910680850706543,
        "recall": 0.7495803266689474,
        "segment_indices": [
            2,
            7,
            5
        ],
        "num_segments_used": 3,
        "iou_curve": {
            "0.05": 0.11333258291487966,
            "0.1": 0.15149693928568653,
            "0.15": 0.22887133101280308,
            "0.2": 0.4073455882083206,
            "0.25": 0.5502325440009728,
            "0.3": 0.6013075961609158,
            "0.35": 0.6262853062039665,
            "0.4": 0.6332014256180003,
            "0.45": 0.6296976398267714,
            "0.5": 0.6084994975767477
        }
    },
    "opposite": {
        "iou": 0.43893438079097835,
        "coverage": 0.8624789149689716,
        "precision": 0.47196610250314214,
        "recall": 0.8624789149689716,
        "segment_indices": [
            4,
            0
        ],
        "num_segments_used": 2,
        "iou_curve": {
            "0.05": 0.5599536118655964,
            "0.1": 0.6375986599604571,
            "0.15": 0.646128839435764,
            "0.2": 0.6343490015825549,
            "0.25": 0.60990437400873,
            "0.3": 0.5752081326912788,
            "0.35": 0.5257912290501957,
            "0.4": 0.45191601289350275,
            "0.45": 0.3552572816725149,
            "0.5": 0.19240677897696506
        }
    },
    "painting": {
        "iou": 0.760833324133058,
        "coverage": 0.885442631376076,
        "precision": 0.843903454525416,
        "recall": 0.885442631376076,
        "segment_indices": [
            1,
            7,
            11
        ],
        "num_segments_used": 3,
        "iou_curve": {
            "0.05": 0.07778947749933712,
            "0.1": 0.11669482741277336,
            "0.15": 0.26919312369897574,
            "0.2": 0.4298047878815202,
            "0.25": 0.5598337638998091,
            "0.3": 0.6521348194573036,
            "0.35": 0.7139067188648874,
            "0.4": 0.7470263966924626,
            "0.45": 0.7593330916998913,
            "0.5": 0.7629587013660925
        }
    },
    "wall": {
        "iou": 0.375595832514252,
        "coverage": 0.7686405767250257,
        "precision": 0.4234707537585086,
        "recall": 0.7686405767250257,
        "segment_indices": [
            3,
            0,
            8
        ],
        "num_segments_used": 3,
        "iou_curve": {
            "0.05": 0.5379128996660846,
            "0.1": 0.5768864965912491,
            "0.15": 0.617986685539877,
            "0.2": 0.6490554205534217,
            "0.25": 0.6578211954795998,
            "0.3": 0.6452455974535882,
            "0.35": 0.5993870513901303,
            "0.4": 0.5197203668146874,
            "0.45": 0.4326342810242638,
            "0.5": 0.3326241746447019
        }
    }
}