{
    "blue": {
        "iou": 0.7350164999214289,
        "coverage": 0.987800499806413,
        "precision": 0.7417497898793194,
        "recall": 0.987800499806413,
        "segment_index": 2
    },
    "fire": {
        "iou": 0.626065961659182,
        "coverage": 0.832037717605685,
        "precision": 0.7166366959495313,
        "recall": 0.832037717605685,
        "segment_index": 0
    },
    "orange": {
        "iou": 0.10546011362409695,
        "coverage": 0.8780374142866654,
        "precision": 0.10702794379592549,
        "recall": 0.8780374142866654,
        "segment_index": 13
    },
    "ice": {
        "iou": 0.15960271805124557,
        "coverage": 0.39519080375988946,
        "precision": 0.2111872562982078,
        "recall": 0.39519080375988946,
        "segment_index": 13
    }
}