{
    "blue": {
        "iou": 0.7350164999214289,
        "coverage": 0.987800499806413,
        "precision": 0.7417497898793194,
        "recall": 0.987800499806413,
        "segment_indices": [
            2
        ],
        "num_segments_used": 1,
        "iou_curve": {
            "0.05": 0.7214381704405749,
            "0.1": 0.916349018994859,
            "0.15": 0.9393513230719822,
            "0.2": 0.9180824877644282,
            "0.25": 0.8857678637793586,
            "0.3": 0.8507849496988212,
            "0.35": 0.8124047670162688,
            "0.4": 0.7684349445007423,
            "0.45": 0.7223189157404388,
            "0.5": 0.6540697179343746
        }
    },
    "fire": {
        "iou": 0.6294170334485847,
        "coverage": 0.8388017301496982,
        "precision": 0.7160272446724979,
        "recall": 0.8388017301496982,
        "segment_indices": [
            0,
            4,
            12,
            8,
            6,
            13
        ],
        "num_segments_used": 6,
        "iou_curve": {
            "0.05": 0.2611452757993202,
            "0.1": 0.27423968940503357,
            "0.15": 0.341157126631244,
            "0.2": 0.4727199962838164,
            "0.25": 0.5524182069085417,
            "0.3": 0.6025660411032588,
            "0.35": 0.6385096677163915,
            "0.4": 0.6456755007750538,
            "0.45": 0.6294170334485847,
            "0.5": 0.5827766034330075
        }
    },
    "orange": {
        "iou": 0.10546011362409695,
        "coverage": 0.8780374142866654,
        "precision": 0.10702794379592549,
        "recall": 0.8780374142866654,
        "segment_indices": [
            13
        ],
        "num_segments_used": 1,
        "iou_curve": {
            "0.05": 0.23504341158608694,
            "0.1": 0.48534563194796193,
            "0.15": 0.404013485886446,
            "0.2": 0.259129148562448,
            "0.25": 0.1762609681612206,
            "0.3": 0.11940941739824422,
            "0.35": 0.07506104809947627,
            "0.4": 0.045895247340500524,
            "0.45": 0.02526762620699117,
            "0.5": 0.009777756211180124
        }
    },
    "ice": {
        "iou": 0.15960271805124557,
        "coverage": 0.39519080375988946,
        "precision": 0.2111872562982078,
        "recall": 0.39519080375988946,
        "segment_indices": [
            13
        ],
        "num_segments_used": 1,
        "iou_curve": {
            "0.05": 0.23504161834716797,
            "0.1": 0.22750005253314842,
            "0.15": 0.24294518925850406,
            "0.2": 0.279897125225381,
            "0.25": 0.2680159905115001,
            "0.3": 0.2332293075611372,
            "0.35": 0.17595155251369865,
            "0.4": 0.11512732737747348,
            "0.45": 0.07091586259712955,
            "0.5": 0.02791900538303864
        }
    }
}