{
    "rainbow": {
        "iou": 0.5175586111385894,
        "coverage": 0.5456593383671937,
        "precision": 0.9095017904947328,
        "recall": 0.5456593383671937,
        "segment_indices": [
            5,
            1,
            7,
            4,
            6
        ],
        "num_segments_used": 5,
        "iou_curve": {
            "0.05": 0.02743053436279297,
            "0.1": 0.02843857276193188,
            "0.15": 0.06119539805454237,
            "0.2": 0.33353995065024855,
            "0.25": 0.45237898767184326,
            "0.3": 0.4872269059922038,
            "0.35": 0.5111930880497039,
            "0.4": 0.5323697868205033,
            "0.45": 0.5523008849557522,
            "0.5": 0.5397509810571193
        }
    },
    "gradient": {
        "iou": 0.236382021106696,
        "coverage": 0.9981173749336951,
        "precision": 0.23648746095713732,
        "recall": 0.9981173749336951,
        "segment_indices": [
            0
        ],
        "num_segments_used": 1,
        "iou_curve": {
            "0.05": 0.9257722048226322,
            "0.1": 0.9186101435012693,
            "0.15": 0.8643911757711629,
            "0.2": 0.7398009068576527,
            "0.25": 0.5902885883159931,
            "0.3": 0.444234336467463,
            "0.35": 0.2829735075268441,
            "0.4": 0.1313994826037882,
            "0.45": 0.04229858063984509,
            "0.5": 0.008672711502287931
        }
    },
    "hair": {
        "iou": 0.8459087534513865,
        "coverage": 0.9753555889547323,
        "precision": 0.864383802762535,
        "recall": 0.9753555889547323,
        "segment_indices": [
            0,
            2
        ],
        "num_segments_used": 2,
        "iou_curve": {
            "0.05": 0.9264971790206109,
            "0.1": 0.9287424823404908,
            "0.15": 0.9542227094654863,
            "0.2": 0.9658187828622518,
            "0.25": 0.9684233734076759,
            "0.3": 0.9699632102575282,
            "0.35": 0.9698109160953327,
            "0.4": 0.9412096798497193,
            "0.45": 0.8701035494767152,
            "0.5": 0.7172959666194637
        }
    },
    "colors": {
        "iou": 0.21800721331421372,
        "coverage": 0.30992092908327157,
        "precision": 0.42366154365816583,
        "recall": 0.30992092908327157,
        "segment_indices": [
            5,
            6
        ],
        "num_segments_used": 2,
        "iou_curve": {
            "0.05": 0.011293411254882812,
            "0.1": 0.09656440099573023,
            "0.15": 0.1860336691321664,
            "0.2": 0.235798398492699,
            "0.25": 0.18042865200225605,
            "0.3": 0.08059462216716462,
            "0.35": 0.021360314783586284,
            "0.4": 0.005966686003149084,
            "0.45": 0.0,
            "0.5": 0.0
        }
    }
}