{
    "rainbow": {
        "iou": 0.1704471012119227,
        "coverage": 0.173668182387051,
        "precision": 0.9018630849220104,
        "recall": 0.173668182387051,
        "segment_index": 5
    },
    "gradient": {
        "iou": 0.236382021106696,
        "coverage": 0.9981173749336951,
        "precision": 0.23648746095713732,
        "recall": 0.9981173749336951,
        "segment_index": 0
    },
    "hair": {
        "iou": 0.8452324706370642,
        "coverage": 0.9745228034556533,
        "precision": 0.8643317180507825,
        "recall": 0.9745228034556533,
        "segment_index": 0
    },
    "colors": {
        "iou": 0.17527393776873643,
        "coverage": 0.23418581665431185,
        "precision": 0.4106369150779896,
        "recall": 0.23418581665431185,
        "segment_index": 5
    }
}