{
    "glass": {
        "iou": 0.39191487964270466,
        "coverage": 0.45035736658188485,
        "precision": 0.7512495436175705,
        "recall": 0.45035736658188485,
        "segment_index": 33
    },
    "bottles": {
        "iou": 0.1520711679946404,
        "coverage": 0.15951919504700623,
        "precision": 0.7650931306286537,
        "recall": 0.15951919504700623,
        "segment_index": 3
    },
    "translucent": {
        "iou": 0.6303170218041988,
        "coverage": 0.8309414294330797,
        "precision": 0.7230401878182554,
        "recall": 0.8309414294330797,
        "segment_index": 1
    },
    "overlapping": {
        "iou": 0.6187061976283689,
        "coverage": 0.6786830738634598,
        "precision": 0.8750175278342007,
        "recall": 0.6786830738634598,
        "segment_index": 1
    }
}