{
    "glass": {
        "iou": 0.3974115738167788,
        "coverage": 0.46953515928662537,
        "precision": 0.7212316538755825,
        "recall": 0.46953515928662537,
        "segment_indices": [
            33,
            44,
            34,
            7
        ],
        "num_segments_used": 4,
        "iou_curve": {
            "0.05": 0.08226203918457031,
            "0.1": 0.0951149102088254,
            "0.15": 0.14225969768471702,
            "0.2": 0.2549004311599312,
            "0.25": 0.3568795769817916,
            "0.3": 0.40835324911801524,
            "0.35": 0.3954434093952084,
            "0.4": 0.35959599363159267,
            "0.45": 0.30828040233990384,
            "0.5": 0.20407709826140089
        }
    },
    "bottles": {
        "iou": 0.8221931423866377,
        "coverage": 0.9210383278704726,
        "precision": 0.8845423771710589,
        "recall": 0.9210383278704726,
        "segment_indices": [
            3,
            13,
            2,
            6,
            4,
            37,
            11,
            9,
            25,
            16,
            14,
            42,
            40,
            27,
            10,
            23,
            22,
            20,
            46,
            0,
            8,
            30,
            31,
            21,
            5,
            18,
            15,
            17,
            32,
            24
        ],
        "num_segments_used": 30,
        "iou_curve": {
            "0.05": 0.5426365313195627,
            "0.1": 0.5887228626420249,
            "0.15": 0.6784863995302817,
            "0.2": 0.792001978338866,
            "0.25": 0.8274402108865017,
            "0.3": 0.8443774689632286,
            "0.35": 0.8497272230039596,
            "0.4": 0.8438195822112329,
            "0.45": 0.8287091705784189,
            "0.5": 0.7981124557090113
        }
    },
    "translucent": {
        "iou": 0.6303170218041988,
        "coverage": 0.8309414294330797,
        "precision": 0.7230401878182554,
        "recall": 0.8309414294330797,
        "segment_indices": [
            1
        ],
        "num_segments_used": 1,
        "iou_curve": {
            "0.05": 0.23803997039794922,
            "0.1": 0.44775723917639904,
            "0.15": 0.6008399465761903,
            "0.2": 0.6908043934598044,
            "0.25": 0.6742630515711883,
            "0.3": 0.5067077306641735,
            "0.35": 0.17943137511247145,
            "0.4": 0.034380006534326865,
            "0.45": 0.007894757817045663,
            "0.5": 0.000753006016037426
        }
    },
    "overlapping": {
        "iou": 0.6744942456623916,
        "coverage": 0.8151611199154781,
        "precision": 0.7962791516538621,
        "recall": 0.8151611199154781,
        "segment_indices": [
            1,
            33,
            28,
            7,
            36
        ],
        "num_segments_used": 5,
        "iou_curve": {
            "0.05": 0.3141794204711914,
            "0.1": 0.3389146973397584,
            "0.15": 0.49169067206991673,
            "0.2": 0.6892847493731258,
            "0.25": 0.7112788786017132,
            "0.3": 0.7011130010446127,
            "0.35": 0.6576274001899907,
            "0.4": 0.5240583001068425,
            "0.45": 0.36455619509239623,
            "0.5": 0.16494337764647957
        }
    }
}