{
    "nudity": {
        "iou": 0.16391301982263007,
        "coverage": 0.2322020399249801,
        "precision": 0.3578838995802645,
        "recall": 0.2322020399249801,
        "segment_index": 24
    },
    "violence": {
        "iou": 0.09214853761288265,
        "coverage": 0.09542984724389716,
        "precision": 0.7282566175511801,
        "recall": 0.09542984724389716,
        "segment_index": 46
    },
    "blood": {
        "iou": 0.19628699736256425,
        "coverage": 0.2143756136169992,
        "precision": 0.699363650473382,
        "recall": 0.2143756136169992,
        "segment_index": 6
    },
    "weapon": {
        "iou": 0.19827125202967458,
        "coverage": 0.2548585854798595,
        "precision": 0.4717312852780605,
        "recall": 0.2548585854798595,
        "segment_index": 1
    },
    "nsfw": {
        "iou": 0.02774032589557836,
        "coverage": 0.03178072803360315,
        "precision": 0.17911539643290855,
        "recall": 0.03178072803360315,
        "segment_index": 3
    }
}