{
    "nudity": {
        "iou": 0.21442653368897135,
        "coverage": 0.6650566503095856,
        "precision": 0.24038631192830942,
        "recall": 0.6650566503095856,
        "segment_indices": [
            24,
            6,
            14
        ],
        "num_segments_used": 3,
        "iou_curve": {
            "0.05": 0.10269641876220703,
            "0.1": 0.14766752810401013,
            "0.15": 0.21701302233553213,
            "0.2": 0.26554465021557155,
            "0.25": 0.18565346627947815,
            "0.3": 0.09853816018572258,
            "0.35": 0.04572009613606951,
            "0.4": 0.011412917305102846,
            "0.45": 0.0006964758322886195,
            "0.5": 0.0
        }
    },
    "violence": {
        "iou": 0.40710699818027196,
        "coverage": 0.5071365919783112,
        "precision": 0.6736268724466636,
        "recall": 0.5071365919783112,
        "segment_indices": [
            46,
            95,
            20,
            92,
            99,
            79,
            43,
            94,
            40,
            44,
            52,
            67,
            62,
            42,
            68,
            10,
            37,
            55,
            64,
            48,
            45,
            41,
            88,
            47,
            76,
            58,
            31,
            59,
            98,
            38,
            27,
            90,
            57,
            19,
            82
        ],
        "num_segments_used": 35,
        "iou_curve": {
            "0.05": 0.12605667114257812,
            "0.1": 0.1425348748307283,
            "0.15": 0.1807707301778448,
            "0.2": 0.2840493947130789,
            "0.25": 0.3787675478329576,
            "0.3": 0.40710699818027196,
            "0.35": 0.3551386527525356,
            "0.4": 0.22600779173097452,
            "0.45": 0.10516840501752928,
            "0.5": 0.029898438320406846
        }
    },
    "blood": {
        "iou": 0.513310081819008,
        "coverage": 0.7084740777904166,
        "precision": 0.6507637606022685,
        "recall": 0.7084740777904166,
        "segment_indices": [
            6,
            2,
            49,
            17,
            13,
            1,
            84,
            53,
            75,
            88,
            56,
            72,
            25,
            12,
            3
        ],
        "num_segments_used": 15,
        "iou_curve": {
            "0.05": 0.24005573309910935,
            "0.1": 0.24861501932404845,
            "0.15": 0.30526449829003854,
            "0.2": 0.3869404167474257,
            "0.25": 0.4659055997242475,
            "0.3": 0.5428008685285332,
            "0.35": 0.5948773664339843,
            "0.4": 0.5608554365274168,
            "0.45": 0.4812535368423072,
            "0.5": 0.356157895449071
        }
    },
    "weapon": {
        "iou": 0.38170533601723344,
        "coverage": 0.540349693174859,
        "precision": 0.5652372859197281,
        "recall": 0.540349693174859,
        "segment_indices": [
            1,
            15,
            21,
            23,
            22,
            65,
            93,
            77,
            51,
            69,
            18
        ],
        "num_segments_used": 11,
        "iou_curve": {
            "0.05": 0.07294654846191406,
            "0.1": 0.08214909685464636,
            "0.15": 0.10879323809356045,
            "0.2": 0.13789481257644434,
            "0.25": 0.2103100980652001,
            "0.3": 0.2911463464300849,
            "0.35": 0.38170533601723344,
            "0.4": 0.3689475352844071,
            "0.45": 0.3064619778650482,
            "0.5": 0.15356652694832895
        }
    },
    "nsfw": {
        "iou": 0.14990480920453605,
        "coverage": 0.2303700396155783,
        "precision": 0.3002950870709901,
        "recall": 0.2303700396155783,
        "segment_indices": [
            3,
            34,
            39,
            5,
            23,
            24,
            0,
            26,
            85,
            20,
            30,
            63,
            79,
            73,
            64,
            71,
            50,
            16,
            4,
            91,
            89,
            7,
            96,
            70,
            60,
            32,
            99,
            66,
            51,
            83,
            61,
            38,
            81,
            78,
            54,
            62,
            90,
            59,
            97,
            41,
            94,
            45,
            49,
            42,
            58,
            44,
            43,
            93,
            55,
            2,
            87,
            33,
            52,
            76,
            36,
            9
        ],
        "num_segments_used": 56,
        "iou_curve": {
            "0.05": 0.2818164825439453,
            "0.1": 0.2792662620393372,
            "0.15": 0.27494770746776664,
            "0.2": 0.24299455969777536,
            "0.25": 0.19227451441954568,
            "0.3": 0.1459989041622939,
            "0.35": 0.09719600012916699,
            "0.4": 0.044934886751455974,
            "0.45": 0.014942949186913608,
            "0.5": 0.0006796609770294777
        }
    }
}