{
    "square": {
        "iou": 0.5053605343013925,
        "coverage": 0.9809924415978756,
        "precision": 0.5103578500967487,
        "recall": 0.9809924415978756,
        "segment_indices": [
            2
        ],
        "num_segments_used": 1,
        "iou_curve": {
            "0.05": 0.6737087657157353,
            "0.1": 0.765120756937739,
            "0.15": 0.7840830914725249,
            "0.2": 0.7714886958398532,
            "0.25": 0.738471681347076,
            "0.3": 0.6674237215149431,
            "0.35": 0.5475444710360947,
            "0.4": 0.3873772708235539,
            "0.45": 0.24594815041254556,
            "0.5": 0.12375556923354923
        }
    },
    "circle": {
        "iou": 0.46526045689156736,
        "coverage": 0.5987009672146283,
        "precision": 0.6761092882769617,
        "recall": 0.5987009672146283,
        "segment_indices": [
            4,
            0
        ],
        "num_segments_used": 2,
        "iou_curve": {
            "0.05": 0.1555013656616211,
            "0.1": 0.1555440871210965,
            "0.15": 0.1596986142248366,
            "0.2": 0.20271718407719663,
            "0.25": 0.333789963873285,
            "0.3": 0.4651368049426302,
            "0.35": 0.5296882087432425,
            "0.4": 0.5141547057432473,
            "0.45": 0.47553424119144877,
            "0.5": 0.43712447654306
        }
    },
    "pedestal": {
        "iou": 0.4645000984058256,
        "coverage": 0.47590121539942837,
        "precision": 0.9509539254991236,
        "recall": 0.47590121539942837,
        "segment_indices": [
            3,
            1
        ],
        "num_segments_used": 2,
        "iou_curve": {
            "0.05": 0.094677050490485,
            "0.1": 0.16654280331562338,
            "0.15": 0.25292352218819586,
            "0.2": 0.3117412466635265,
            "0.25": 0.35373119436704037,
            "0.3": 0.38990416540602985,
            "0.35": 0.42828344135434504,
            "0.4": 0.4587174377428281,
            "0.45": 0.4728862547867734,
            "0.5": 0.4665883162300063
        }
    },
    "impossible": {
        "iou": 0.29644184279512253,
        "coverage": 0.9671216498953871,
        "precision": 0.2994597569523283,
        "recall": 0.9671216498953871,
        "segment_indices": [
            2,
            0
        ],
        "num_segments_used": 2,
        "iou_curve": {
            "0.05": 0.7728347778320312,
            "0.1": 0.7924885807833785,
            "0.15": 0.7784846577585679,
            "0.2": 0.5577738557756088,
            "0.25": 0.3694702484344635,
            "0.3": 0.21778158329873148,
            "0.35": 0.08658651064737889,
            "0.4": 0.023803706418486188,
            "0.45": 0.005339496727445038,
            "0.5": 0.0006848672714887904
        }
    }
}