{
    "square": {
        "iou": 0.5053605343013925,
        "coverage": 0.9809924415978756,
        "precision": 0.5103578500967487,
        "recall": 0.9809924415978756,
        "segment_index": 2
    },
    "circle": {
        "iou": 0.30600380068927757,
        "coverage": 0.30956841916616434,
        "precision": 0.9637350375329682,
        "recall": 0.30956841916616434,
        "segment_index": 4
    },
    "pedestal": {
        "iou": 0.24611427320490367,
        "coverage": 0.249366086776797,
        "precision": 0.9496813085547535,
        "recall": 0.249366086776797,
        "segment_index": 3
    },
    "impossible": {
        "iou": 0.2506877911518575,
        "coverage": 0.7647703497060875,
        "precision": 0.2716325840199641,
        "recall": 0.7647703497060875,
        "segment_index": 2
    }
}