{
    "bird": {
        "iou": 0.6282859242810452,
        "coverage": 0.6321810142715529,
        "precision": 0.9902886298094699,
        "recall": 0.6321810142715529,
        "segment_indices": [
            3,
            27,
            10
        ],
        "num_segments_used": 3,
        "iou_curve": {
            "0.05": 0.03869897574720472,
            "0.1": 0.09366414716244108,
            "0.15": 0.15708571937446036,
            "0.2": 0.24529762084706308,
            "0.25": 0.4416275702918349,
            "0.3": 0.502265524413192,
            "0.35": 0.5457125563252404,
            "0.4": 0.5825734840108556,
            "0.45": 0.6123592103669614,
            "0.5": 0.6376127777600663
        }
    },
    "stack": {
        "iou": 0.5513238893421345,
        "coverage": 0.6847996315062184,
        "precision": 0.7388063410028326,
        "recall": 0.6847996315062184,
        "segment_indices": [
            28,
            20
        ],
        "num_segments_used": 2,
        "iou_curve": {
            "0.05": 0.038383919306598305,
            "0.1": 0.14016682281543216,
            "0.15": 0.2882968388012854,
            "0.2": 0.432417173197511,
            "0.25": 0.5286655948553055,
            "0.3": 0.5378570586617422,
            "0.35": 0.42728364023464926,
            "0.4": 0.16316280404678193,
            "0.45": 0.04315036731506114,
            "0.5": 0.0027169214809692
        }
    },
    "of": {
        "iou": 0.1616778424910178,
        "coverage": 0.9996326530612245,
        "precision": 0.16168744893832987,
        "recall": 0.9996326530612245,
        "segment_indices": [
            0
        ],
        "num_segments_used": 1,
        "iou_curve": {
            "0.05": 0.5778169631958008,
            "0.1": 0.6782189219612826,
            "0.15": 0.6963918878272611,
            "0.2": 0.36203185819707523,
            "0.25": 0.14203355422233593,
            "0.3": 0.047122803832410444,
            "0.35": 0.009739472012015481,
            "0.4": 0.0010678594122647037,
            "0.45": 0.00014194112744167622,
            "0.5": 0.0
        }
    },
    "books": {
        "iou": 0.7138644387400469,
        "coverage": 0.7417674358735993,
        "precision": 0.9499429921562702,
        "recall": 0.7417674358735993,
        "segment_indices": [
            8,
            6,
            2,
            4,
            12,
            13,
            26,
            16,
            29,
            5,
            23,
            25,
            24,
            30,
            17
        ],
        "num_segments_used": 15,
        "iou_curve": {
            "0.05": 0.20828302480615718,
            "0.1": 0.2525396913511713,
            "0.15": 0.3662492260035944,
            "0.2": 0.49188933020400794,
            "0.25": 0.5793124591780968,
            "0.3": 0.6361043843058232,
            "0.35": 0.673372881729712,
            "0.4": 0.7004326792267518,
            "0.45": 0.7131379411905724,
            "0.5": 0.7142721545687206
        }
    },
    "candle": {
        "iou": 0.2915152581643277,
        "coverage": 0.8861355906515644,
        "precision": 0.3028599025573367,
        "recall": 0.8861355906515644,
        "segment_indices": [
            0,
            1,
            7,
            14,
            9
        ],
        "num_segments_used": 5,
        "iou_curve": {
            "0.05": 0.6259948518058259,
            "0.1": 0.7979335570142949,
            "0.15": 0.779692121593743,
            "0.2": 0.7023145926390786,
            "0.25": 0.6269606947838005,
            "0.3": 0.5506525397410064,
            "0.35": 0.4664702990328096,
            "0.4": 0.38408633236093825,
            "0.45": 0.3161174627805185,
            "0.5": 0.2467785003724192
        }
    },
    "on": {
        "iou": 0.09782176453408267,
        "coverage": 0.9973755047106325,
        "precision": 0.0978469511540969,
        "recall": 0.9973755047106325,
        "segment_indices": [
            0
        ],
        "num_segments_used": 1,
        "iou_curve": {
            "0.05": 0.5778169631958008,
            "0.1": 0.5844486914219829,
            "0.15": 0.14037357576916293,
            "0.2": 0.008924135768338877,
            "0.25": 0.0014524208389380823,
            "0.3": 0.00015019351857200624,
            "0.35": 0.0,
            "0.4": 0.0,
            "0.45": 0.0,
            "0.5": 0.0
        }
    },
    "top": {
        "iou": 0.20045970606672703,
        "coverage": 0.7927937854663655,
        "precision": 0.21154298482888392,
        "recall": 0.7927937854663655,
        "segment_indices": [
            8,
            15,
            13,
            22
        ],
        "num_segments_used": 4,
        "iou_curve": {
            "0.05": 0.06487274169921875,
            "0.1": 0.19888583488760184,
            "0.15": 0.22085444356345163,
            "0.2": 0.024623019660240504,
            "0.25": 0.003439962366223686,
            "0.3": 0.0002499117958367635,
            "0.35": 0.0,
            "0.4": 0.0,
            "0.45": 0.0,
            "0.5": 0.0
        }
    },
    "next": {
        "iou": 0.12323561346362649,
        "coverage": 0.9743122845808675,
        "precision": 0.12363732391460426,
        "recall": 0.9743122845808675,
        "segment_indices": [
            0
        ],
        "num_segments_used": 1,
        "iou_curve": {
            "0.05": 0.5777568817138672,
            "0.1": 0.7603623956171612,
            "0.15": 0.6132518699666234,
            "0.2": 0.4301313640953364,
            "0.25": 0.3055834404604967,
            "0.3": 0.20973731735347234,
            "0.35": 0.13258661666625549,
            "0.4": 0.07634801055415924,
            "0.45": 0.04254119880742246,
            "0.5": 0.01937889263941771
        }
    },
    "to": {
        "iou": 0.18136951990178873,
        "coverage": 0.6280635681474507,
        "precision": 0.2031937970185074,
        "recall": 0.6280635681474507,
        "segment_indices": [
            8,
            12,
            15,
            13,
            4
        ],
        "num_segments_used": 5,
        "iou_curve": {
            "0.05": 0.1033163070678711,
            "0.1": 0.23842529672918367,
            "0.15": 0.196610790072751,
            "0.2": 0.03063419277483365,
            "0.25": 0.002076891124751927,
            "0.3": 0.00019384317164351317,
            "0.35": 0.0,
            "0.4": 0.0,
            "0.45": 0.0,
            "0.5": 0.0
        }
    }
}