{
    "bird": {
        "iou": 0.6281451827294479,
        "coverage": 0.6320394001856718,
        "precision": 0.9902864750258863,
        "recall": 0.6320394001856718,
        "segment_index": 3
    },
    "stack": {
        "iou": 0.49786145773623175,
        "coverage": 0.5200829111008751,
        "precision": 0.9209624796084829,
        "recall": 0.5200829111008751,
        "segment_index": 28
    },
    "of": {
        "iou": 0.1616778424910178,
        "coverage": 0.9996326530612245,
        "precision": 0.16168744893832987,
        "recall": 0.9996326530612245,
        "segment_index": 0
    },
    "books": {
        "iou": 0.20730696584130417,
        "coverage": 0.20837951673686544,
        "precision": 0.9757731009426223,
        "recall": 0.20837951673686544,
        "segment_index": 8
    },
    "candle": {
        "iou": 0.21997281510598435,
        "coverage": 0.6672862702095508,
        "precision": 0.2470716390074024,
        "recall": 0.6672862702095508,
        "segment_index": 0
    },
    "on": {
        "iou": 0.09782176453408267,
        "coverage": 0.9973755047106325,
        "precision": 0.0978469511540969,
        "recall": 0.9973755047106325,
        "segment_index": 0
    },
    "top": {
        "iou": 0.18533964475426554,
        "coverage": 0.6708721282573963,
        "precision": 0.20387764327690994,
        "recall": 0.6708721282573963,
        "segment_index": 8
    },
    "next": {
        "iou": 0.12323561346362649,
        "coverage": 0.9743122845808675,
        "precision": 0.12363732391460426,
        "recall": 0.9743122845808675,
        "segment_index": 0
    },
    "to": {
        "iou": 0.13814967816312806,
        "coverage": 0.3282261976090616,
        "precision": 0.19260970750246956,
        "recall": 0.3282261976090616,
        "segment_index": 8
    }
}