{
    "num_segments": 31,
    "image_size": [
        1024,
        1024
    ],
    "overall_coverage_percent": 89.63756561279297,
    "concept_collisions": {
        "bird_vs_stack": 0.0,
        "bird_vs_of": 0.0,
        "bird_vs_books": 1.930822491765042e-05,
        "bird_vs_candle": 0.0,
        "bird_vs_on": 0.0,
        "bird_vs_top": 0.0,
        "bird_vs_next": 0.0,
        "bird_vs_to": 0.0,
        "stack_vs_of": 0.0,
        "stack_vs_books": 0.06417462146148782,
        "stack_vs_candle": 0.0,
        "stack_vs_on": 0.0,
        "stack_vs_top": 0.0,
        "stack_vs_next": 0.0,
        "stack_vs_to": 0.0,
        "of_vs_books": 8.978381513269805e-05,
        "of_vs_candle": 0.9230620397144363,
        "of_vs_on": 1.0,
        "of_vs_top": 0.0,
        "of_vs_next": 1.0,
        "of_vs_to": 0.0,
        "books_vs_candle": 8.460014427754335e-05,
        "books_vs_on": 8.978381513269805e-05,
        "books_vs_top": 0.3114780370985984,
        "books_vs_next": 8.978381513269805e-05,
        "books_vs_to": 0.4960598193148985,
        "candle_vs_on": 0.9230620397144363,
        "candle_vs_top": 0.0,
        "candle_vs_next": 0.9230620397144363,
        "candle_vs_to": 0.0,
        "on_vs_top": 0.0,
        "on_vs_next": 1.0,
        "on_vs_to": 0.0,
        "top_vs_next": 0.0,
        "top_vs_to": 0.624380583955052,
        "next_vs_to": 0.0
    }
}