{
    "statue": {
        "iou": 0.47901254460752485,
        "coverage": 0.9830636507169743,
        "precision": 0.48299848517912636,
        "recall": 0.9830636507169743,
        "segment_index": 0
    },
    "marble": {
        "iou": 0.4299884318339017,
        "coverage": 0.8923020994274289,
        "precision": 0.4535255823140283,
        "recall": 0.8923020994274289,
        "segment_index": 0
    },
    "sculpture": {
        "iou": 0.011233872692280277,
        "coverage": 0.6690566037735849,
        "precision": 0.011296645253163045,
        "recall": 0.6690566037735849,
        "segment_index": 0
    },
    "male": {
        "iou": 0.8359623278002591,
        "coverage": 0.9553245936719262,
        "precision": 0.8699725776965265,
        "recall": 0.9553245936719262,
        "segment_index": 1
    }
}