{
    "statue": {
        "iou": 0.4791806804293659,
        "coverage": 0.9838514632889067,
        "precision": 0.48297934985875146,
        "recall": 0.9838514632889067,
        "segment_indices": [
            0,
            4
        ],
        "num_segments_used": 2,
        "iou_curve": {
            "0.05": 0.5992374165626332,
            "0.1": 0.7286082031122945,
            "0.15": 0.8799165597823789,
            "0.2": 0.9263363576738085,
            "0.25": 0.8689289784814332,
            "0.3": 0.747203267154837,
            "0.35": 0.543528005437551,
            "0.4": 0.3201779311545737,
            "0.45": 0.1642431042335507,
            "0.5": 0.05818291052829835
        }
    },
    "marble": {
        "iou": 0.4299884318339017,
        "coverage": 0.8923020994274289,
        "precision": 0.4535255823140283,
        "recall": 0.8923020994274289,
        "segment_indices": [
            0
        ],
        "num_segments_used": 1,
        "iou_curve": {
            "0.05": 0.5987138748168945,
            "0.1": 0.5992017757902007,
            "0.15": 0.6224040727242989,
            "0.2": 0.6820624222326955,
            "0.25": 0.6744378222040989,
            "0.3": 0.60336510126928,
            "0.35": 0.46386237627028176,
            "0.4": 0.29889018583365756,
            "0.45": 0.17785248053033378,
            "0.5": 0.08246698377434086
        }
    },
    "sculpture": {
        "iou": 0.011233872692280277,
        "coverage": 0.6690566037735849,
        "precision": 0.011296645253163045,
        "recall": 0.6690566037735849,
        "segment_indices": [
            0
        ],
        "num_segments_used": 1,
        "iou_curve": {
            "0.05": 0.5987138748168945,
            "0.1": 0.7406588343131989,
            "0.15": 0.39350010512037004,
            "0.2": 0.08904554308505705,
            "0.25": 0.03446042132341005,
            "0.3": 0.016519648166071172,
            "0.35": 0.007070296498353492,
            "0.4": 0.0029628733825130004,
            "0.45": 0.001086075461542259,
            "0.5": 0.00042046451773197616
        }
    },
    "male": {
        "iou": 0.8363350358394835,
        "coverage": 0.9559119562759556,
        "precision": 0.8698892594460714,
        "recall": 0.9559119562759556,
        "segment_indices": [
            1,
            2
        ],
        "num_segments_used": 2,
        "iou_curve": {
            "0.05": 0.3800810332888871,
            "0.1": 0.4136695016334017,
            "0.15": 0.5585401206099465,
            "0.2": 0.7698405934649132,
            "0.25": 0.8608808414163436,
            "0.3": 0.8952769495596111,
            "0.35": 0.8989553896551239,
            "0.4": 0.8780108928205543,
            "0.45": 0.8411081809459987,
            "0.5": 0.7781183303934276
        }
    }
}