{
    "coarse": {
        "iou": 0.016321656050955414,
        "coverage": 0.09346504559270517,
        "precision": 0.01939145514740659,
        "recall": 0.09346504559270517,
        "segment_indices": [
            11
        ],
        "num_segments_used": 1,
        "iou_curve": {
            "0.05": 0.006049156188964844,
            "0.1": 0.0066885492208074914,
            "0.15": 0.007886933650028738,
            "0.2": 0.013508393012769505,
            "0.25": 0.018950718487800174,
            "0.3": 0.021942110177404293,
            "0.35": 0.016649048625792813,
            "0.4": 0.011524947294448348,
            "0.45": 0.006794853260083851,
            "0.5": 0.0020817843866171005
        }
    },
    "sandpaper": {
        "iou": 0.16357555308537533,
        "coverage": 0.17621687839905728,
        "precision": 0.6951407120044145,
        "recall": 0.17621687839905728,
        "segment_indices": [
            1,
            24,
            62,
            83,
            34,
            48,
            5,
            50,
            87,
            21,
            51,
            28,
            46,
            10,
            14,
            96,
            42,
            123,
            129,
            108,
            23,
            16,
            72,
            77,
            141,
            102,
            67,
            137,
            117,
            86,
            149,
            112,
            95,
            144,
            73,
            98,
            104,
            105,
            55,
            43,
            74,
            29,
            71,
            133,
            80,
            35,
            97,
            135,
            110,
            37,
            103,
            111,
            25,
            57,
            107,
            132,
            64,
            60,
            45,
            106,
            68,
            109,
            76,
            146,
            4,
            128
        ],
        "num_segments_used": 66,
        "iou_curve": {
            "0.05": 0.11406636689189512,
            "0.1": 0.11579219561705606,
            "0.15": 0.13090663270434555,
            "0.2": 0.16783547232891358,
            "0.25": 0.17812153306328854,
            "0.3": 0.18015842217774328,
            "0.35": 0.17471041254395805,
            "0.4": 0.164477448152914,
            "0.45": 0.14953803467403665,
            "0.5": 0.12431588589712163
        }
    },
    "gritty": {
        "iou": 0.12291010581133609,
        "coverage": 0.15155990400590733,
        "precision": 0.39401470613441203,
        "recall": 0.15155990400590733,
        "segment_indices": [
            34,
            51,
            24,
            129,
            72,
            141,
            96,
            123,
            50,
            95,
            48,
            66,
            102,
            23,
            132,
            112,
            113,
            111,
            47,
            106,
            10,
            11,
            58,
            67,
            110,
            43,
            97,
            94,
            14,
            75,
            45,
            149,
            49,
            142,
            146,
            92,
            52,
            121,
            57,
            30,
            136,
            127,
            68
        ],
        "num_segments_used": 43,
        "iou_curve": {
            "0.05": 0.055640220642089844,
            "0.1": 0.11006401688357369,
            "0.15": 0.06953009174706173,
            "0.2": 0.002854691264314709,
            "0.25": 0.00020554632500299755,
            "0.3": 0.0,
            "0.35": 0.0,
            "0.4": 0.0,
            "0.45": 0.0,
            "0.5": 0.0
        }
    },
    "grains": {
        "iou": 0.2951734378074742,
        "coverage": 0.30713773814953044,
        "precision": 0.8834152505166672,
        "recall": 0.30713773814953044,
        "segment_indices": [
            15,
            4,
            31,
            44,
            139,
            18,
            2,
            11,
            0,
            36,
            6,
            12,
            5,
            8,
            140,
            124,
            130,
            27,
            69,
            39,
            19,
            93,
            17,
            82,
            83,
            22,
            54,
            40,
            33,
            13,
            26,
            9,
            16,
            145,
            38,
            65,
            52,
            20,
            37,
            41,
            78,
            138,
            113,
            101,
            84,
            30,
            70,
            109,
            61,
            45,
            63,
            91,
            88,
            32,
            115,
            89,
            142,
            100,
            134,
            75,
            60,
            136,
            120,
            125,
            80,
            143,
            56,
            121,
            58,
            119,
            114,
            99,
            116,
            126,
            94,
            122,
            92,
            25,
            127,
            66,
            147,
            118,
            148,
            64,
            49,
            57,
            68,
            85,
            43,
            81,
            98,
            79,
            90,
            71,
            53,
            103,
            133,
            135,
            131,
            7,
            23,
            55,
            59
        ],
        "num_segments_used": 103,
        "iou_curve": {
            "0.05": 0.17814280304945104,
            "0.1": 0.1788523138062292,
            "0.15": 0.18462910114271916,
            "0.2": 0.20230568093012002,
            "0.25": 0.2200193903399765,
            "0.3": 0.23860018291069085,
            "0.35": 0.2590979412459819,
            "0.4": 0.2815069628916728,
            "0.45": 0.2951734378074742,
            "0.5": 0.30418671895114174
        }
    }
}