{
    "coarse": {
        "iou": 0.016321656050955414,
        "coverage": 0.09346504559270517,
        "precision": 0.01939145514740659,
        "recall": 0.09346504559270517,
        "segment_index": 11
    },
    "sandpaper": {
        "iou": 0.014243619078175264,
        "coverage": 0.014302003721742522,
        "precision": 0.7772402672195347,
        "recall": 0.014302003721742522,
        "segment_index": 1
    },
    "gritty": {
        "iou": 0.0177738411573664,
        "coverage": 0.017860439357577994,
        "precision": 0.7856728538283063,
        "recall": 0.017860439357577994,
        "segment_index": 34
    },
    "grains": {
        "iou": 0.0198765857245237,
        "coverage": 0.0198765857245237,
        "precision": 1.0,
        "recall": 0.0198765857245237,
        "segment_index": 15
    }
}