{
    "polished": {
        "iou": 0.18387197782796688,
        "coverage": 0.20028301886792452,
        "precision": 0.6917389342824202,
        "recall": 0.20028301886792452,
        "segment_indices": [
            0,
            7,
            14
        ],
        "num_segments_used": 3,
        "iou_curve": {
            "0.05": 0.07609939575195312,
            "0.1": 0.07967155303416064,
            "0.15": 0.09692608051211286,
            "0.2": 0.13679570622813989,
            "0.25": 0.16678753037111366,
            "0.3": 0.17631688485423017,
            "0.35": 0.18379410085326656,
            "0.4": 0.1873297212194267,
            "0.45": 0.17486009218746001,
            "0.5": 0.14021279156982397
        }
    },
    "chrome": {
        "iou": 0.2314225175656873,
        "coverage": 0.36853767296464857,
        "precision": 0.38348353519698447,
        "recall": 0.36853767296464857,
        "segment_indices": [
            8,
            6,
            1,
            23,
            19,
            25,
            17,
            10,
            24,
            22,
            14,
            4
        ],
        "num_segments_used": 12,
        "iou_curve": {
            "0.05": 0.09968547281123219,
            "0.1": 0.10215451116417805,
            "0.15": 0.12060505287334322,
            "0.2": 0.17930408950899107,
            "0.25": 0.23123191637197052,
            "0.3": 0.23835667077965222,
            "0.35": 0.20219006382588245,
            "0.4": 0.11035585437848475,
            "0.45": 0.04894000699783785,
            "0.5": 0.009368938438070845
        }
    },
    "reflective": {
        "iou": 0.677225543559085,
        "coverage": 0.9171351080398862,
        "precision": 0.7213648556362074,
        "recall": 0.9171351080398862,
        "segment_indices": [
            9,
            2,
            8,
            22,
            19
        ],
        "num_segments_used": 5,
        "iou_curve": {
            "0.05": 0.2709200202564868,
            "0.1": 0.33705301165583723,
            "0.15": 0.4573615953779014,
            "0.2": 0.571908713692946,
            "0.25": 0.6437264327104943,
            "0.3": 0.6902633427816944,
            "0.35": 0.7163990330912121,
            "0.4": 0.7095042266392506,
            "0.45": 0.6688048469854317,
            "0.5": 0.5943127019296067
        }
    },
    "metal": {
        "iou": 0.2896765609407713,
        "coverage": 0.31378540493567236,
        "precision": 0.7903672132897933,
        "recall": 0.31378540493567236,
        "segment_indices": [
            15,
            27,
            3,
            12,
            11,
            18,
            21,
            10,
            29
        ],
        "num_segments_used": 9,
        "iou_curve": {
            "0.05": 0.1071801200533316,
            "0.1": 0.13062775942223911,
            "0.15": 0.1575466568731108,
            "0.2": 0.19531548374659455,
            "0.25": 0.23369977719560267,
            "0.3": 0.2601884312007011,
            "0.35": 0.27884106531884006,
            "0.4": 0.2887311168029321,
            "0.45": 0.2891380015030258,
            "0.5": 0.2778157799106475
        }
    }
}