{
    "polished": {
        "iou": 0.1706938067441619,
        "coverage": 0.18493831640058056,
        "precision": 0.6890682457278823,
        "recall": 0.18493831640058056,
        "segment_index": 0
    },
    "chrome": {
        "iou": 0.1537152255399444,
        "coverage": 0.22169815657610445,
        "precision": 0.33390107455411544,
        "recall": 0.22169815657610445,
        "segment_index": 8
    },
    "reflective": {
        "iou": 0.5195743546634408,
        "coverage": 0.5670796111638232,
        "precision": 0.8611547218540796,
        "recall": 0.5670796111638232,
        "segment_index": 9
    },
    "metal": {
        "iou": 0.12461330979012715,
        "coverage": 0.1266452829922072,
        "precision": 0.8859317468554625,
        "recall": 0.1266452829922072,
        "segment_index": 15
    }
}