{
    "kitten": {
        "iou": 0.32013035367454573,
        "coverage": 0.332740206424123,
        "precision": 0.8941505671462573,
        "recall": 0.332740206424123,
        "segment_index": 5
    },
    "between": {
        "iou": 0.04264290134316949,
        "coverage": 0.10450956777733172,
        "precision": 0.06719499837485421,
        "recall": 0.10450956777733172,
        "segment_index": 1
    },
    "dogs": {
        "iou": 0.42401622838777514,
        "coverage": 0.4907371973947052,
        "precision": 0.7572030433024023,
        "recall": 0.4907371973947052,
        "segment_index": 0
    },
    "middle": {
        "iou": 0.6260561075084268,
        "coverage": 0.8935877361349631,
        "precision": 0.6764908322658356,
        "recall": 0.8935877361349631,
        "segment_index": 1
    }
}