{
    "kitten": {
        "iou": 0.3476101242176554,
        "coverage": 0.7097335317515729,
        "precision": 0.4052181281434507,
        "recall": 0.7097335317515729,
        "segment_indices": [
            5,
            4,
            3,
            14,
            8,
            13,
            2
        ],
        "num_segments_used": 7,
        "iou_curve": {
            "0.05": 0.4188369086633179,
            "0.1": 0.472709610279957,
            "0.15": 0.4992653752071642,
            "0.2": 0.4994701419842371,
            "0.25": 0.49385276796043936,
            "0.3": 0.47657572717818525,
            "0.35": 0.4445193519542059,
            "0.4": 0.40288385932141446,
            "0.45": 0.3642023421002112,
            "0.5": 0.32665594707216905
        }
    },
    "between": {
        "iou": 0.04264290134316949,
        "coverage": 0.10450956777733172,
        "precision": 0.06719499837485421,
        "recall": 0.10450956777733172,
        "segment_indices": [
            1
        ],
        "num_segments_used": 1,
        "iou_curve": {
            "0.05": 0.099788795677466,
            "0.1": 0.2954706399698461,
            "0.15": 0.41743141139292633,
            "0.2": 0.30740862662029417,
            "0.25": 0.18796431290398022,
            "0.3": 0.11953398464030092,
            "0.35": 0.07608629393803372,
            "0.4": 0.045626396802856815,
            "0.45": 0.030539319699553497,
            "0.5": 0.018847070721664378
        }
    },
    "dogs": {
        "iou": 0.6425218790632302,
        "coverage": 0.8991959864377722,
        "precision": 0.6923948468007615,
        "recall": 0.8991959864377722,
        "segment_indices": [
            0,
            4,
            6,
            7
        ],
        "num_segments_used": 4,
        "iou_curve": {
            "0.05": 0.6473582004707893,
            "0.1": 0.6536542071032606,
            "0.15": 0.6702240847257949,
            "0.2": 0.7233056846232031,
            "0.25": 0.7500922742195544,
            "0.3": 0.7538581135916762,
            "0.35": 0.7413313854521976,
            "0.4": 0.7114724988768658,
            "0.45": 0.6708296272995488,
            "0.5": 0.6096701187043067
        }
    },
    "middle": {
        "iou": 0.6260561075084268,
        "coverage": 0.8935877361349631,
        "precision": 0.6764908322658356,
        "recall": 0.8935877361349631,
        "segment_indices": [
            1
        ],
        "num_segments_used": 1,
        "iou_curve": {
            "0.05": 0.099764051523365,
            "0.1": 0.198913934035783,
            "0.15": 0.3859255820624012,
            "0.2": 0.5969778106053611,
            "0.25": 0.6494964678649814,
            "0.3": 0.6773448077312128,
            "0.35": 0.6745413862746905,
            "0.4": 0.6260561075084268,
            "0.45": 0.5436734992813396,
            "0.5": 0.3884930480782735
        }
    }
}