{
    "horse": {
        "iou": 0.08912503671267989,
        "coverage": 0.08941835590541539,
        "precision": 0.964500949393214,
        "recall": 0.08941835590541539,
        "segment_index": 7
    },
    "astronaut": {
        "iou": 0.14251716604244694,
        "coverage": 0.16876097200406542,
        "precision": 0.47820395339704147,
        "recall": 0.16876097200406542,
        "segment_index": 20
    },
    "riding": {
        "iou": 0.0638324398454058,
        "coverage": 0.07412769653974229,
        "precision": 0.3148831488314883,
        "recall": 0.07412769653974229,
        "segment_index": 9
    },
    "space": {
        "iou": 0.14963116455979109,
        "coverage": 0.14969518549036007,
        "precision": 0.9971499494345868,
        "recall": 0.14969518549036007,
        "segment_index": 22
    }
}