{
    "horse": {
        "iou": 0.2662079011288936,
        "coverage": 0.271358649272323,
        "precision": 0.9334430329757125,
        "recall": 0.271358649272323,
        "segment_indices": [
            7,
            20,
            28,
            24,
            16,
            19,
            10,
            12,
            15,
            9,
            25,
            29,
            27,
            18
        ],
        "num_segments_used": 14,
        "iou_curve": {
            "0.05": 0.0724556815212021,
            "0.1": 0.105477352187303,
            "0.15": 0.15701756743069867,
            "0.2": 0.20972391510437827,
            "0.25": 0.2384899961772855,
            "0.3": 0.24742591662481164,
            "0.35": 0.25457629101117024,
            "0.4": 0.2616087515163696,
            "0.45": 0.26625278156964677,
            "0.5": 0.26648090334650254
        }
    },
    "astronaut": {
        "iou": 0.23409391791916517,
        "coverage": 0.2777418460685577,
        "precision": 0.598328025477707,
        "recall": 0.2777418460685577,
        "segment_indices": [
            20,
            13,
            8,
            27,
            18,
            26
        ],
        "num_segments_used": 6,
        "iou_curve": {
            "0.05": 0.0191650390625,
            "0.1": 0.026817550976833564,
            "0.15": 0.05335752981160035,
            "0.2": 0.11663737841249412,
            "0.25": 0.17826973186517608,
            "0.3": 0.21795812066875214,
            "0.35": 0.23408269452277872,
            "0.4": 0.2166443091528222,
            "0.45": 0.19191464747091716,
            "0.5": 0.1502651738361815
        }
    },
    "riding": {
        "iou": 0.06446791226645004,
        "coverage": 0.28724482409150137,
        "precision": 0.07674454587652793,
        "recall": 0.28724482409150137,
        "segment_indices": [
            9,
            7
        ],
        "num_segments_used": 2,
        "iou_curve": {
            "0.05": 0.024654388427734375,
            "0.1": 0.04970125180990084,
            "0.15": 0.10556981341471873,
            "0.2": 0.10329998440250451,
            "0.25": 0.07603686635944701,
            "0.3": 0.03656806412711924,
            "0.35": 0.010606909430438842,
            "0.4": 0.00743465930865333,
            "0.45": 0.003661732963305581,
            "0.5": 0.0006955984078525332
        }
    },
    "space": {
        "iou": 0.42053169486177117,
        "coverage": 0.4212154211160476,
        "precision": 0.9961549132570626,
        "recall": 0.4212154211160476,
        "segment_indices": [
            22,
            23,
            1,
            4,
            0,
            3,
            2,
            11,
            14,
            6,
            21,
            17,
            5,
            31
        ],
        "num_segments_used": 14,
        "iou_curve": {
            "0.05": 0.29307605254925895,
            "0.1": 0.3629160269896325,
            "0.15": 0.3857170195675548,
            "0.2": 0.3968869831070577,
            "0.25": 0.4032201384346279,
            "0.3": 0.40712042413666155,
            "0.35": 0.4108352810791809,
            "0.4": 0.4144947401069721,
            "0.45": 0.4181489965468905,
            "0.5": 0.42170291435574664
        }
    }
}