{
    "gallery": {
        "iou": 0.32165263927638227,
        "coverage": 0.3993783072607929,
        "precision": 0.6230326815075445,
        "recall": 0.3993783072607929,
        "segment_index": 3
    },
    "reflection": {
        "iou": 0.5432450880015601,
        "coverage": 0.5447674457365977,
        "precision": 0.9948822221139954,
        "recall": 0.5447674457365977,
        "segment_index": 4
    },
    "spatial": {
        "iou": 0.6415804232484013,
        "coverage": 0.6953189907735362,
        "precision": 0.8924888096875132,
        "recall": 0.6953189907735362,
        "segment_index": 1
    }
}