{
    "gallery": {
        "iou": 0.4734318571022882,
        "coverage": 0.9544834167076309,
        "precision": 0.48436722745181476,
        "recall": 0.9544834167076309,
        "segment_indices": [
            3,
            0,
            2,
            7
        ],
        "num_segments_used": 4,
        "iou_curve": {
            "0.05": 0.649935517349267,
            "0.1": 0.6610061785282276,
            "0.15": 0.6852074912148849,
            "0.2": 0.7252608530145727,
            "0.25": 0.7573724017388552,
            "0.3": 0.7675013055212568,
            "0.35": 0.7469684604234101,
            "0.4": 0.6621134482792703,
            "0.45": 0.5192671816031154,
            "0.5": 0.3512186063651688
        }
    },
    "reflection": {
        "iou": 0.5975707480785469,
        "coverage": 0.8634053437811818,
        "precision": 0.6599625611947804,
        "recall": 0.8634053437811818,
        "segment_indices": [
            4,
            0,
            8
        ],
        "num_segments_used": 3,
        "iou_curve": {
            "0.05": 0.5615492698449642,
            "0.1": 0.5967951854686919,
            "0.15": 0.6297236513888486,
            "0.2": 0.6445331974156304,
            "0.25": 0.6631690690509844,
            "0.3": 0.683294067116807,
            "0.35": 0.6956764915137832,
            "0.4": 0.645020858705718,
            "0.45": 0.5475220071946295,
            "0.5": 0.3801919624201602
        }
    },
    "spatial": {
        "iou": 0.6594347388639897,
        "coverage": 0.7881411517775154,
        "precision": 0.8015119510839355,
        "recall": 0.7881411517775154,
        "segment_indices": [
            1,
            7,
            9,
            12,
            11
        ],
        "num_segments_used": 5,
        "iou_curve": {
            "0.05": 0.08572605734144885,
            "0.1": 0.09869417902469839,
            "0.15": 0.20078775004425561,
            "0.2": 0.39013536758656797,
            "0.25": 0.5193287803883594,
            "0.3": 0.5682664474859737,
            "0.35": 0.6034066293693217,
            "0.4": 0.6280282147586173,
            "0.45": 0.6407341591316922,
            "0.5": 0.666067101584343
        }
    }
}