{
    "lava": {
        "iou": 0.2361623293776325,
        "coverage": 0.41074549737822025,
        "precision": 0.3571711778388666,
        "recall": 0.41074549737822025,
        "segment_indices": [
            42,
            33,
            3,
            9,
            35,
            7,
            13,
            58,
            50,
            32,
            60,
            64
        ],
        "num_segments_used": 12,
        "iou_curve": {
            "0.05": 0.07215977691352538,
            "0.1": 0.07763256411977631,
            "0.15": 0.10752857142857143,
            "0.2": 0.19613490750774729,
            "0.25": 0.23627172885300748,
            "0.3": 0.16558191109825474,
            "0.35": 0.07576998582888048,
            "0.4": 0.019075762173001068,
            "0.45": 0.003171247357293869,
            "0.5": 0.0
        }
    },
    "molten": {
        "iou": 0.21047979675073736,
        "coverage": 0.24837463185124264,
        "precision": 0.5797525779829796,
        "recall": 0.24837463185124264,
        "segment_indices": [
            2,
            8,
            22,
            9,
            33,
            27,
            19,
            4,
            6,
            28,
            1,
            41,
            0,
            15,
            3,
            43,
            7,
            32,
            5,
            13,
            10,
            45,
            18,
            67,
            50,
            24,
            29,
            16,
            68,
            25,
            48,
            17
        ],
        "num_segments_used": 32,
        "iou_curve": {
            "0.05": 0.17784404754638672,
            "0.1": 0.17823455943482608,
            "0.15": 0.18163631690215215,
            "0.2": 0.19172122529794258,
            "0.25": 0.20141241315955674,
            "0.3": 0.20999315671955338,
            "0.35": 0.213961996632613,
            "0.4": 0.2142192567149677,
            "0.45": 0.2066954498543538,
            "0.5": 0.19264625262437188
        }
    },
    "glowing": {
        "iou": 0.08599650070394543,
        "coverage": 0.12142287680429674,
        "precision": 0.2276504312082682,
        "recall": 0.12142287680429674,
        "segment_indices": [
            11,
            42,
            52,
            0,
            41,
            39,
            14,
            47,
            26,
            63,
            37,
            7,
            49,
            40,
            20,
            29,
            36,
            5,
            54,
            56,
            24,
            46,
            69,
            53,
            51,
            57,
            23,
            50,
            30,
            1,
            13,
            16,
            58,
            60
        ],
        "num_segments_used": 34,
        "iou_curve": {
            "0.05": 0.09698009490966797,
            "0.1": 0.0974242145311733,
            "0.15": 0.10185416552183205,
            "0.2": 0.11039629823121129,
            "0.25": 0.1103830022131124,
            "0.3": 0.10344372027479302,
            "0.35": 0.09616544214501069,
            "0.4": 0.08348534668727077,
            "0.45": 0.06575432394899634,
            "0.5": 0.04610945338885792
        }
    },
    "orange": {
        "iou": 0.12311210336468373,
        "coverage": 0.15923306091444395,
        "precision": 0.35179366326263417,
        "recall": 0.15923306091444395,
        "segment_indices": [
            42,
            49,
            26,
            52,
            31,
            11,
            40,
            55,
            25,
            53,
            36,
            34,
            46,
            56,
            18,
            21,
            44,
            39,
            62,
            16,
            14,
            66,
            20,
            54,
            0,
            57,
            15,
            51,
            29,
            58
        ],
        "num_segments_used": 30,
        "iou_curve": {
            "0.05": 0.08012580871582031,
            "0.1": 0.08011559142361477,
            "0.15": 0.0824598400736236,
            "0.2": 0.09881909973486434,
            "0.25": 0.11490245457964711,
            "0.3": 0.124603848499707,
            "0.35": 0.1283152319887604,
            "0.4": 0.11528571567190972,
            "0.45": 0.0830465501504344,
            "0.5": 0.04714024199669599
        }
    }
}