{
    "lava": {
        "iou": 0.09144664112913592,
        "coverage": 0.10812371760772095,
        "precision": 0.3722073981060012,
        "recall": 0.10812371760772095,
        "segment_index": 42
    },
    "molten": {
        "iou": 0.036670469863602506,
        "coverage": 0.037435157574560174,
        "precision": 0.6422434179410373,
        "recall": 0.037435157574560174,
        "segment_index": 2
    },
    "glowing": {
        "iou": 0.015671426213271708,
        "coverage": 0.01593445787176905,
        "precision": 0.48701506893235014,
        "recall": 0.01593445787176905,
        "segment_index": 11
    },
    "orange": {
        "iou": 0.03224798071978138,
        "coverage": 0.03445730817095048,
        "precision": 0.33464134358813374,
        "recall": 0.03445730817095048,
        "segment_index": 42
    }
}