{
    "red": {
        "iou": 0.7948067442386676,
        "coverage": 0.9366500480780885,
        "precision": 0.8399600008695464,
        "recall": 0.9366500480780885,
        "segment_indices": [
            1,
            5,
            6
        ],
        "num_segments_used": 3,
        "iou_curve": {
            "0.05": 0.13160991668701172,
            "0.1": 0.22745292613734705,
            "0.15": 0.3783448578641203,
            "0.2": 0.6723453085003089,
            "0.25": 0.8315816678152997,
            "0.3": 0.8522010340298044,
            "0.35": 0.8455883820408597,
            "0.4": 0.8224772258974081,
            "0.45": 0.7881159141498805,
            "0.5": 0.7181289806146243
        }
    },
    "green": {
        "iou": 0.7299452354874042,
        "coverage": 0.7415600311561144,
        "precision": 0.978993448306255,
        "recall": 0.7415600311561144,
        "segment_indices": [
            3,
            7
        ],
        "num_segments_used": 2,
        "iou_curve": {
            "0.05": 0.03246021270751953,
            "0.1": 0.08282959545224468,
            "0.15": 0.15016963958757065,
            "0.2": 0.1999612261922946,
            "0.25": 0.34826873490770677,
            "0.3": 0.5064515648951528,
            "0.35": 0.6404213870973843,
            "0.4": 0.7299452354874042,
            "0.45": 0.7903325047377618,
            "0.5": 0.7808990291790172
        }
    },
    "blue": {
        "iou": 0.7417869762746088,
        "coverage": 0.7442967705336521,
        "precision": 0.995474745285064,
        "recall": 0.7442967705336521,
        "segment_indices": [
            4
        ],
        "num_segments_used": 1,
        "iou_curve": {
            "0.05": 0.03519627665662076,
            "0.1": 0.0406816132424692,
            "0.15": 0.08125019264556299,
            "0.2": 0.3523458534629265,
            "0.25": 0.5343759050101361,
            "0.3": 0.623905325443787,
            "0.35": 0.710411080460657,
            "0.4": 0.7867125302872966,
            "0.45": 0.8059505002632965,
            "0.5": 0.5425259710352592
        }
    },
    "white": {
        "iou": 0.9697583223735807,
        "coverage": 0.9885600355215756,
        "precision": 0.9807648424811072,
        "recall": 0.9885600355215756,
        "segment_indices": [
            0
        ],
        "num_segments_used": 1,
        "iou_curve": {
            "0.05": 0.7817123157652747,
            "0.1": 0.8942553275092011,
            "0.15": 0.9650830925494329,
            "0.2": 0.9791312514899831,
            "0.25": 0.9808227975984297,
            "0.3": 0.9799197561589981,
            "0.35": 0.97696568975686,
            "0.4": 0.97329627096069,
            "0.45": 0.9694348487608999,
            "0.5": 0.9647022339243243
        }
    }
}