{
    "red": {
        "iou": 0.4938670812281384,
        "coverage": 0.5133931817998174,
        "precision": 0.9284952286311359,
        "recall": 0.5133931817998174,
        "segment_index": 1
    },
    "green": {
        "iou": 0.7232829866058706,
        "coverage": 0.7342605986424836,
        "precision": 0.9797481886209763,
        "recall": 0.7342605986424836,
        "segment_index": 3
    },
    "blue": {
        "iou": 0.7417869762746088,
        "coverage": 0.7442967705336521,
        "precision": 0.995474745285064,
        "recall": 0.7442967705336521,
        "segment_index": 4
    },
    "white": {
        "iou": 0.9697583223735807,
        "coverage": 0.9885600355215756,
        "precision": 0.9807648424811072,
        "recall": 0.9885600355215756,
        "segment_index": 0
    }
}