{
    "fluffy": {
        "iou": 0.8952294297798832,
        "coverage": 0.9031011490048055,
        "precision": 0.9903574736872817,
        "recall": 0.9031011490048055,
        "segment_indices": [
            0,
            40
        ],
        "num_segments_used": 2,
        "iou_curve": {
            "0.05": 0.2616463753844275,
            "0.1": 0.3712018757606402,
            "0.15": 0.5617137390427923,
            "0.2": 0.7588429866445229,
            "0.25": 0.8239354474067127,
            "0.3": 0.8531693507448044,
            "0.35": 0.8715478054929524,
            "0.4": 0.8842224781326018,
            "0.45": 0.8924551746296108,
            "0.5": 0.8999307870971177
        }
    },
    "rugged": {
        "iou": 0.5365041081841707,
        "coverage": 0.5552406752049465,
        "precision": 0.9408241952137602,
        "recall": 0.5552406752049465,
        "segment_indices": [
            28,
            5,
            27,
            4,
            14,
            35,
            36,
            41,
            23,
            31,
            30,
            17,
            7,
            20,
            42,
            33,
            25,
            39,
            37,
            34,
            26
        ],
        "num_segments_used": 21,
        "iou_curve": {
            "0.05": 0.3649302889087102,
            "0.1": 0.48937016891291024,
            "0.15": 0.507872702604656,
            "0.2": 0.514687953477583,
            "0.25": 0.5181872748282672,
            "0.3": 0.5212582508250825,
            "0.35": 0.5248999496435292,
            "0.4": 0.5306304168858195,
            "0.45": 0.5352070656347847,
            "0.5": 0.5408969896844927
        }
    },
    "mossy": {
        "iou": 0.02497491302332452,
        "coverage": 0.08959342165372317,
        "precision": 0.033468719068910205,
        "recall": 0.08959342165372317,
        "segment_indices": [
            0,
            8,
            5,
            41,
            4,
            35,
            17,
            25,
            23,
            40,
            7,
            34
        ],
        "num_segments_used": 12,
        "iou_curve": {
            "0.05": 0.2794170379638672,
            "0.1": 0.22280268830614433,
            "0.15": 0.14396499410656916,
            "0.2": 0.08872300830673584,
            "0.25": 0.05194119912424228,
            "0.3": 0.030057650190039382,
            "0.35": 0.014868092196612052,
            "0.4": 0.007145595338495745,
            "0.45": 0.0028883578455181883,
            "0.5": 0.0008225554054596279
        }
    },
    "texture": {
        "iou": 0.03946600340092891,
        "coverage": 0.054039965247610774,
        "precision": 0.12765782776455134,
        "recall": 0.054039965247610774,
        "segment_indices": [
            8,
            30,
            5,
            26,
            25
        ],
        "num_segments_used": 5,
        "iou_curve": {
            "0.05": 0.011616706848144531,
            "0.1": 0.0264376527952392,
            "0.15": 0.04496980384980119,
            "0.2": 0.043175908568664205,
            "0.25": 0.03382631778536215,
            "0.3": 0.014786450662739323,
            "0.35": 0.002427000379218809,
            "0.4": 0.0,
            "0.45": 0.0,
            "0.5": 0.0
        }
    }
}