{
    "fluffy": {
        "iou": 0.895064618224977,
        "coverage": 0.9028783318645138,
        "precision": 0.990423762202863,
        "recall": 0.9028783318645138,
        "segment_index": 0
    },
    "rugged": {
        "iou": 0.50324646633186,
        "coverage": 0.5183317957847514,
        "precision": 0.9453299308148319,
        "recall": 0.5183317957847514,
        "segment_index": 28
    },
    "mossy": {
        "iou": 0.019184473861818645,
        "coverage": 0.0659661946094107,
        "precision": 0.026339214055363422,
        "recall": 0.0659661946094107,
        "segment_index": 0
    },
    "texture": {
        "iou": 0.02912754437667055,
        "coverage": 0.029539530842745437,
        "precision": 0.6762132060461417,
        "recall": 0.029539530842745437,
        "segment_index": 8
    }
}