{
    "pedestal": {
        "iou": 0.24803960505777278,
        "coverage": 0.5821259900124912,
        "precision": 0.3017708176775558,
        "recall": 0.5821259900124912,
        "segment_indices": [
            0,
            2
        ],
        "num_segments_used": 2,
        "iou_curve": {
            "0.05": 0.6789652025219517,
            "0.1": 0.7079869801718204,
            "0.15": 0.7342110232821647,
            "0.2": 0.6983336655540806,
            "0.25": 0.6272897369216682,
            "0.3": 0.5452064544158518,
            "0.35": 0.45276507798027155,
            "0.4": 0.36185234030119484,
            "0.45": 0.28627583893155384,
            "0.5": 0.21125134820964747
        }
    },
    "transparent": {
        "iou": 0.37154634291098976,
        "coverage": 0.8154185852538248,
        "precision": 0.4056646539632825,
        "recall": 0.8154185852538248,
        "segment_indices": [
            0,
            4
        ],
        "num_segments_used": 2,
        "iou_curve": {
            "0.05": 0.6711073938154712,
            "0.1": 0.6780052682575312,
            "0.15": 0.6871688984934273,
            "0.2": 0.6796630608620626,
            "0.25": 0.6301218685086764,
            "0.3": 0.5637440412819253,
            "0.35": 0.4772962886170433,
            "0.4": 0.378776757376832,
            "0.45": 0.28570195382637614,
            "0.5": 0.1778142307827989
        }
    },
    "position": {
        "iou": 0.841742819843342,
        "coverage": 0.841779450802907,
        "precision": 0.9999483050518888,
        "recall": 0.841779450802907,
        "segment_indices": [
            1,
            3
        ],
        "num_segments_used": 2,
        "iou_curve": {
            "0.05": 0.07379717293795285,
            "0.1": 0.08869938820497712,
            "0.15": 0.11992548151064229,
            "0.2": 0.19866031312420732,
            "0.25": 0.32182488187928393,
            "0.3": 0.5148512875108124,
            "0.35": 0.7506499805975941,
            "0.4": 0.8336924900334016,
            "0.45": 0.8601610105412979,
            "0.5": 0.8826994873668467
        }
    }
}