{
    "pedestal": {
        "iou": 0.22870638692477108,
        "coverage": 0.5346135191743371,
        "precision": 0.2855585980918859,
        "recall": 0.5346135191743371,
        "segment_index": 0
    },
    "transparent": {
        "iou": 0.36126933316595794,
        "coverage": 0.7891820248854561,
        "precision": 0.3998587439792516,
        "recall": 0.7891820248854561,
        "segment_index": 0
    },
    "position": {
        "iou": 0.8378046127067015,
        "coverage": 0.8378410722833892,
        "precision": 0.9999480620658313,
        "recall": 0.8378410722833892,
        "segment_index": 1
    }
}