{
    "knitted": {
        "iou": 0.007991078827824917,
        "coverage": 0.007997990033918177,
        "precision": 0.9024168635289842,
        "recall": 0.007997990033918177,
        "segment_index": 93
    },
    "wool": {
        "iou": 0.010688271930750554,
        "coverage": 0.011802418767302928,
        "precision": 0.10170768458061276,
        "recall": 0.011802418767302928,
        "segment_index": 49
    },
    "pattern": {
        "iou": 0.0144670454260206,
        "coverage": 0.014745011086474502,
        "precision": 0.43420391762933197,
        "recall": 0.014745011086474502,
        "segment_index": 49
    },
    "yarn": {
        "iou": 0.015773522847409845,
        "coverage": 0.01580404304801002,
        "precision": 0.8909235668789809,
        "recall": 0.01580404304801002,
        "segment_index": 9
    }
}