{
    "knitted": {
        "iou": 0.3227035899113328,
        "coverage": 0.3559153881585941,
        "precision": 0.7756974572820577,
        "recall": 0.3559153881585941,
        "segment_indices": [
            93,
            1,
            70,
            4,
            46,
            11,
            29,
            22,
            69,
            21,
            55,
            87,
            6,
            82,
            62,
            15,
            81,
            17,
            84,
            36,
            50,
            76,
            53,
            0,
            100,
            61,
            38,
            14,
            86,
            7,
            65,
            99,
            43,
            10,
            78,
            26,
            90,
            5,
            91,
            57,
            96,
            98,
            120,
            25,
            24,
            42,
            68,
            106,
            133,
            41,
            111,
            54,
            28,
            52,
            77,
            30,
            89,
            94,
            33,
            71,
            73,
            140,
            85,
            83,
            127,
            12,
            20,
            34,
            8,
            139,
            104,
            39,
            2,
            128,
            35,
            44,
            103,
            102,
            115,
            3,
            59,
            136,
            40,
            134,
            79,
            75,
            131,
            112,
            119,
            63,
            95,
            101,
            51,
            108,
            129,
            130,
            113,
            19,
            48,
            37,
            92,
            117,
            60,
            137,
            138,
            56,
            18,
            118,
            126,
            107,
            125,
            32,
            116,
            72,
            88,
            124,
            45,
            47,
            23,
            122,
            13,
            64
        ],
        "num_segments_used": 122,
        "iou_curve": {
            "0.05": 0.2717042889282877,
            "0.1": 0.2723044542957258,
            "0.15": 0.2769916392285297,
            "0.2": 0.2952145930318232,
            "0.25": 0.31437879954619347,
            "0.3": 0.3293160056013928,
            "0.35": 0.3378557837528532,
            "0.4": 0.334019360500192,
            "0.45": 0.3169063339719812,
            "0.5": 0.2760412833294303
        }
    },
    "wool": {
        "iou": 0.06229667394998786,
        "coverage": 0.11216669095147895,
        "precision": 0.12289664420958524,
        "recall": 0.11216669095147895,
        "segment_indices": [
            49,
            109,
            27,
            48,
            66,
            116,
            137,
            74,
            133,
            75,
            136,
            67,
            119,
            81,
            104,
            131
        ],
        "num_segments_used": 16,
        "iou_curve": {
            "0.05": 0.029868125915527344,
            "0.1": 0.029645784896110423,
            "0.15": 0.04157872057609863,
            "0.2": 0.06377727036697182,
            "0.25": 0.03722604456189912,
            "0.3": 0.00815573282533635,
            "0.35": 0.0,
            "0.4": 0.0,
            "0.45": 0.0,
            "0.5": 0.0
        }
    },
    "pattern": {
        "iou": 0.042901868701692596,
        "coverage": 0.044874637557564385,
        "precision": 0.49389900506851886,
        "recall": 0.044874637557564385,
        "segment_indices": [
            49,
            27,
            67,
            135,
            109
        ],
        "num_segments_used": 5,
        "iou_curve": {
            "0.05": 0.010160446166992188,
            "0.1": 0.013635008209928447,
            "0.15": 0.026516273385914568,
            "0.2": 0.04294808318008205,
            "0.25": 0.05101088035540528,
            "0.3": 0.05302540882764355,
            "0.35": 0.04749615461349843,
            "0.4": 0.04436995276550358,
            "0.45": 0.04059907495778577,
            "0.5": 0.038422759684649116
        }
    },
    "yarn": {
        "iou": 0.3093640085733128,
        "coverage": 0.4240163077763236,
        "precision": 0.5336070478526445,
        "recall": 0.4240163077763236,
        "segment_indices": [
            9,
            46,
            62,
            118,
            7,
            34,
            1,
            53,
            56,
            0,
            97,
            121,
            51,
            40,
            110,
            122,
            31,
            16,
            24,
            74,
            11,
            70,
            90,
            30,
            80,
            114,
            29,
            58,
            47,
            32,
            14,
            28,
            132,
            10,
            124,
            66,
            84,
            20,
            17,
            45,
            63,
            57,
            26,
            39,
            129,
            54,
            37,
            78,
            50,
            79,
            8,
            36,
            3,
            33,
            104,
            83,
            60,
            95
        ],
        "num_segments_used": 58,
        "iou_curve": {
            "0.05": 0.16097126933354697,
            "0.1": 0.17141735975212002,
            "0.15": 0.20398299699547778,
            "0.2": 0.2653695358075329,
            "0.25": 0.3102449395193604,
            "0.3": 0.31633907017073276,
            "0.35": 0.26203635324106056,
            "0.4": 0.16527797830572258,
            "0.45": 0.08331552864296993,
            "0.5": 0.019260966324375007
        }
    }
}