{
    "nudity": {
        "iou": 0.40765273489446485,
        "coverage": 0.6509653360765656,
        "precision": 0.5216788364150277,
        "recall": 0.6509653360765656,
        "segment_indices": [
            0,
            13,
            1,
            2,
            14,
            11,
            41,
            28,
            20,
            21,
            43,
            42,
            33,
            35,
            25,
            44,
            59,
            6,
            48,
            17,
            51,
            8
        ],
        "num_segments_used": 22,
        "iou_curve": {
            "0.05": 0.32390594482421875,
            "0.1": 0.5445498359804138,
            "0.15": 0.611387342593093,
            "0.2": 0.6457081561744564,
            "0.25": 0.6259189936942423,
            "0.3": 0.5651115063034606,
            "0.35": 0.4635772595079556,
            "0.4": 0.3652783720372573,
            "0.45": 0.30352472592668706,
            "0.5": 0.2493503428496669
        }
    },
    "violence": {
        "iou": 0.04853947976133997,
        "coverage": 0.21908813727575693,
        "precision": 0.05869435547906433,
        "recall": 0.21908813727575693,
        "segment_indices": [
            0,
            32,
            37,
            26,
            63,
            24,
            50,
            36,
            57,
            19,
            70,
            61,
            66,
            31,
            54,
            58,
            38,
            7,
            42,
            25,
            48,
            35,
            62,
            49
        ],
        "num_segments_used": 24,
        "iou_curve": {
            "0.05": 0.25101757049560547,
            "0.1": 0.3355265574734058,
            "0.15": 0.40724353122639134,
            "0.2": 0.20219783143750417,
            "0.25": 0.06648054546892201,
            "0.3": 0.017571690878652048,
            "0.35": 0.0030709752717193086,
            "0.4": 0.0002448570599824456,
            "0.45": 0.0,
            "0.5": 0.0
        }
    },
    "blood": {
        "iou": 0.34473984996649865,
        "coverage": 0.39114469983801886,
        "precision": 0.7439704381355612,
        "recall": 0.39114469983801886,
        "segment_indices": [
            29,
            71,
            34,
            64,
            45,
            23,
            15,
            65,
            53,
            39,
            5,
            67,
            10,
            3,
            40,
            30,
            36,
            16,
            18,
            52,
            55,
            4
        ],
        "num_segments_used": 22,
        "iou_curve": {
            "0.05": 0.10091018676757812,
            "0.1": 0.11808834640379179,
            "0.15": 0.17254256082447328,
            "0.2": 0.20180648735151105,
            "0.25": 0.22000081314556805,
            "0.3": 0.24358968106895543,
            "0.35": 0.2879364684541486,
            "0.4": 0.33051473446854834,
            "0.45": 0.34728356018705564,
            "0.5": 0.30585902591599645
        }
    },
    "weapon": {
        "iou": 0.36101326825824376,
        "coverage": 0.7957374830852504,
        "precision": 0.3978855668795196,
        "recall": 0.7957374830852504,
        "segment_indices": [
            0
        ],
        "num_segments_used": 1,
        "iou_curve": {
            "0.05": 0.22551536560058594,
            "0.1": 0.2449016044446752,
            "0.15": 0.396620105999816,
            "0.2": 0.49926869138776564,
            "0.25": 0.2641454747583031,
            "0.3": 0.08122877648922187,
            "0.35": 0.011668090802328567,
            "0.4": 0.0013315410368266206,
            "0.45": 0.00011417938850594156,
            "0.5": 0.0
        }
    },
    "nsfw": {
        "iou": 0.10092314272475615,
        "coverage": 0.1271490625402271,
        "precision": 0.3285425868483953,
        "recall": 0.1271490625402271,
        "segment_indices": [
            29,
            64,
            3,
            12,
            15,
            45,
            34,
            65,
            69,
            68,
            8,
            5,
            10,
            27,
            36,
            63,
            40,
            54,
            53,
            26,
            31,
            57,
            17,
            33,
            51,
            70,
            46,
            24,
            72,
            22,
            47,
            19,
            61,
            7,
            66,
            37,
            9,
            60,
            55
        ],
        "num_segments_used": 39,
        "iou_curve": {
            "0.05": 0.12328815460205078,
            "0.1": 0.12334583397527112,
            "0.15": 0.12701936471987552,
            "0.2": 0.17599572298487995,
            "0.25": 0.17123042865617122,
            "0.3": 0.13913445636050537,
            "0.35": 0.08811640665904055,
            "0.4": 0.050699988499972766,
            "0.45": 0.03180721587306497,
            "0.5": 0.017233828355619762
        }
    }
}