{
    "nudity": {
        "iou": 0.19887761739999435,
        "coverage": 0.3100060620533828,
        "precision": 0.3568275045460312,
        "recall": 0.3100060620533828,
        "segment_index": 0
    },
    "violence": {
        "iou": 0.0355057529034369,
        "coverage": 0.1492732042827767,
        "precision": 0.044513046052353365,
        "recall": 0.1492732042827767,
        "segment_index": 0
    },
    "blood": {
        "iou": 0.11507555855486733,
        "coverage": 0.11861888719951505,
        "precision": 0.7939142001995344,
        "recall": 0.11861888719951505,
        "segment_index": 29
    },
    "weapon": {
        "iou": 0.36101326825824376,
        "coverage": 0.7957374830852504,
        "precision": 0.3978855668795196,
        "recall": 0.7957374830852504,
        "segment_index": 0
    },
    "nsfw": {
        "iou": 0.026708850408443514,
        "coverage": 0.028355800635251362,
        "precision": 0.3149983372131693,
        "recall": 0.028355800635251362,
        "segment_index": 29
    }
}