{
    "texture": {
        "iou": 0.24921659961888631,
        "coverage": 0.29878839724730355,
        "precision": 0.600339685000816,
        "recall": 0.29878839724730355,
        "segment_indices": [
            4,
            1,
            83,
            5,
            44,
            31,
            7,
            24,
            2,
            6,
            16,
            130,
            12,
            59,
            27,
            62,
            87,
            36,
            18,
            124,
            23,
            8,
            11,
            21,
            10,
            77,
            93,
            117,
            37,
            17,
            38,
            45,
            46,
            64,
            104,
            43,
            55,
            63,
            39,
            32,
            144,
            98,
            75,
            54,
            73,
            41,
            9,
            123,
            140,
            25,
            48,
            70,
            80,
            28,
            29,
            111,
            65,
            61,
            109,
            13,
            60,
            50,
            81,
            47,
            53,
            141,
            74,
            112,
            52,
            110,
            105,
            69,
            57,
            116,
            35,
            22,
            76,
            137,
            134,
            15,
            128
        ],
        "num_segments_used": 81,
        "iou_curve": {
            "0.05": 0.18699493275625442,
            "0.1": 0.18726394538059268,
            "0.15": 0.19007948505388403,
            "0.2": 0.2019706965984063,
            "0.25": 0.21833773329045464,
            "0.3": 0.23286881743630947,
            "0.35": 0.24725920325319548,
            "0.4": 0.24951254267173772,
            "0.45": 0.23998043637746924,
            "0.5": 0.21888876255681103
        }
    },
    "rough": {
        "iou": 0.22656336994222037,
        "coverage": 0.2551816239316239,
        "precision": 0.6688969115471487,
        "recall": 0.2551816239316239,
        "segment_indices": [
            15,
            139,
            44,
            0,
            18,
            31,
            11,
            2,
            36,
            140,
            69,
            19,
            82,
            39,
            8,
            22,
            33,
            12,
            124,
            40,
            17,
            26,
            6,
            60,
            54,
            20,
            52,
            113,
            13,
            78,
            138,
            101,
            84,
            30,
            88,
            91,
            115,
            145,
            53,
            100,
            9,
            89,
            142,
            65,
            27,
            134,
            66,
            136,
            80,
            120,
            125,
            143,
            58,
            61,
            56,
            116,
            135,
            121,
            119,
            114,
            99,
            126,
            107,
            94,
            122,
            42,
            147,
            92,
            81,
            57,
            127,
            118,
            108,
            148,
            106,
            132,
            49,
            85,
            68,
            79,
            93,
            41,
            97,
            90,
            4,
            73,
            74,
            35,
            47,
            133,
            103,
            110,
            63,
            131,
            7,
            71,
            109,
            59,
            130
        ],
        "num_segments_used": 99,
        "iou_curve": {
            "0.05": 0.1566476821899414,
            "0.1": 0.1566629215412113,
            "0.15": 0.15687619477066614,
            "0.2": 0.16998299740124628,
            "0.25": 0.1902316371126234,
            "0.3": 0.20366920415224912,
            "0.35": 0.21375517053476334,
            "0.4": 0.2209147212129961,
            "0.45": 0.22651606049121126,
            "0.5": 0.22396969868279723
        }
    },
    "surface": {
        "iou": 0.11309030928927723,
        "coverage": 0.14772894438531364,
        "precision": 0.32537927879850576,
        "recall": 0.14772894438531364,
        "segment_indices": [
            34,
            48,
            24,
            96,
            72,
            50,
            67,
            51,
            129,
            62,
            28,
            21,
            141,
            123,
            5,
            102,
            95,
            149,
            98,
            112,
            46,
            146,
            10
        ],
        "num_segments_used": 23,
        "iou_curve": {
            "0.05": 0.050037384033203125,
            "0.1": 0.05797896857908871,
            "0.15": 0.08211564515617091,
            "0.2": 0.10624191167088931,
            "0.25": 0.12206715210355987,
            "0.3": 0.13102515830908779,
            "0.35": 0.13354434699518822,
            "0.4": 0.12765763982862735,
            "0.45": 0.11309030928927723,
            "0.5": 0.0944872534709257
        }
    }
}