{
    "texture": {
        "iou": 0.022929656648136888,
        "coverage": 0.023066905957998787,
        "precision": 0.7939711664482306,
        "recall": 0.023066905957998787,
        "segment_index": 4
    },
    "rough": {
        "iou": 0.017134426758566638,
        "coverage": 0.017263563730955035,
        "precision": 0.6961041393519386,
        "recall": 0.017263563730955035,
        "segment_index": 15
    },
    "surface": {
        "iou": 0.018903624050752122,
        "coverage": 0.01910646141065912,
        "precision": 0.6403712296983759,
        "recall": 0.01910646141065912,
        "segment_index": 34
    }
}