{
    "hands": {
        "iou": 0.23614515304673747,
        "coverage": 0.24721706313063455,
        "precision": 0.8405795929588512,
        "recall": 0.24721706313063455,
        "segment_index": 7
    },
    "fingers": {
        "iou": 0.10395446375074895,
        "coverage": 0.10413384349913722,
        "precision": 0.9836995038979447,
        "recall": 0.10413384349913722,
        "segment_index": 3
    },
    "apple": {
        "iou": 0.8831096094166039,
        "coverage": 0.942665608185587,
        "precision": 0.9332356593961034,
        "recall": 0.942665608185587,
        "segment_index": 0
    },
    "red": {
        "iou": 0.2793878568486767,
        "coverage": 0.5536393118704496,
        "precision": 0.3606172096862191,
        "recall": 0.5536393118704496,
        "segment_index": 1
    }
}