{
    "hands": {
        "iou": 0.275327277350566,
        "coverage": 0.29868801856797356,
        "precision": 0.7787760416666667,
        "recall": 0.29868801856797356,
        "segment_indices": [
            7,
            1,
            5
        ],
        "num_segments_used": 3,
        "iou_curve": {
            "0.05": 0.3076365509151081,
            "0.1": 0.32680953355777476,
            "0.15": 0.3373897716482975,
            "0.2": 0.33289272864576547,
            "0.25": 0.3248919217200661,
            "0.3": 0.3154417360545554,
            "0.35": 0.3044616381511473,
            "0.4": 0.2932072468416284,
            "0.45": 0.28290446758284277,
            "0.5": 0.27072118307327686
        }
    },
    "fingers": {
        "iou": 0.2280610475199445,
        "coverage": 0.24664265886413084,
        "precision": 0.7516862924431233,
        "recall": 0.24664265886413084,
        "segment_indices": [
            3,
            4,
            2,
            10
        ],
        "num_segments_used": 4,
        "iou_curve": {
            "0.05": 0.008342171119893793,
            "0.1": 0.01194498234267501,
            "0.15": 0.02684718253444524,
            "0.2": 0.07213831806552777,
            "0.25": 0.11670327836943525,
            "0.3": 0.15983032785172493,
            "0.35": 0.21574976422508646,
            "0.4": 0.24396828074911422,
            "0.45": 0.260453748472451,
            "0.5": 0.2604451119606772
        }
    },
    "apple": {
        "iou": 0.8913638283416273,
        "coverage": 0.9514764830986053,
        "precision": 0.9338129911603167,
        "recall": 0.9514764830986053,
        "segment_indices": [
            0,
            8
        ],
        "num_segments_used": 2,
        "iou_curve": {
            "0.05": 0.09914684295654297,
            "0.1": 0.3103076721029633,
            "0.15": 0.563833479765275,
            "0.2": 0.7545687161071777,
            "0.25": 0.8337055641110404,
            "0.3": 0.8761407193040865,
            "0.35": 0.8950762481169225,
            "0.4": 0.8991970651968674,
            "0.45": 0.8954574933547685,
            "0.5": 0.873648886664071
        }
    },
    "red": {
        "iou": 0.2793878568486767,
        "coverage": 0.5536393118704496,
        "precision": 0.3606172096862191,
        "recall": 0.5536393118704496,
        "segment_indices": [
            1
        ],
        "num_segments_used": 1,
        "iou_curve": {
            "0.05": 0.06817260601898877,
            "0.1": 0.11852933080277589,
            "0.15": 0.19012804969191677,
            "0.2": 0.2681465050973022,
            "0.25": 0.3134446789824816,
            "0.3": 0.31024731500640457,
            "0.35": 0.2451241594869843,
            "0.4": 0.14609198194627354,
            "0.45": 0.07708594624482475,
            "0.5": 0.03278824374343959
        }
    }
}