{
    "cat": {
        "iou": 0.8804725974788777,
        "coverage": 0.8841563205874823,
        "precision": 0.9952903150491033,
        "recall": 0.8841563205874823,
        "segment_index": 0
    },
    "rock": {
        "iou": 0.5281689504592681,
        "coverage": 0.5319061498193906,
        "precision": 0.9868719807103086,
        "recall": 0.5319061498193906,
        "segment_index": 28
    },
    "fur": {
        "iou": 0.06926311130781146,
        "coverage": 0.08015364916773368,
        "precision": 0.3376483279395901,
        "recall": 0.08015364916773368,
        "segment_index": 7
    },
    "stone": {
        "iou": 0.026944728761514842,
        "coverage": 0.028191261512101093,
        "precision": 0.3786407766990291,
        "recall": 0.028191261512101093,
        "segment_index": 7
    }
}