{
    "cat": {
        "iou": 0.8807501403850746,
        "coverage": 0.8844350246782751,
        "precision": 0.9952917921824057,
        "recall": 0.8844350246782751,
        "segment_indices": [
            0,
            40
        ],
        "num_segments_used": 2,
        "iou_curve": {
            "0.05": 0.2615580235820215,
            "0.1": 0.42827533748693863,
            "0.15": 0.584474243460949,
            "0.2": 0.7222190030184426,
            "0.25": 0.8089904548338079,
            "0.3": 0.8344377311397568,
            "0.35": 0.8514676726682867,
            "0.4": 0.866652950765189,
            "0.45": 0.8795864650753712,
            "0.5": 0.8926844850752167
        }
    },
    "rock": {
        "iou": 0.5544109122880068,
        "coverage": 0.5613192525711443,
        "precision": 0.9782831619843011,
        "recall": 0.5613192525711443,
        "segment_indices": [
            28,
            5,
            27,
            41,
            35,
            36,
            14,
            30,
            4,
            20,
            8,
            42,
            17,
            31,
            26
        ],
        "num_segments_used": 15,
        "iou_curve": {
            "0.05": 0.36116239420673907,
            "0.1": 0.46872498556442477,
            "0.15": 0.4969341281159839,
            "0.2": 0.5110093344864408,
            "0.25": 0.5190038145337869,
            "0.3": 0.5253686878708188,
            "0.35": 0.5328031922230801,
            "0.4": 0.5418756075693882,
            "0.45": 0.5506687391716809,
            "0.5": 0.5626207362790818
        }
    },
    "fur": {
        "iou": 0.0800822763112787,
        "coverage": 0.09970123772940674,
        "precision": 0.2892521050024765,
        "recall": 0.09970123772940674,
        "segment_indices": [
            7,
            8
        ],
        "num_segments_used": 2,
        "iou_curve": {
            "0.05": 0.003851076451211115,
            "0.1": 0.007061160930032755,
            "0.15": 0.015748597383059358,
            "0.2": 0.028908655490933972,
            "0.25": 0.06854958589934168,
            "0.3": 0.09251779188305444,
            "0.35": 0.06217453053495345,
            "0.4": 0.016649949849548647,
            "0.45": 0.0,
            "0.5": 0.0
        }
    },
    "stone": {
        "iou": 0.12359121727807462,
        "coverage": 0.14738166630970229,
        "precision": 0.43363528948404884,
        "recall": 0.14738166630970229,
        "segment_indices": [
            7,
            4,
            23,
            14,
            25,
            31,
            17,
            37,
            39,
            34,
            42,
            8
        ],
        "num_segments_used": 12,
        "iou_curve": {
            "0.05": 0.012107080186160067,
            "0.1": 0.02367586721372622,
            "0.15": 0.040869711606946295,
            "0.2": 0.07218896136776576,
            "0.25": 0.09855134709508855,
            "0.3": 0.11712896977670577,
            "0.35": 0.12306198305595553,
            "0.4": 0.11918186034024066,
            "0.45": 0.09129897756124339,
            "0.5": 0.06700980392156863
        }
    }
}