{
    "glass": {
        "iou": 0.031744738628649016,
        "coverage": 0.03290501456659114,
        "precision": 0.47375886524822697,
        "recall": 0.03290501456659114,
        "segment_index": 2
    },
    "frame": {
        "iou": 0.050984051423270595,
        "coverage": 0.051152602062926385,
        "precision": 0.9392942282510157,
        "recall": 0.051152602062926385,
        "segment_index": 1
    },
    "room": {
        "iou": 0.11160171911067913,
        "coverage": 0.11463435559853992,
        "precision": 0.8083766465913154,
        "recall": 0.11463435559853992,
        "segment_index": 11
    }
}