{
    "glass": {
        "iou": 0.064049003987101,
        "coverage": 0.07882848014862145,
        "precision": 0.2546294893165631,
        "recall": 0.07882848014862145,
        "segment_indices": [
            2,
            4,
            11,
            28,
            29
        ],
        "num_segments_used": 5,
        "iou_curve": {
            "0.05": 0.06293296813964844,
            "0.1": 0.06274476116845867,
            "0.15": 0.06612140867014116,
            "0.2": 0.06868436807274728,
            "0.25": 0.07164209933339592,
            "0.3": 0.07476485774119006,
            "0.35": 0.07652005289718851,
            "0.4": 0.056784207639682144,
            "0.45": 0.03927156933293293,
            "0.5": 0.02335004852798447
        }
    },
    "frame": {
        "iou": 0.12239118278406119,
        "coverage": 0.12406448793456855,
        "precision": 0.9007394426965099,
        "recall": 0.12406448793456855,
        "segment_indices": [
            1,
            22,
            0,
            18,
            25,
            40,
            16,
            20,
            39,
            5,
            30,
            38,
            41,
            42,
            35,
            34,
            14,
            29,
            27,
            32,
            19,
            31,
            33,
            17
        ],
        "num_segments_used": 24,
        "iou_curve": {
            "0.05": 0.0718444138815078,
            "0.1": 0.07576463485195341,
            "0.15": 0.08615878395490945,
            "0.2": 0.09282638948198685,
            "0.25": 0.09692521072857842,
            "0.3": 0.10006290993879821,
            "0.35": 0.10504079900390688,
            "0.4": 0.1154818685237306,
            "0.45": 0.12577276239829083,
            "0.5": 0.13753622148259126
        }
    },
    "room": {
        "iou": 0.44629251034222694,
        "coverage": 0.4707788662527688,
        "precision": 0.8956212719233166,
        "recall": 0.4707788662527688,
        "segment_indices": [
            11,
            6,
            10,
            4,
            3,
            7,
            21,
            15,
            37,
            8,
            24,
            14,
            33,
            12,
            2
        ],
        "num_segments_used": 15,
        "iou_curve": {
            "0.05": 0.12859008642442896,
            "0.1": 0.16800887844692095,
            "0.15": 0.2477886444807904,
            "0.2": 0.3865269968060446,
            "0.25": 0.42879841177279965,
            "0.3": 0.440907776322281,
            "0.35": 0.4483389018470655,
            "0.4": 0.4500256001615334,
            "0.45": 0.4442904027920772,
            "0.5": 0.4200975789943515
        }
    }
}