{
    "soldiers": {
        "iou": 0.023540331532943406,
        "coverage": 0.023540331532943406,
        "precision": 1.0,
        "recall": 0.023540331532943406,
        "segment_index": 2
    },
    "trench": {
        "iou": 0.7169500459811557,
        "coverage": 0.7179444992870462,
        "precision": 0.9980717364854776,
        "recall": 0.7179444992870462,
        "segment_index": 1
    },
    "battle": {
        "iou": 0.1979721657141012,
        "coverage": 0.21099907079189179,
        "precision": 0.7622777570558249,
        "recall": 0.21099907079189179,
        "segment_index": 12
    },
    "war": {
        "iou": 0.15640342263992144,
        "coverage": 0.20043142189466115,
        "precision": 0.41588959343528537,
        "recall": 0.20043142189466115,
        "segment_index": 12
    }
}