{
    "soldiers": {
        "iou": 0.12797840087949597,
        "coverage": 0.13221205421692367,
        "precision": 0.7998645540866571,
        "recall": 0.13221205421692367,
        "segment_indices": [
            2,
            6,
            3,
            30,
            4,
            19,
            42,
            17,
            36,
            7,
            24,
            32,
            10,
            20,
            9,
            37,
            39,
            26,
            13,
            33,
            8,
            44,
            25,
            28,
            38,
            14,
            18,
            35,
            34,
            5
        ],
        "num_segments_used": 30,
        "iou_curve": {
            "0.05": 0.06759473486445194,
            "0.1": 0.07278661108497302,
            "0.15": 0.08724118004452204,
            "0.2": 0.10264102016310234,
            "0.25": 0.11001199818405863,
            "0.3": 0.11478361170712553,
            "0.35": 0.11963924827651336,
            "0.4": 0.12409760352846702,
            "0.45": 0.12716918789111115,
            "0.5": 0.13117495463495618
        }
    },
    "trench": {
        "iou": 0.7231099119956613,
        "coverage": 0.7251357354392892,
        "precision": 0.9961513951977197,
        "recall": 0.7251357354392892,
        "segment_indices": [
            1,
            21,
            0,
            40,
            43,
            27
        ],
        "num_segments_used": 6,
        "iou_curve": {
            "0.05": 0.30390715556594367,
            "0.1": 0.35261619862520893,
            "0.15": 0.40777649769585256,
            "0.2": 0.4591427685965304,
            "0.25": 0.5091577902364863,
            "0.3": 0.5519760663790518,
            "0.35": 0.6035346689139103,
            "0.4": 0.6571124607502892,
            "0.45": 0.7082687724476806,
            "0.5": 0.7668380287518317
        }
    },
    "battle": {
        "iou": 0.3188492915414341,
        "coverage": 0.38334996730564064,
        "precision": 0.6545807134042428,
        "recall": 0.38334996730564064,
        "segment_indices": [
            12,
            5,
            16,
            22,
            31,
            8
        ],
        "num_segments_used": 6,
        "iou_curve": {
            "0.05": 0.016228675842285156,
            "0.1": 0.01898491983537552,
            "0.15": 0.04583567894284614,
            "0.2": 0.1583295480354304,
            "0.25": 0.27182408973560046,
            "0.3": 0.32501761436288196,
            "0.35": 0.2826246066017712,
            "0.4": 0.1680572674694226,
            "0.45": 0.07882096069868996,
            "0.5": 0.018399953855915096
        }
    },
    "war": {
        "iou": 0.20717952864130654,
        "coverage": 0.3070885014081131,
        "precision": 0.38905336673498825,
        "recall": 0.3070885014081131,
        "segment_indices": [
            12,
            31,
            16,
            22
        ],
        "num_segments_used": 4,
        "iou_curve": {
            "0.05": 0.012562751770019531,
            "0.1": 0.017214391346434713,
            "0.15": 0.03512285644777116,
            "0.2": 0.11773237263160337,
            "0.25": 0.19352541769447906,
            "0.3": 0.20651034019883385,
            "0.35": 0.17161250766400982,
            "0.4": 0.09595710153108022,
            "0.45": 0.02984201287302516,
            "0.5": 0.004413194704166355
        }
    }
}