{
    "keys": {
        "iou": 0.2861942551906572,
        "coverage": 0.37669752913648524,
        "precision": 0.5436317515712601,
        "recall": 0.37669752913648524,
        "segment_index": 0
    },
    "colors": {
        "iou": 0.010810972688068998,
        "coverage": 0.07879515442540652,
        "precision": 0.012375092127590285,
        "recall": 0.07879515442540652,
        "segment_index": 6
    },
    "piano": {
        "iou": 0.13200713156843888,
        "coverage": 0.13264898591241508,
        "precision": 0.9646409293914568,
        "recall": 0.13264898591241508,
        "segment_index": 5
    },
    "neon": {
        "iou": 0.022294589178356715,
        "coverage": 0.04166211556165837,
        "precision": 0.04576384484856795,
        "recall": 0.04166211556165837,
        "segment_index": 6
    }
}