{
    "keys": {
        "iou": 0.4649310648283954,
        "coverage": 0.7097770960916245,
        "precision": 0.5740648514537701,
        "recall": 0.7097770960916245,
        "segment_indices": [
            0,
            2,
            14
        ],
        "num_segments_used": 3,
        "iou_curve": {
            "0.05": 0.10528398838792863,
            "0.1": 0.12590091358470226,
            "0.15": 0.16153809132774455,
            "0.2": 0.2066657117506396,
            "0.25": 0.2585677936818739,
            "0.3": 0.3198168715087668,
            "0.35": 0.41060419235511714,
            "0.4": 0.4725859381679239,
            "0.45": 0.4559283136804916,
            "0.5": 0.38143232133128624
        }
    },
    "colors": {
        "iou": 0.01110199743533462,
        "coverage": 0.10487831496234858,
        "precision": 0.012264066667517452,
        "recall": 0.10487831496234858,
        "segment_indices": [
            6,
            8
        ],
        "num_segments_used": 2,
        "iou_curve": {
            "0.05": 0.07472896575927734,
            "0.1": 0.12835291302429577,
            "0.15": 0.13277902550134596,
            "0.2": 0.089324348464699,
            "0.25": 0.055688972544947105,
            "0.3": 0.029906916033879898,
            "0.35": 0.011979339647491325,
            "0.4": 0.00330719780015607,
            "0.45": 0.002129979460912341,
            "0.5": 0.0016441708408213207
        }
    },
    "piano": {
        "iou": 0.3323295395834256,
        "coverage": 0.3817042247683781,
        "precision": 0.7198222266432667,
        "recall": 0.3817042247683781,
        "segment_indices": [
            5,
            7,
            4,
            3,
            0,
            9,
            15,
            12,
            11,
            8,
            13,
            10,
            1
        ],
        "num_segments_used": 13,
        "iou_curve": {
            "0.05": 0.26852277693280946,
            "0.1": 0.27202575648537103,
            "0.15": 0.2864728534621545,
            "0.2": 0.30575122474418065,
            "0.25": 0.31838596230200394,
            "0.3": 0.3256397164437362,
            "0.35": 0.33098477182725583,
            "0.4": 0.3343498408782386,
            "0.45": 0.3335833874851879,
            "0.5": 0.32866263048303634
        }
    },
    "neon": {
        "iou": 0.03247069338376705,
        "coverage": 0.06349181581287937,
        "precision": 0.06231717589401945,
        "recall": 0.06349181581287937,
        "segment_indices": [
            6,
            9,
            13,
            14,
            11
        ],
        "num_segments_used": 5,
        "iou_curve": {
            "0.05": 0.06227622239559589,
            "0.1": 0.07458604812787768,
            "0.15": 0.09024267860773956,
            "0.2": 0.0978511113635503,
            "0.25": 0.09051705526770294,
            "0.3": 0.07373545248929388,
            "0.35": 0.054594731286832614,
            "0.4": 0.03247069338376705,
            "0.45": 0.01588023744529659,
            "0.5": 0.006616194428607417
        }
    }
}