{
    "person": {
        "iou": 0.8321307616168642,
        "coverage": 0.971853445959541,
        "precision": 0.8526803091656496,
        "recall": 0.971853445959541,
        "segment_indices": [
            0,
            2,
            4,
            6,
            13
        ],
        "num_segments_used": 5,
        "iou_curve": {
            "0.05": 0.8697085875664156,
            "0.1": 0.8908177272475533,
            "0.15": 0.916598398644513,
            "0.2": 0.9170277849925498,
            "0.25": 0.9099426869548571,
            "0.3": 0.8993917853850043,
            "0.35": 0.882711643396351,
            "0.4": 0.8592020402343963,
            "0.45": 0.8285892566061202,
            "0.5": 0.7735562473279753
        }
    },
    "arms": {
        "iou": 0.10535401354850522,
        "coverage": 0.17726142539661585,
        "precision": 0.20616762635956493,
        "recall": 0.17726142539661585,
        "segment_indices": [
            6,
            15,
            9
        ],
        "num_segments_used": 3,
        "iou_curve": {
            "0.05": 0.0372652859198732,
            "0.1": 0.039620366473960535,
            "0.15": 0.05312028354348469,
            "0.2": 0.10364492636542616,
            "0.25": 0.10535401354850522,
            "0.3": 0.054175848172632164,
            "0.35": 0.014567061191240595,
            "0.4": 0.0021710044682301264,
            "0.45": 0.0002550564950136455,
            "0.5": 0.0
        }
    },
    "three": {
        "iou": 0.09480086325289386,
        "coverage": 0.2269290377119241,
        "precision": 0.1400214436813585,
        "recall": 0.2269290377119241,
        "segment_indices": [
            1
        ],
        "num_segments_used": 1,
        "iou_curve": {
            "0.05": 0.03291543226244594,
            "0.1": 0.04235964246501654,
            "0.15": 0.09020901797474754,
            "0.2": 0.19862845946607888,
            "0.25": 0.2118201643280393,
            "0.3": 0.15774161578055565,
            "0.35": 0.06250804410313612,
            "0.4": 0.0,
            "0.45": 0.0,
            "0.5": 0.0
        }
    },
    "tools": {
        "iou": 0.48557194519890157,
        "coverage": 0.5164796577977112,
        "precision": 0.890279803009877,
        "recall": 0.5164796577977112,
        "segment_indices": [
            20,
            16,
            10,
            17,
            12,
            9,
            3,
            14,
            11,
            19,
            7,
            22,
            5,
            8
        ],
        "num_segments_used": 14,
        "iou_curve": {
            "0.05": 0.06936397432080671,
            "0.1": 0.08825153161146122,
            "0.15": 0.14252829579494292,
            "0.2": 0.2489769862247295,
            "0.25": 0.3217609298438865,
            "0.3": 0.3591440146227272,
            "0.35": 0.39076100654736434,
            "0.4": 0.4235439932698421,
            "0.45": 0.4609203282141166,
            "0.5": 0.504987854632927
        }
    }
}