{
    "person": {
        "iou": 0.4947593021556287,
        "coverage": 0.558418284137476,
        "precision": 0.8127355470512055,
        "recall": 0.558418284137476,
        "segment_index": 0
    },
    "arms": {
        "iou": 0.06601032425581899,
        "coverage": 0.09397760028164676,
        "precision": 0.18154382385445889,
        "recall": 0.09397760028164676,
        "segment_index": 6
    },
    "three": {
        "iou": 0.09480086325289386,
        "coverage": 0.2269290377119241,
        "precision": 0.1400214436813585,
        "recall": 0.2269290377119241,
        "segment_index": 1
    },
    "tools": {
        "iou": 0.1750674349193175,
        "coverage": 0.1750674349193175,
        "precision": 1.0,
        "recall": 0.1750674349193175,
        "segment_index": 20
    }
}