{
    "lighting": {
        "iou": 0.4368009891530377,
        "coverage": 0.4368009891530377,
        "precision": 1.0,
        "recall": 0.4368009891530377,
        "segment_indices": [
            1
        ],
        "num_segments_used": 1,
        "iou_curve": {
            "0.05": 0.01482391357421875,
            "0.1": 0.014915190484369468,
            "0.15": 0.023180694287444188,
            "0.2": 0.09135200258587758,
            "0.25": 0.1784267135002353,
            "0.3": 0.25221073810257827,
            "0.35": 0.32232913072329133,
            "0.4": 0.38517196947170185,
            "0.45": 0.44608982637394173,
            "0.5": 0.500986002004332
        }
    },
    "physics": {
        "iou": 0.01952190493178261,
        "coverage": 0.6294119505798338,
        "precision": 0.019748902701035978,
        "recall": 0.6294119505798338,
        "segment_indices": [
            0
        ],
        "num_segments_used": 1,
        "iou_curve": {
            "0.05": 0.9618864059448242,
            "0.1": 0.9509904342269654,
            "0.15": 0.8626143119574874,
            "0.2": 0.3134223890441093,
            "0.25": 0.1212348983445469,
            "0.3": 0.07735390263309133,
            "0.35": 0.049377205952727425,
            "0.4": 0.031283691881046176,
            "0.45": 0.01952190493178261,
            "0.5": 0.010427607490836701
        }
    },
    "error": {
        "iou": 0.9298568748219531,
        "coverage": 0.9901910326979524,
        "precision": 0.9385016849872052,
        "recall": 0.9901910326979524,
        "segment_indices": [
            0
        ],
        "num_segments_used": 1,
        "iou_curve": {
            "0.05": 0.9618936807370249,
            "0.1": 0.9705376366936391,
            "0.15": 0.9774020709053377,
            "0.2": 0.9730077587721839,
            "0.25": 0.9679336281491128,
            "0.3": 0.9622523269382639,
            "0.35": 0.9551017200561892,
            "0.4": 0.9447607540349119,
            "0.45": 0.9321987445849174,
            "0.5": 0.9141533806815391
        }
    }
}