{
    "lighting": {
        "iou": 0.4368009891530377,
        "coverage": 0.4368009891530377,
        "precision": 1.0,
        "recall": 0.4368009891530377,
        "segment_index": 1
    },
    "physics": {
        "iou": 0.01952190493178261,
        "coverage": 0.6294119505798338,
        "precision": 0.019748902701035978,
        "recall": 0.6294119505798338,
        "segment_index": 0
    },
    "error": {
        "iou": 0.9298568748219531,
        "coverage": 0.9901910326979524,
        "precision": 0.9385016849872052,
        "recall": 0.9901910326979524,
        "segment_index": 0
    }
}