{
    "red": {
        "iou": 0.14005006739842096,
        "coverage": 0.782459009338555,
        "precision": 0.14572413240362267,
        "recall": 0.782459009338555,
        "segment_indices": [
            0
        ],
        "num_segments_used": 1,
        "iou_curve": {
            "0.05": 0.11898839928434914,
            "0.1": 0.18709378114822997,
            "0.15": 0.2980080358851166,
            "0.2": 0.3053672436073978,
            "0.25": 0.2570734991126252,
            "0.3": 0.17263093341709482,
            "0.35": 0.103413741710104,
            "0.4": 0.04887095101738041,
            "0.45": 0.019574420409894447,
            "0.5": 0.008052174888431308
        }
    },
    "hat": {
        "iou": 0.17929535662612403,
        "coverage": 0.19985997029401764,
        "precision": 0.6353699990044233,
        "recall": 0.19985997029401764,
        "segment_indices": [
            3,
            4
        ],
        "num_segments_used": 2,
        "iou_curve": {
            "0.05": 0.13410797340766928,
            "0.1": 0.1571605075178916,
            "0.15": 0.18788139502480294,
            "0.2": 0.2148921950044583,
            "0.25": 0.22067101504881273,
            "0.3": 0.21865952260103086,
            "0.35": 0.2062296490122735,
            "0.4": 0.1760710807195367,
            "0.45": 0.11908836131396697,
            "0.5": 0.07145281057697189
        }
    },
    "green": {
        "iou": 0.03185626158911484,
        "coverage": 0.08147768625441743,
        "precision": 0.04970746172958243,
        "recall": 0.08147768625441743,
        "segment_indices": [
            0
        ],
        "num_segments_used": 1,
        "iou_curve": {
            "0.05": 0.11900174730464905,
            "0.1": 0.04306720061490461,
            "0.15": 0.043856921596695846,
            "0.2": 0.05086692674469007,
            "0.25": 0.058103268379346325,
            "0.3": 0.05104946351031599,
            "0.35": 0.03822810751162607,
            "0.4": 0.027829678434457664,
            "0.45": 0.01940130986592992,
            "0.5": 0.013591964614817546
        }
    },
    "scarf": {
        "iou": 0.12853551588600115,
        "coverage": 0.21062326520312893,
        "precision": 0.2480074280408542,
        "recall": 0.21062326520312893,
        "segment_indices": [
            1,
            2
        ],
        "num_segments_used": 2,
        "iou_curve": {
            "0.05": 0.1283884048461914,
            "0.1": 0.13947951822312174,
            "0.15": 0.17463692033685876,
            "0.2": 0.1912384247827997,
            "0.25": 0.1868813455190779,
            "0.3": 0.1811789779127504,
            "0.35": 0.16868567739046444,
            "0.4": 0.1573324846348545,
            "0.45": 0.14591139214206067,
            "0.5": 0.11936271517519229
        }
    },
    "orange": {
        "iou": 0.31914236694653303,
        "coverage": 0.8222760596993338,
        "precision": 0.3427872639500748,
        "recall": 0.8222760596993338,
        "segment_indices": [
            1,
            3
        ],
        "num_segments_used": 2,
        "iou_curve": {
            "0.05": 0.25306922383661323,
            "0.1": 0.40612307268417275,
            "0.15": 0.47162236546525294,
            "0.2": 0.5220901596124141,
            "0.25": 0.4130507365867619,
            "0.3": 0.2791123605077093,
            "0.35": 0.14989038223238968,
            "0.4": 0.07301915140308167,
            "0.45": 0.02320839872937678,
            "0.5": 0.0032588998104940343
        }
    },
    "gloves": {
        "iou": 0.32616343876271425,
        "coverage": 0.6068111120712002,
        "precision": 0.41356693290146856,
        "recall": 0.6068111120712002,
        "segment_indices": [
            1,
            2,
            5
        ],
        "num_segments_used": 3,
        "iou_curve": {
            "0.05": 0.12955188751220703,
            "0.1": 0.15343609795789212,
            "0.15": 0.24080068965763934,
            "0.2": 0.3631259854908958,
            "0.25": 0.37670011641100454,
            "0.3": 0.31268557447920375,
            "0.35": 0.201387370555147,
            "0.4": 0.10274610926978299,
            "0.45": 0.032219767885280935,
            "0.5": 0.004702091038927748
        }
    }
}