{
    "red": {
        "iou": 0.14005006739842096,
        "coverage": 0.782459009338555,
        "precision": 0.14572413240362267,
        "recall": 0.782459009338555,
        "segment_index": 0
    },
    "hat": {
        "iou": 0.17247046594277204,
        "coverage": 0.19225228610797945,
        "precision": 0.626332704177932,
        "recall": 0.19225228610797945,
        "segment_index": 3
    },
    "green": {
        "iou": 0.03185626158911484,
        "coverage": 0.08147768625441743,
        "precision": 0.04970746172958243,
        "recall": 0.08147768625441743,
        "segment_index": 0
    },
    "scarf": {
        "iou": 0.1164312337154007,
        "coverage": 0.18858819076457228,
        "precision": 0.23330679902603485,
        "recall": 0.18858819076457228,
        "segment_index": 1
    },
    "orange": {
        "iou": 0.2747235732857806,
        "coverage": 0.46515580224369696,
        "precision": 0.4015733283386402,
        "recall": 0.46515580224369696,
        "segment_index": 1
    },
    "gloves": {
        "iou": 0.32071181532054427,
        "coverage": 0.5789121230450186,
        "precision": 0.4182899419366923,
        "recall": 0.5789121230450186,
        "segment_index": 1
    }
}