{
    "fans": {
        "iou": 0.21415372836561467,
        "coverage": 0.2226014294240982,
        "precision": 0.8494670754854723,
        "recall": 0.2226014294240982,
        "segment_index": 2
    },
    "soccer": {
        "iou": 0.3857615702431516,
        "coverage": 0.39552061702758823,
        "precision": 0.9398835455173483,
        "recall": 0.39552061702758823,
        "segment_index": 12
    },
    "stadium": {
        "iou": 0.022067009257730155,
        "coverage": 0.02210824436247555,
        "precision": 0.9220652703360935,
        "recall": 0.02210824436247555,
        "segment_index": 39
    },
    "fighting": {
        "iou": 0.048370578062826346,
        "coverage": 0.0850755965036617,
        "precision": 0.10081181328294492,
        "recall": 0.0850755965036617,
        "segment_index": 49
    }
}