{
    "fans": {
        "iou": 0.5685835102094542,
        "coverage": 0.6610856889242589,
        "precision": 0.8025080699472841,
        "recall": 0.6610856889242589,
        "segment_indices": [
            2,
            49,
            24,
            17,
            84,
            13,
            0,
            53,
            14,
            31,
            88,
            94,
            29,
            92,
            40,
            3,
            25,
            35,
            80
        ],
        "num_segments_used": 19,
        "iou_curve": {
            "0.05": 0.2053361359364226,
            "0.1": 0.2696080643382169,
            "0.15": 0.31628946550422593,
            "0.2": 0.39442445841179047,
            "0.25": 0.4411701331034939,
            "0.3": 0.4815199872772631,
            "0.35": 0.5214099871891386,
            "0.4": 0.5551434063640799,
            "0.45": 0.5683324029029428,
            "0.5": 0.5530387085142089
        }
    },
    "soccer": {
        "iou": 0.7622896612535822,
        "coverage": 0.861679026994957,
        "precision": 0.8685740257876229,
        "recall": 0.861679026994957,
        "segment_indices": [
            12,
            1,
            11,
            15,
            74,
            0,
            75,
            56
        ],
        "num_segments_used": 8,
        "iou_curve": {
            "0.05": 0.15951690452568115,
            "0.1": 0.16639487408494283,
            "0.15": 0.3569511563686572,
            "0.2": 0.5031304132640435,
            "0.25": 0.5881136912884988,
            "0.3": 0.6530532850318338,
            "0.35": 0.7106653720836873,
            "0.4": 0.7512500951849126,
            "0.45": 0.7662444860133676,
            "0.5": 0.7598444363616015
        }
    },
    "stadium": {
        "iou": 0.21435491131718737,
        "coverage": 0.23171417726693203,
        "precision": 0.7410160164833455,
        "recall": 0.23171417726693203,
        "segment_indices": [
            39,
            34,
            5,
            79,
            99,
            52,
            95,
            43,
            23,
            26,
            30,
            42,
            68,
            67,
            62,
            85,
            44,
            64,
            47,
            63,
            41,
            51,
            73,
            37,
            71,
            50,
            16,
            4,
            91,
            48,
            96,
            92,
            66,
            7,
            70,
            38,
            60,
            45,
            61,
            83,
            65,
            93,
            59,
            55,
            81,
            78,
            10,
            76,
            77,
            54,
            94,
            97,
            72,
            58,
            33,
            98,
            27,
            32,
            87,
            82,
            90,
            36
        ],
        "num_segments_used": 62,
        "iou_curve": {
            "0.05": 0.15352888266944248,
            "0.1": 0.2213330124987208,
            "0.15": 0.24622715457280328,
            "0.2": 0.25882397568324894,
            "0.25": 0.2624696050184924,
            "0.3": 0.25933517419005486,
            "0.35": 0.25083993660855786,
            "0.4": 0.23178914336815837,
            "0.45": 0.20432657520766404,
            "0.5": 0.16869217841797002
        }
    },
    "fighting": {
        "iou": 0.06644327217632683,
        "coverage": 0.17741554453106545,
        "precision": 0.09602506113446385,
        "recall": 0.17741554453106545,
        "segment_indices": [
            49,
            14,
            15,
            44,
            88,
            25,
            22
        ],
        "num_segments_used": 7,
        "iou_curve": {
            "0.05": 0.059668540954589844,
            "0.1": 0.12254702618753256,
            "0.15": 0.19981340045131055,
            "0.2": 0.16869626225095394,
            "0.25": 0.08365758754863813,
            "0.3": 0.02203303034182563,
            "0.35": 0.005934326783594884,
            "0.4": 0.0010417817625053272,
            "0.45": 0.00039794342836222405,
            "0.5": 0.0
        }
    }
}