{
    "left": {
        "iou": 0.570249432421304,
        "coverage": 0.6344917156331173,
        "precision": 0.8492180468046805,
        "recall": 0.6344917156331173,
        "segment_indices": [
            1,
            2,
            4,
            3
        ],
        "num_segments_used": 4,
        "iou_curve": {
            "0.05": 0.1695261165205947,
            "0.1": 0.21264099009166673,
            "0.15": 0.34354317436753884,
            "0.2": 0.49179840689678156,
            "0.25": 0.5598388197196001,
            "0.3": 0.5865502424545721,
            "0.35": 0.5885900796635293,
            "0.4": 0.5671621940004712,
            "0.45": 0.5497533574075385,
            "0.5": 0.5211221607145773
        }
    },
    "middle": {
        "iou": 0.4497619954201583,
        "coverage": 0.9694870598188812,
        "precision": 0.45622001157614017,
        "recall": 0.9694870598188812,
        "segment_indices": [
            0,
            4,
            3
        ],
        "num_segments_used": 3,
        "iou_curve": {
            "0.05": 0.881495475769043,
            "0.1": 0.8814678192138672,
            "0.15": 0.8782575485693559,
            "0.2": 0.7982207803779576,
            "0.25": 0.5428687909341561,
            "0.3": 0.27806868828292175,
            "0.35": 0.07718865411721028,
            "0.4": 0.01679754728566857,
            "0.45": 0.0030850509163206983,
            "0.5": 0.0003213186832208898
        }
    },
    "right": {
        "iou": 0.785508330333458,
        "coverage": 0.9946480518790826,
        "precision": 0.7888424680692748,
        "recall": 0.9946480518790826,
        "segment_indices": [
            0
        ],
        "num_segments_used": 1,
        "iou_curve": {
            "0.05": 0.8150283339341539,
            "0.1": 0.8473590243745164,
            "0.15": 0.8669688477436243,
            "0.2": 0.8875243851382048,
            "0.25": 0.8914737331050312,
            "0.3": 0.8855093986281374,
            "0.35": 0.8718222030873499,
            "0.4": 0.8473124723442655,
            "0.45": 0.810288022725156,
            "0.5": 0.7295013902106776
        }
    }
}