{
    "left": {
        "iou": 0.26056876739044543,
        "coverage": 0.26056876739044543,
        "precision": 1.0,
        "recall": 0.26056876739044543,
        "segment_index": 1
    },
    "middle": {
        "iou": 0.4078600637066438,
        "coverage": 0.8589926039686134,
        "precision": 0.43712656816509327,
        "recall": 0.8589926039686134,
        "segment_index": 0
    },
    "right": {
        "iou": 0.785508330333458,
        "coverage": 0.9946480518790826,
        "precision": 0.7888424680692748,
        "recall": 0.9946480518790826,
        "segment_index": 0
    }
}