{
    "boxers": {
        "iou": 0.1729897634283699,
        "coverage": 0.17464850672621088,
        "precision": 0.947954703684233,
        "recall": 0.17464850672621088,
        "segment_index": 17
    },
    "fighting": {
        "iou": 0.15935404779561999,
        "coverage": 0.4148787359379002,
        "precision": 0.20555018692592267,
        "recall": 0.4148787359379002,
        "segment_index": 26
    },
    "boxing": {
        "iou": 0.1578151917731486,
        "coverage": 0.161940861002207,
        "precision": 0.8610061986449474,
        "recall": 0.161940861002207,
        "segment_index": 37
    },
    "ring": {
        "iou": 0.10616630451948787,
        "coverage": 0.19364291035510306,
        "precision": 0.1902935176237469,
        "recall": 0.19364291035510306,
        "segment_index": 26
    },
    "sport": {
        "iou": 0.0757303843526726,
        "coverage": 0.08757613618616274,
        "precision": 0.35892417528311177,
        "recall": 0.08757613618616274,
        "segment_index": 9
    }
}