{
    "boxers": {
        "iou": 0.5914245360071116,
        "coverage": 0.686180836777806,
        "precision": 0.8107071613032922,
        "recall": 0.686180836777806,
        "segment_indices": [
            17,
            9,
            46,
            5,
            2,
            6,
            11,
            8,
            30,
            16,
            50,
            47,
            29,
            28,
            21,
            27
        ],
        "num_segments_used": 16,
        "iou_curve": {
            "0.05": 0.30835628509521484,
            "0.1": 0.3090462467801211,
            "0.15": 0.4017327855708932,
            "0.2": 0.5600676995182919,
            "0.25": 0.6111903533144295,
            "0.3": 0.6306247460948391,
            "0.35": 0.6352165682281269,
            "0.4": 0.6251921344715576,
            "0.45": 0.5914245360071116,
            "0.5": 0.5009651397291847
        }
    },
    "fighting": {
        "iou": 0.16822589602289717,
        "coverage": 0.465512146107926,
        "precision": 0.20849768365320978,
        "recall": 0.465512146107926,
        "segment_indices": [
            26,
            12,
            50
        ],
        "num_segments_used": 3,
        "iou_curve": {
            "0.05": 0.10807514190673828,
            "0.1": 0.14057756917304012,
            "0.15": 0.2362553396033049,
            "0.2": 0.3038283923237957,
            "0.25": 0.2628237129485179,
            "0.3": 0.20545032856590645,
            "0.35": 0.12704638079376165,
            "0.4": 0.06524698724305428,
            "0.45": 0.034074816068529586,
            "0.5": 0.01585526718090729
        }
    },
    "boxing": {
        "iou": 0.40415925434090855,
        "coverage": 0.43734443884107954,
        "precision": 0.8419316449882038,
        "recall": 0.43734443884107954,
        "segment_indices": [
            37,
            1,
            45,
            43,
            20,
            3,
            4,
            31,
            48,
            10,
            7,
            15,
            13,
            34,
            36,
            38,
            41,
            22,
            24,
            0
        ],
        "num_segments_used": 20,
        "iou_curve": {
            "0.05": 0.09135906552323984,
            "0.1": 0.12167414050822123,
            "0.15": 0.16341692908383498,
            "0.2": 0.18531370859546206,
            "0.25": 0.2149839030549253,
            "0.3": 0.25560411793829924,
            "0.35": 0.33365721554946814,
            "0.4": 0.4333231052470083,
            "0.45": 0.47826867687091934,
            "0.5": 0.4342034741198281
        }
    },
    "ring": {
        "iou": 0.15898075058856115,
        "coverage": 0.3078817978644152,
        "precision": 0.24739799501947513,
        "recall": 0.3078817978644152,
        "segment_indices": [
            26,
            12,
            18,
            28,
            42,
            23,
            38,
            19
        ],
        "num_segments_used": 8,
        "iou_curve": {
            "0.05": 0.11948394775390625,
            "0.1": 0.12736457016417196,
            "0.15": 0.13600757916745315,
            "0.2": 0.15898075058856115,
            "0.25": 0.07391648749575648,
            "0.3": 0.020090239848017097,
            "0.35": 0.0037254198077460014,
            "0.4": 0.0001117425451759147,
            "0.45": 0.0,
            "0.5": 0.0
        }
    },
    "sport": {
        "iou": 0.12774978195561584,
        "coverage": 0.1583692740181886,
        "precision": 0.3978601717295185,
        "recall": 0.1583692740181886,
        "segment_indices": [
            9,
            51,
            32,
            39,
            38,
            34,
            14,
            21,
            23,
            33,
            35,
            24,
            40,
            44,
            43,
            42,
            48,
            29,
            47,
            22
        ],
        "num_segments_used": 20,
        "iou_curve": {
            "0.05": 0.12639523616970955,
            "0.1": 0.14643186805290706,
            "0.15": 0.17429150758505638,
            "0.2": 0.18523624918175127,
            "0.25": 0.16056985089320258,
            "0.3": 0.1243227808814401,
            "0.35": 0.07830907584480423,
            "0.4": 0.044619848159322684,
            "0.45": 0.02786779456532413,
            "0.5": 0.008196414816365906
        }
    }
}