{
    "glass": {
        "iou": 0.7477444389441579,
        "coverage": 0.8817404076098896,
        "precision": 0.8310930733369619,
        "recall": 0.8817404076098896,
        "segment_indices": [
            1
        ],
        "num_segments_used": 1,
        "iou_curve": {
            "0.05": 0.1612178035090062,
            "0.1": 0.2456670208142876,
            "0.15": 0.3648651859403721,
            "0.2": 0.5436814552308655,
            "0.25": 0.7545453314130145,
            "0.3": 0.7963482671174978,
            "0.35": 0.8094590184511108,
            "0.4": 0.8008426068212993,
            "0.45": 0.7795947088446734,
            "0.5": 0.7360820225679603
        }
    },
    "water": {
        "iou": 0.13206096031426745,
        "coverage": 1.0,
        "precision": 0.13206096031426745,
        "recall": 1.0,
        "segment_indices": [
            1
        ],
        "num_segments_used": 1,
        "iou_curve": {
            "0.05": 0.16119766235351562,
            "0.1": 0.46313831795366917,
            "0.15": 0.604934900384481,
            "0.2": 0.4348431850915611,
            "0.25": 0.2934839198239345,
            "0.3": 0.19983079726435857,
            "0.35": 0.13582365051944056,
            "0.4": 0.09076011075088151,
            "0.45": 0.061060889320112645,
            "0.5": 0.040230021061599265
        }
    },
    "reflection": {
        "iou": 0.26570904532233264,
        "coverage": 0.933642912941585,
        "precision": 0.27082349830994956,
        "recall": 0.933642912941585,
        "segment_indices": [
            9
        ],
        "num_segments_used": 1,
        "iou_curve": {
            "0.05": 0.30297183990478516,
            "0.1": 0.38639712654264136,
            "0.15": 0.49103031741232217,
            "0.2": 0.50992536448438,
            "0.25": 0.46074897296571704,
            "0.3": 0.4003922766137367,
            "0.35": 0.3361637833345924,
            "0.4": 0.28179379261118903,
            "0.45": 0.2308320498807631,
            "0.5": 0.16594310932748235
        }
    },
    "table": {
        "iou": 0.376893765038656,
        "coverage": 0.46714889161349216,
        "precision": 0.6611035120381981,
        "recall": 0.46714889161349216,
        "segment_indices": [
            11,
            6,
            7,
            12,
            10,
            5,
            15,
            3,
            14,
            13,
            4
        ],
        "num_segments_used": 11,
        "iou_curve": {
            "0.05": 0.30121918417101773,
            "0.1": 0.3557875567670895,
            "0.15": 0.39662533759994295,
            "0.2": 0.4329449894262329,
            "0.25": 0.45822467293089353,
            "0.3": 0.45970817238892164,
            "0.35": 0.43627433289165923,
            "0.4": 0.376893765038656,
            "0.45": 0.29680240661587065,
            "0.5": 0.1388367366689248
        }
    },
    "wood": {
        "iou": 0.41964322252383746,
        "coverage": 0.8014935045902633,
        "precision": 0.4683169748705087,
        "recall": 0.8014935045902633,
        "segment_indices": [
            9,
            11,
            7,
            12,
            13,
            3
        ],
        "num_segments_used": 6,
        "iou_curve": {
            "0.05": 0.5011358261108398,
            "0.1": 0.5640874471578801,
            "0.15": 0.5691717458241338,
            "0.2": 0.5372315246911219,
            "0.25": 0.5229274468044904,
            "0.3": 0.4961906584419972,
            "0.35": 0.44345328242902743,
            "0.4": 0.34326887062116823,
            "0.45": 0.23889563850775217,
            "0.5": 0.11236257283355686
        }
    }
}