{
    "glass": {
        "iou": 0.7477444389441579,
        "coverage": 0.8817404076098896,
        "precision": 0.8310930733369619,
        "recall": 0.8817404076098896,
        "segment_index": 1
    },
    "water": {
        "iou": 0.13206096031426745,
        "coverage": 1.0,
        "precision": 0.13206096031426745,
        "recall": 1.0,
        "segment_index": 1
    },
    "reflection": {
        "iou": 0.26570904532233264,
        "coverage": 0.933642912941585,
        "precision": 0.27082349830994956,
        "recall": 0.933642912941585,
        "segment_index": 9
    },
    "table": {
        "iou": 0.2563507085398351,
        "coverage": 0.27635606189423567,
        "precision": 0.7797965896249345,
        "recall": 0.27635606189423567,
        "segment_index": 11
    },
    "wood": {
        "iou": 0.3570444988879622,
        "coverage": 0.5353591933902815,
        "precision": 0.5173662908900932,
        "recall": 0.5353591933902815,
        "segment_index": 9
    }
}