{
    "water": {
        "iou": 0.383084720631633,
        "coverage": 0.7549472726755919,
        "precision": 0.43748496957677624,
        "recall": 0.7549472726755919,
        "segment_indices": [
            1,
            3,
            6,
            16,
            20,
            8,
            29,
            18,
            10,
            28,
            24,
            21
        ],
        "num_segments_used": 12,
        "iou_curve": {
            "0.05": 0.28950957576682435,
            "0.1": 0.3545512790234343,
            "0.15": 0.4677891693947222,
            "0.2": 0.5365136126179259,
            "0.25": 0.5197013060819079,
            "0.3": 0.48350882688926755,
            "0.35": 0.43373561668464583,
            "0.4": 0.37360680374935934,
            "0.45": 0.3161049086424991,
            "0.5": 0.25475175341732087
        }
    },
    "falling": {
        "iou": 0.03201646133482223,
        "coverage": 0.4412772996427972,
        "precision": 0.03336916737518967,
        "recall": 0.4412772996427972,
        "segment_indices": [
            0,
            29,
            6,
            10,
            7
        ],
        "num_segments_used": 5,
        "iou_curve": {
            "0.05": 0.5260700797314309,
            "0.1": 0.47945738034640395,
            "0.15": 0.23114431621542314,
            "0.2": 0.10535259631245404,
            "0.25": 0.0621468368923127,
            "0.3": 0.0344172436388599,
            "0.35": 0.014699862238850068,
            "0.4": 0.00499634238188416,
            "0.45": 0.002063865886702626,
            "0.5": 0.0007717628984950624
        }
    },
    "upwards": {
        "iou": 0.9024516103521224,
        "coverage": 0.9814926310266676,
        "precision": 0.9180744313462045,
        "recall": 0.9814926310266676,
        "segment_indices": [
            0,
            4
        ],
        "num_segments_used": 2,
        "iou_curve": {
            "0.05": 0.4741506576538086,
            "0.1": 0.5738811536836077,
            "0.15": 0.7391641189756792,
            "0.2": 0.8333243503627997,
            "0.25": 0.8887926273269728,
            "0.3": 0.9193363951988144,
            "0.35": 0.934051222126349,
            "0.4": 0.9267292256846081,
            "0.45": 0.8991483453453691,
            "0.5": 0.8467970890393949
        }
    },
    "fountain": {
        "iou": 0.265830790028881,
        "coverage": 0.41117020644645186,
        "precision": 0.4292382235966298,
        "recall": 0.41117020644645186,
        "segment_indices": [
            1,
            14,
            11,
            33,
            27,
            10
        ],
        "num_segments_used": 6,
        "iou_curve": {
            "0.05": 0.2306900711959295,
            "0.1": 0.24344317144884922,
            "0.15": 0.28937506746927255,
            "0.2": 0.3203773987794294,
            "0.25": 0.3231941326971072,
            "0.3": 0.3196243080707989,
            "0.35": 0.31386810989692854,
            "0.4": 0.29376147505761946,
            "0.45": 0.265830790028881,
            "0.5": 0.22398184570462165
        }
    }
}