{
    "water": {
        "iou": 0.33029535974382496,
        "coverage": 0.5793411216281515,
        "precision": 0.43450028353009895,
        "recall": 0.5793411216281515,
        "segment_index": 1
    },
    "falling": {
        "iou": 0.02997694962939744,
        "coverage": 0.37599789034593534,
        "precision": 0.031546363137177603,
        "recall": 0.37599789034593534,
        "segment_index": 0
    },
    "upwards": {
        "iou": 0.9024318393008957,
        "coverage": 0.98147112833238,
        "precision": 0.9180727835180108,
        "recall": 0.98147112833238,
        "segment_index": 0
    },
    "fountain": {
        "iou": 0.2535588631198573,
        "coverage": 0.39014934002875123,
        "precision": 0.42003811667796526,
        "recall": 0.39014934002875123,
        "segment_index": 1
    }
}