{
    "texture": {
        "iou": 0.011915103888547952,
        "coverage": 0.012156052819879009,
        "precision": 0.3754394776494224,
        "recall": 0.012156052819879009,
        "segment_index": 49
    },
    "weaving": {
        "iou": 0.00717816939070999,
        "coverage": 0.00717816939070999,
        "precision": 1.0,
        "recall": 0.00717816939070999,
        "segment_index": 93
    },
    "colors": {
        "iou": 0.0226240524067602,
        "coverage": 0.02312737314463238,
        "precision": 0.5096995055154051,
        "recall": 0.02312737314463238,
        "segment_index": 1
    }
}