{
    "texture": {
        "iou": 0.048263415540959226,
        "coverage": 0.05066512717101412,
        "precision": 0.5044935632742288,
        "recall": 0.05066512717101412,
        "segment_indices": [
            49,
            109,
            67,
            27,
            105,
            135
        ],
        "num_segments_used": 6,
        "iou_curve": {
            "0.05": 0.011778831481933594,
            "0.1": 0.01406330594152188,
            "0.15": 0.026304748314822112,
            "0.2": 0.039541081707667465,
            "0.25": 0.0465262123086832,
            "0.3": 0.04873141163927944,
            "0.35": 0.048928407470944985,
            "0.4": 0.048263415540959226,
            "0.45": 0.03994292499808473,
            "0.5": 0.026966639331598152
        }
    },
    "weaving": {
        "iou": 0.34738836935653683,
        "coverage": 0.36584010539634504,
        "precision": 0.8732190893693335,
        "recall": 0.36584010539634504,
        "segment_indices": [
            93,
            46,
            70,
            62,
            7,
            1,
            10,
            34,
            30,
            87,
            82,
            11,
            0,
            14,
            99,
            24,
            29,
            69,
            55,
            21,
            26,
            78,
            22,
            6,
            15,
            9,
            50,
            4,
            81,
            104,
            125,
            54,
            47,
            41,
            76,
            28,
            100,
            53,
            5,
            38,
            86,
            84,
            17,
            122,
            37,
            106,
            43,
            83,
            96,
            33,
            25,
            98,
            51,
            118,
            111,
            120,
            65,
            39,
            61,
            91,
            42,
            20,
            80,
            68,
            133,
            66,
            35,
            85,
            140,
            58,
            77,
            52,
            94,
            2,
            19,
            8,
            72,
            129,
            40,
            90,
            127,
            12,
            137,
            73,
            32,
            79,
            57,
            3,
            45,
            36,
            114,
            121,
            48,
            139,
            44,
            63,
            124,
            112,
            130,
            128,
            97,
            60,
            75,
            56,
            18,
            89,
            95,
            103,
            107,
            102,
            31,
            115,
            136,
            113,
            59,
            92,
            134,
            88,
            131,
            119,
            117,
            108,
            116,
            110,
            132,
            16,
            123,
            101,
            138,
            126,
            71,
            49,
            109,
            74,
            23,
            13,
            64,
            135
        ],
        "num_segments_used": 138,
        "iou_curve": {
            "0.05": 0.3063039779663086,
            "0.1": 0.3064783339790927,
            "0.15": 0.3084811641762942,
            "0.2": 0.31561863293449444,
            "0.25": 0.32519640909949293,
            "0.3": 0.3336666477998101,
            "0.35": 0.3405485959518487,
            "0.4": 0.34609767634023875,
            "0.45": 0.34789644606270387,
            "0.5": 0.34409004037078567
        }
    },
    "colors": {
        "iou": 0.20539436044135675,
        "coverage": 0.3252934069727304,
        "precision": 0.3578412758686159,
        "recall": 0.3252934069727304,
        "segment_indices": [
            1,
            11,
            53,
            46,
            36,
            29,
            56,
            118,
            90,
            0,
            84,
            40,
            17,
            20,
            57,
            7,
            34,
            4,
            97,
            89,
            9,
            51,
            62,
            74,
            16,
            22,
            71,
            61,
            122,
            31,
            101
        ],
        "num_segments_used": 31,
        "iou_curve": {
            "0.05": 0.10045557152434785,
            "0.1": 0.10570310267577948,
            "0.15": 0.1322152571925575,
            "0.2": 0.18206052869528216,
            "0.25": 0.21305920560459773,
            "0.3": 0.2272504082308474,
            "0.35": 0.22162428058438682,
            "0.4": 0.17775924110594926,
            "0.45": 0.11840290746114288,
            "0.5": 0.061379757138822905
        }
    }
}