{
    "scaly": {
        "iou": 0.0029228112129666534,
        "coverage": 0.003112179940585656,
        "precision": 0.04583333333333333,
        "recall": 0.003112179940585656,
        "segment_index": 85
    },
    "skin": {
        "iou": 0.05683069908035966,
        "coverage": 0.060004057069443506,
        "precision": 0.5179780527667522,
        "recall": 0.060004057069443506,
        "segment_index": 1
    },
    "python": {
        "iou": 0.058100310696848644,
        "coverage": 0.059719877731648344,
        "precision": 0.6817708333333333,
        "recall": 0.059719877731648344,
        "segment_index": 85
    },
    "serpent": {
        "iou": 0.003989417643181998,
        "coverage": 0.004013580810052057,
        "precision": 0.3985524165304693,
        "recall": 0.004013580810052057,
        "segment_index": 1
    }
}