{
    "scaly": {
        "iou": 0.004362223778895753,
        "coverage": 0.004845098316593578,
        "precision": 0.041934496479951025,
        "recall": 0.004845098316593578,
        "segment_indices": [
            85,
            68
        ],
        "num_segments_used": 2,
        "iou_curve": {
            "0.05": 0.0031156539916992188,
            "0.1": 0.0031750015833956918,
            "0.15": 0.005075501591352018,
            "0.2": 0.007637514839730906,
            "0.25": 0.00010256410256410256,
            "0.3": 0.0,
            "0.35": 0.0,
            "0.4": 0.0,
            "0.45": 0.0,
            "0.5": 0.0
        }
    },
    "skin": {
        "iou": 0.21626242119884603,
        "coverage": 0.32846034214618974,
        "precision": 0.3876713859315893,
        "recall": 0.32846034214618974,
        "segment_indices": [
            1,
            23,
            73,
            55,
            15,
            81,
            95,
            25,
            53,
            100,
            2,
            70,
            65,
            71,
            76,
            0,
            11,
            69,
            59,
            68,
            6,
            13,
            10,
            39,
            84,
            24,
            63
        ],
        "num_segments_used": 27,
        "iou_curve": {
            "0.05": 0.05965942689714898,
            "0.1": 0.07506901209914249,
            "0.15": 0.11352905232751917,
            "0.2": 0.19125856115382414,
            "0.25": 0.24311926605504589,
            "0.3": 0.24351183456398778,
            "0.35": 0.2091824612066602,
            "0.4": 0.14174148647930723,
            "0.45": 0.08724182444061962,
            "0.5": 0.04088140304975267
        }
    },
    "python": {
        "iou": 0.058100310696848644,
        "coverage": 0.059719877731648344,
        "precision": 0.6817708333333333,
        "recall": 0.059719877731648344,
        "segment_indices": [
            85
        ],
        "num_segments_used": 1,
        "iou_curve": {
            "0.05": 0.0018310546875,
            "0.1": 0.0020314816166784643,
            "0.15": 0.003939503991825529,
            "0.2": 0.01087272085570021,
            "0.25": 0.02567849971999508,
            "0.3": 0.04434879729766542,
            "0.35": 0.06154436345700663,
            "0.4": 0.02078167434171685,
            "0.45": 0.030360531309297913,
            "0.5": 0.03057624460995688
        }
    },
    "serpent": {
        "iou": 0.16026102610261025,
        "coverage": 0.16745590233855154,
        "precision": 0.7885820581526674,
        "recall": 0.16745590233855154,
        "segment_indices": [
            1,
            91,
            2,
            4,
            17,
            19,
            49,
            56,
            60,
            93,
            11,
            22,
            3,
            38,
            35,
            62,
            57,
            87,
            90,
            33,
            18,
            25,
            64,
            8,
            16,
            21,
            72,
            9,
            96,
            20,
            99,
            59,
            34,
            47,
            28,
            66,
            50,
            76,
            77,
            7,
            31,
            12,
            63,
            37,
            52,
            73,
            27,
            42,
            44,
            67,
            10,
            79,
            45,
            30,
            61,
            54,
            101,
            26,
            51,
            88,
            48,
            58,
            32,
            13,
            69,
            36,
            80,
            5,
            46,
            29,
            95,
            86,
            70,
            81,
            65,
            41,
            14,
            40,
            78,
            98,
            94,
            75,
            6,
            43,
            71,
            83,
            102,
            100,
            82,
            89,
            74,
            92,
            0,
            39,
            53,
            84,
            68,
            97,
            55,
            24,
            23,
            85,
            15
        ],
        "num_segments_used": 103,
        "iou_curve": {
            "0.05": 0.1722688274183519,
            "0.1": 0.1722350669963068,
            "0.15": 0.17220581065190582,
            "0.2": 0.17248827033479444,
            "0.25": 0.17236990052351417,
            "0.3": 0.1717102887907606,
            "0.35": 0.17036344160338723,
            "0.4": 0.16725396241864196,
            "0.45": 0.1637499404455109,
            "0.5": 0.15826636498400562
        }
    }
}