{
    "white": {
        "iou": 0.38399452804377565,
        "coverage": 0.6405301035632789,
        "precision": 0.4894770023205591,
        "recall": 0.6405301035632789,
        "segment_index": 38
    },
    "picket": {
        "iou": 0.42091333025248917,
        "coverage": 0.6840775638399563,
        "precision": 0.5224760116812682,
        "recall": 0.6840775638399563,
        "segment_index": 50
    },
    "fence": {
        "iou": 0.19250181303565295,
        "coverage": 0.19815398006491897,
        "precision": 0.8709467447760996,
        "recall": 0.19815398006491897,
        "segment_index": 44
    },
    "red": {
        "iou": 0.08802504565614401,
        "coverage": 0.1295300982800983,
        "precision": 0.21550843127235564,
        "recall": 0.1295300982800983,
        "segment_index": 0
    },
    "brick": {
        "iou": 0.03442125914036026,
        "coverage": 0.050221181368722355,
        "precision": 0.09862033725089422,
        "recall": 0.050221181368722355,
        "segment_index": 0
    },
    "house": {
        "iou": 0.05544372798394684,
        "coverage": 0.0554762399941204,
        "precision": 0.9895403324779649,
        "recall": 0.0554762399941204,
        "segment_index": 31
    },
    "distance": {
        "iou": 0.28142283917145644,
        "coverage": 0.478429203539823,
        "precision": 0.4059762202753442,
        "recall": 0.478429203539823,
        "segment_index": 50
    }
}