{
    "white": {
        "iou": 0.38399452804377565,
        "coverage": 0.6405301035632789,
        "precision": 0.4894770023205591,
        "recall": 0.6405301035632789,
        "segment_indices": [
            38
        ],
        "num_segments_used": 1,
        "iou_curve": {
            "0.05": 0.07109737396240234,
            "0.1": 0.15888893393390188,
            "0.15": 0.25273216248806524,
            "0.2": 0.3742594236210676,
            "0.25": 0.37161686122763093,
            "0.3": 0.27313910997647295,
            "0.35": 0.1557916435423769,
            "0.4": 0.05360059987681101,
            "0.45": 0.012580640834775144,
            "0.5": 0.0
        }
    },
    "picket": {
        "iou": 0.42091333025248917,
        "coverage": 0.6840775638399563,
        "precision": 0.5224760116812682,
        "recall": 0.6840775638399563,
        "segment_indices": [
            50
        ],
        "num_segments_used": 1,
        "iou_curve": {
            "0.05": 0.01828765869140625,
            "0.1": 0.08670764343782562,
            "0.15": 0.3261262346422549,
            "0.2": 0.37427422956677087,
            "0.25": 0.14228830645161292,
            "0.3": 0.03646076448316996,
            "0.35": 0.00286816854401335,
            "0.4": 0.0,
            "0.45": 0.0,
            "0.5": 0.0
        }
    },
    "fence": {
        "iou": 0.7574333316973604,
        "coverage": 0.7929272170070782,
        "precision": 0.9441993205309072,
        "recall": 0.7929272170070782,
        "segment_indices": [
            44,
            20,
            1,
            18,
            15,
            10,
            5,
            9,
            14,
            6,
            26,
            8,
            34,
            7,
            32,
            13,
            16,
            22,
            12,
            4,
            41,
            21,
            23,
            3,
            38,
            17,
            24
        ],
        "num_segments_used": 27,
        "iou_curve": {
            "0.05": 0.26512374362389723,
            "0.1": 0.44142392354227034,
            "0.15": 0.5506059314896105,
            "0.2": 0.6383293117315868,
            "0.25": 0.705576697706225,
            "0.3": 0.7247563567084341,
            "0.35": 0.7422508762807439,
            "0.4": 0.7560789408665284,
            "0.45": 0.7610861045029009,
            "0.5": 0.7459530432585969
        }
    },
    "red": {
        "iou": 0.1154743611632804,
        "coverage": 0.3115786240786241,
        "precision": 0.15502750611246943,
        "recall": 0.3115786240786241,
        "segment_indices": [
            0,
            53,
            33
        ],
        "num_segments_used": 3,
        "iou_curve": {
            "0.05": 0.02496337890625,
            "0.1": 0.04861451014446988,
            "0.15": 0.09992809102829829,
            "0.2": 0.08230243281920814,
            "0.25": 0.017332187815173136,
            "0.3": 0.0089068209500609,
            "0.35": 0.0022536287242169595,
            "0.4": 0.0,
            "0.45": 0.0,
            "0.5": 0.0
        }
    },
    "brick": {
        "iou": 0.03442125914036026,
        "coverage": 0.050221181368722355,
        "precision": 0.09862033725089422,
        "recall": 0.050221181368722355,
        "segment_indices": [
            0
        ],
        "num_segments_used": 1,
        "iou_curve": {
            "0.05": 0.007465362548828125,
            "0.1": 0.014521544979870255,
            "0.15": 0.02974405813791871,
            "0.2": 0.03393092271852527,
            "0.25": 0.019165247018739354,
            "0.3": 0.0019267822736030828,
            "0.35": 0.0,
            "0.4": 0.0,
            "0.45": 0.0,
            "0.5": 0.0
        }
    },
    "house": {
        "iou": 0.33967420475841403,
        "coverage": 0.3463492515234582,
        "precision": 0.9463079506274112,
        "recall": 0.3463492515234582,
        "segment_indices": [
            31,
            28,
            29,
            2,
            27,
            47,
            52,
            51,
            35,
            53,
            33,
            25,
            36,
            19,
            48,
            61,
            0,
            42,
            43,
            49,
            40,
            46,
            45,
            11,
            39,
            37,
            60,
            55,
            30,
            57,
            58
        ],
        "num_segments_used": 31,
        "iou_curve": {
            "0.05": 0.22383286574258865,
            "0.1": 0.3028741235409659,
            "0.15": 0.3269523889873169,
            "0.2": 0.33509326071763945,
            "0.25": 0.33991304347826085,
            "0.3": 0.3412290200324851,
            "0.35": 0.3418614380417848,
            "0.4": 0.34180477540827986,
            "0.45": 0.34111082004763965,
            "0.5": 0.33886055337866333
        }
    },
    "distance": {
        "iou": 0.28142283917145644,
        "coverage": 0.478429203539823,
        "precision": 0.4059762202753442,
        "recall": 0.478429203539823,
        "segment_indices": [
            50
        ],
        "num_segments_used": 1,
        "iou_curve": {
            "0.05": 0.01828840866238831,
            "0.1": 0.06570237128583421,
            "0.15": 0.21110968359826673,
            "0.2": 0.3077010656708261,
            "0.25": 0.298998151930746,
            "0.3": 0.22139471902505078,
            "0.35": 0.08475879300403613,
            "0.4": 0.028943122226704317,
            "0.45": 0.012506433350488934,
            "0.5": 0.0034817855843683417
        }
    }
}