{
    "eye": {
        "iou": 0.8874073709952933,
        "coverage": 0.902925307441747,
        "precision": 0.9810010936088412,
        "recall": 0.902925307441747,
        "segment_index": 5
    },
    "peering": {
        "iou": 0.1206441393875396,
        "coverage": 0.1272248102299512,
        "precision": 0.6999183173371452,
        "recall": 0.1272248102299512,
        "segment_index": 3
    },
    "through": {
        "iou": 0.35184659342999625,
        "coverage": 0.3571808199187468,
        "precision": 0.9592829147916969,
        "recall": 0.3571808199187468,
        "segment_index": 1
    },
    "keyhole": {
        "iou": 0.002903071267145044,
        "coverage": 0.0030736320958862948,
        "precision": 0.049714642411271624,
        "recall": 0.0030736320958862948,
        "segment_index": 0
    }
}