{
    "eye": {
        "iou": 0.8874073709952933,
        "coverage": 0.902925307441747,
        "precision": 0.9810010936088412,
        "recall": 0.902925307441747,
        "segment_indices": [
            5
        ],
        "num_segments_used": 1,
        "iou_curve": {
            "0.05": 0.14039897918701172,
            "0.1": 0.15867638721526545,
            "0.15": 0.24164329058615555,
            "0.2": 0.4723038523727639,
            "0.25": 0.6054508216947145,
            "0.3": 0.7176985670893729,
            "0.35": 0.8097344889255743,
            "0.4": 0.8674146687138302,
            "0.45": 0.887160031473202,
            "0.5": 0.8839776239878859
        }
    },
    "peering": {
        "iou": 0.16122706804213202,
        "coverage": 0.38607301275032013,
        "precision": 0.2168139748186442,
        "recall": 0.38607301275032013,
        "segment_indices": [
            3,
            1,
            0
        ],
        "num_segments_used": 3,
        "iou_curve": {
            "0.05": 0.09149932861328125,
            "0.1": 0.30321911702003956,
            "0.15": 0.4663134078839326,
            "0.2": 0.35165987821656747,
            "0.25": 0.1878870012503837,
            "0.3": 0.1114786522984586,
            "0.35": 0.025151355489059658,
            "0.4": 0.003708614759872374,
            "0.45": 0.0003434137407122193,
            "0.5": 0.0
        }
    },
    "through": {
        "iou": 0.6967975206611571,
        "coverage": 0.7655727810757492,
        "precision": 0.8857979654798632,
        "recall": 0.7655727810757492,
        "segment_indices": [
            1,
            0,
            3
        ],
        "num_segments_used": 3,
        "iou_curve": {
            "0.05": 0.091509277398704,
            "0.1": 0.13223628156804138,
            "0.15": 0.2464115387889121,
            "0.2": 0.4767585438747688,
            "0.25": 0.5904245595234343,
            "0.3": 0.645321574081192,
            "0.35": 0.6825272774177884,
            "0.4": 0.6967975206611571,
            "0.45": 0.6655211507121094,
            "0.5": 0.5468677163107073
        }
    },
    "keyhole": {
        "iou": 0.005062800070819317,
        "coverage": 0.005360248977982871,
        "precision": 0.0836074384607116,
        "recall": 0.005360248977982871,
        "segment_indices": [
            0,
            4
        ],
        "num_segments_used": 2,
        "iou_curve": {
            "0.05": 0.044361218481504476,
            "0.1": 0.04172020189599432,
            "0.15": 0.023756368689207965,
            "0.2": 0.011325786928380835,
            "0.25": 0.009347368741031023,
            "0.3": 0.007833523229168,
            "0.35": 0.006713743594764001,
            "0.4": 0.005778094251683066,
            "0.45": 0.005009704185174089,
            "0.5": 0.004264251925366373
        }
    }
}