{
    "fire": {
        "iou": 0.42343858328891304,
        "coverage": 0.885892343015416,
        "precision": 0.4478656918813749,
        "recall": 0.885892343015416,
        "segment_index": 0
    },
    "ice": {
        "iou": 0.5091946529887099,
        "coverage": 0.8128759634958029,
        "precision": 0.5768058784625435,
        "recall": 0.8128759634958029,
        "segment_index": 13
    },
    "surreal": {
        "iou": 0.7703642171519314,
        "coverage": 0.9890357959897725,
        "precision": 0.7769998467044091,
        "recall": 0.9890357959897725,
        "segment_index": 2
    },
    "blue": {
        "iou": 0.37451887935141065,
        "coverage": 0.9817169865190725,
        "precision": 0.37714944205690965,
        "recall": 0.9817169865190725,
        "segment_index": 2
    },
    "orange": {
        "iou": 0.06382441269752168,
        "coverage": 0.8439189905630368,
        "precision": 0.06458680754202524,
        "recall": 0.8439189905630368,
        "segment_index": 13
    }
}