{
    "fire": {
        "iou": 0.42661697163976203,
        "coverage": 0.8943766172236598,
        "precision": 0.4492512722879215,
        "recall": 0.8943766172236598,
        "segment_indices": [
            0,
            4,
            8,
            6
        ],
        "num_segments_used": 4,
        "iou_curve": {
            "0.05": 0.26048526383753456,
            "0.1": 0.28908302582635226,
            "0.15": 0.42149634144252585,
            "0.2": 0.6322066957141413,
            "0.25": 0.6544007689154617,
            "0.3": 0.6228158325872601,
            "0.35": 0.5638734393839213,
            "0.4": 0.48620911709879683,
            "0.45": 0.40000772344451585,
            "0.5": 0.30211743925555745
        }
    },
    "ice": {
        "iou": 0.5092022343168147,
        "coverage": 0.8131675853708744,
        "precision": 0.5766688563944106,
        "recall": 0.8131675853708744,
        "segment_indices": [
            13,
            6
        ],
        "num_segments_used": 2,
        "iou_curve": {
            "0.05": 0.2351818084716797,
            "0.1": 0.2600640547703087,
            "0.15": 0.36194898324223024,
            "0.2": 0.5594385876606732,
            "0.25": 0.62813573277851,
            "0.3": 0.6405107041841412,
            "0.35": 0.6216208141912526,
            "0.4": 0.5667887778540731,
            "0.45": 0.48156454131448423,
            "0.5": 0.3658888468355711
        }
    },
    "surreal": {
        "iou": 0.7703642171519314,
        "coverage": 0.9890357959897725,
        "precision": 0.7769998467044091,
        "recall": 0.9890357959897725,
        "segment_indices": [
            2
        ],
        "num_segments_used": 1,
        "iou_curve": {
            "0.05": 0.7216852244820104,
            "0.1": 0.9237375218390917,
            "0.15": 0.9539573019399941,
            "0.2": 0.9291780000078423,
            "0.25": 0.8975026988125225,
            "0.3": 0.858337631328853,
            "0.35": 0.7977880406451461,
            "0.4": 0.7104008221454956,
            "0.45": 0.5064544776011722,
            "0.5": 0.2851154748834733
        }
    },
    "blue": {
        "iou": 0.37451887935141065,
        "coverage": 0.9817169865190725,
        "precision": 0.37714944205690965,
        "recall": 0.9817169865190725,
        "segment_indices": [
            2
        ],
        "num_segments_used": 1,
        "iou_curve": {
            "0.05": 0.7216529846191406,
            "0.1": 0.9186424001509157,
            "0.15": 0.929163044980375,
            "0.2": 0.8721850703503663,
            "0.25": 0.7636954788852778,
            "0.3": 0.6106314781558517,
            "0.35": 0.35965870163824265,
            "0.4": 0.2021020017937503,
            "0.45": 0.08256995693435952,
            "0.5": 0.017396276697599543
        }
    },
    "orange": {
        "iou": 0.06382441269752168,
        "coverage": 0.8439189905630368,
        "precision": 0.06458680754202524,
        "recall": 0.8439189905630368,
        "segment_indices": [
            13
        ],
        "num_segments_used": 1,
        "iou_curve": {
            "0.05": 0.2350588794076103,
            "0.1": 0.4835382613715674,
            "0.15": 0.37642122360584734,
            "0.2": 0.22500048308245252,
            "0.25": 0.14111138732041462,
            "0.3": 0.09666076639716788,
            "0.35": 0.06161048088185742,
            "0.4": 0.039631470012644054,
            "0.45": 0.023375250636424885,
            "0.5": 0.011493323849859365
        }
    }
}