{
    "top": {
        "iou": 0.08735344609611008,
        "coverage": 0.4943515589697244,
        "precision": 0.09592424264566193,
        "recall": 0.4943515589697244,
        "segment_index": 1
    },
    "module": {
        "iou": 0.2609511319173329,
        "coverage": 0.27075617075346725,
        "precision": 0.8781364626108813,
        "recall": 0.27075617075346725,
        "segment_index": 1
    },
    "middle": {
        "iou": 0.9405698317146715,
        "coverage": 0.9882327437027684,
        "precision": 0.9512232623012633,
        "recall": 0.9882327437027684,
        "segment_index": 0
    },
    "bottom": {
        "iou": 0.015665500436879184,
        "coverage": 0.9209112400601762,
        "precision": 0.015686604701222347,
        "recall": 0.9209112400601762,
        "segment_index": 0
    }
}