{
    "top": {
        "iou": 0.08735344609611008,
        "coverage": 0.4943515589697244,
        "precision": 0.09592424264566193,
        "recall": 0.4943515589697244,
        "segment_indices": [
            1
        ],
        "num_segments_used": 1,
        "iou_curve": {
            "0.05": 0.06526134484396369,
            "0.1": 0.10293436585373537,
            "0.15": 0.19206257141567135,
            "0.2": 0.3678751969379174,
            "0.25": 0.2879631474687328,
            "0.3": 0.18432953328714494,
            "0.35": 0.09280210087934533,
            "0.4": 0.03497389699298869,
            "0.45": 0.011807384167180234,
            "0.5": 0.0013629974585776554
        }
    },
    "module": {
        "iou": 0.8672042754211003,
        "coverage": 0.9007813133634324,
        "precision": 0.9587879543612444,
        "recall": 0.9007813133634324,
        "segment_indices": [
            1,
            5,
            4,
            3,
            6,
            2
        ],
        "num_segments_used": 6,
        "iou_curve": {
            "0.05": 0.19884777069091797,
            "0.1": 0.27293135450563777,
            "0.15": 0.4858332517813288,
            "0.2": 0.7101329327979238,
            "0.25": 0.7850469049510991,
            "0.3": 0.8288099294619684,
            "0.35": 0.8561014171486128,
            "0.4": 0.8692319114184502,
            "0.45": 0.8677902832570447,
            "0.5": 0.8491506679642573
        }
    },
    "middle": {
        "iou": 0.9405698317146715,
        "coverage": 0.9882327437027684,
        "precision": 0.9512232623012633,
        "recall": 0.9882327437027684,
        "segment_indices": [
            0
        ],
        "num_segments_used": 1,
        "iou_curve": {
            "0.05": 0.7814971595136263,
            "0.1": 0.8622804050483056,
            "0.15": 0.9625755708443612,
            "0.2": 0.97038344339065,
            "0.25": 0.9649076450296991,
            "0.3": 0.9589778117236245,
            "0.35": 0.9521653146647264,
            "0.4": 0.9434620661195915,
            "0.45": 0.9342472166617799,
            "0.5": 0.9206161895143532
        }
    },
    "bottom": {
        "iou": 0.015665500436879184,
        "coverage": 0.9209112400601762,
        "precision": 0.015686604701222347,
        "recall": 0.9209112400601762,
        "segment_indices": [
            0
        ],
        "num_segments_used": 1,
        "iou_curve": {
            "0.05": 0.7815256118774414,
            "0.1": 0.7710893211915707,
            "0.15": 0.45111632409803853,
            "0.2": 0.11470482624712407,
            "0.25": 0.028045494049111566,
            "0.3": 0.00983643737334078,
            "0.35": 0.0026232948583420775,
            "0.4": 0.0009005326321055746,
            "0.45": 0.0004014667569661804,
            "0.5": 0.00015741516969721374
        }
    }
}