{
    "geometry": {
        "iou": 0.36798874293908934,
        "coverage": 0.3794623640983629,
        "precision": 0.9240718198417529,
        "recall": 0.3794623640983629,
        "segment_indices": [
            4
        ],
        "num_segments_used": 1,
        "iou_curve": {
            "0.05": 0.056407928466796875,
            "0.1": 0.05856892899898702,
            "0.15": 0.07104173647969386,
            "0.2": 0.1136674609885464,
            "0.25": 0.16986609259988447,
            "0.3": 0.21754535042671888,
            "0.35": 0.26993485762793185,
            "0.4": 0.32128606078218785,
            "0.45": 0.3616154203984826,
            "0.5": 0.3915381090575836
        }
    },
    "shape": {
        "iou": 0.5904582176272983,
        "coverage": 0.9805399944070075,
        "precision": 0.5974594624306052,
        "recall": 0.9805399944070075,
        "segment_indices": [
            2,
            0,
            1,
            3
        ],
        "num_segments_used": 4,
        "iou_curve": {
            "0.05": 0.8675098419189453,
            "0.1": 0.8681337772720678,
            "0.15": 0.8761306498663228,
            "0.2": 0.9001532734836873,
            "0.25": 0.8934403126702869,
            "0.3": 0.8433743906523277,
            "0.35": 0.7339649281641716,
            "0.4": 0.5450843975744334,
            "0.45": 0.3644546201303808,
            "0.5": 0.17541903850517448
        }
    },
    "logic": {
        "iou": 0.48659252085265403,
        "coverage": 0.937863698290156,
        "precision": 0.5028019630019152,
        "recall": 0.937863698290156,
        "segment_indices": [
            2
        ],
        "num_segments_used": 1,
        "iou_curve": {
            "0.05": 0.673741340637207,
            "0.1": 0.6768030542431123,
            "0.15": 0.7144099342072324,
            "0.2": 0.7546839952500329,
            "0.25": 0.7325876970005084,
            "0.3": 0.624289380955609,
            "0.35": 0.4285305758750026,
            "0.4": 0.24778680334126735,
            "0.45": 0.127167206028818,
            "0.5": 0.04477466332049061
        }
    }
}