{
    "geometry": {
        "iou": 0.36798874293908934,
        "coverage": 0.3794623640983629,
        "precision": 0.9240718198417529,
        "recall": 0.3794623640983629,
        "segment_index": 4
    },
    "shape": {
        "iou": 0.54792140646237,
        "coverage": 0.8051473573110335,
        "precision": 0.6316837681483547,
        "recall": 0.8051473573110335,
        "segment_index": 2
    },
    "logic": {
        "iou": 0.48659252085265403,
        "coverage": 0.937863698290156,
        "precision": 0.5028019630019152,
        "recall": 0.937863698290156,
        "segment_index": 2
    }
}