{
    "rim": {
        "iou": 0.7912148146933536,
        "coverage": 0.9681011294083253,
        "precision": 0.812394322836369,
        "recall": 0.9681011294083253,
        "segment_index": 0
    },
    "wine": {
        "iou": 0.6576414027795224,
        "coverage": 0.9358130616357107,
        "precision": 0.6887071120199955,
        "recall": 0.9358130616357107,
        "segment_index": 1
    },
    "glass": {
        "iou": 0.828982206405694,
        "coverage": 0.8324661215621247,
        "precision": 0.9949769349051768,
        "recall": 0.8324661215621247,
        "segment_index": 2
    },
    "stability": {
        "iou": 0.6172307117647341,
        "coverage": 0.9928094405459741,
        "precision": 0.6200023570667507,
        "recall": 0.9928094405459741,
        "segment_index": 0
    }
}