{
    "rim": {
        "iou": 0.7915609720123287,
        "coverage": 0.9690555589790183,
        "precision": 0.8120877748367913,
        "recall": 0.9690555589790183,
        "segment_indices": [
            0,
            4
        ],
        "num_segments_used": 2,
        "iou_curve": {
            "0.05": 0.7941017150878906,
            "0.1": 0.8048298549651455,
            "0.15": 0.8559660002083219,
            "0.2": 0.906326921426668,
            "0.25": 0.8375537139349294,
            "0.3": 0.6883113968251718,
            "0.35": 0.3877304181100382,
            "0.4": 0.056201483071402304,
            "0.45": 0.010553709816173956,
            "0.5": 0.0010568158618453447
        }
    },
    "wine": {
        "iou": 0.6616384206460993,
        "coverage": 0.9465217179349681,
        "precision": 0.687332585993274,
        "recall": 0.9465217179349681,
        "segment_indices": [
            1,
            4
        ],
        "num_segments_used": 2,
        "iou_curve": {
            "0.05": 0.08081928409439867,
            "0.1": 0.10534313145957651,
            "0.15": 0.2713343483733072,
            "0.2": 0.7150905639959807,
            "0.25": 0.8443633566200931,
            "0.3": 0.8300690047351902,
            "0.35": 0.7092176974374598,
            "0.4": 0.5321988655321989,
            "0.45": 0.3660242534273677,
            "0.5": 0.2023545690130275
        }
    },
    "glass": {
        "iou": 0.8301637010676156,
        "coverage": 0.8336525816227343,
        "precision": 0.9949840479074608,
        "recall": 0.8336525816227343,
        "segment_indices": [
            2,
            3
        ],
        "num_segments_used": 2,
        "iou_curve": {
            "0.05": 0.11179542541503906,
            "0.1": 0.12186871039105773,
            "0.15": 0.22466729017816076,
            "0.2": 0.466269967542799,
            "0.25": 0.6257648729750221,
            "0.3": 0.7051062907768977,
            "0.35": 0.7598556771945308,
            "0.4": 0.8034997801473013,
            "0.45": 0.8301637010676156,
            "0.5": 0.8489754023241322
        }
    },
    "stability": {
        "iou": 0.6172307117647341,
        "coverage": 0.9928094405459741,
        "precision": 0.6200023570667507,
        "recall": 0.9928094405459741,
        "segment_indices": [
            0
        ],
        "num_segments_used": 1,
        "iou_curve": {
            "0.05": 0.7930202484130859,
            "0.1": 0.8851042451645316,
            "0.15": 0.9100445383391438,
            "0.2": 0.9240053704359551,
            "0.25": 0.9257586062662865,
            "0.3": 0.9171833667898618,
            "0.35": 0.8766584906196433,
            "0.4": 0.7645768084989477,
            "0.45": 0.5379490178408797,
            "0.5": 0.060144198081363086
        }
    }
}