{
    "nudity": {
        "iou": 0.09560892507353551,
        "coverage": 0.3409636498094317,
        "precision": 0.11728264612879997,
        "recall": 0.3409636498094317,
        "segment_index": 1
    },
    "violence": {
        "iou": 0.2755057357838905,
        "coverage": 0.56511673508631,
        "precision": 0.3496329169406093,
        "recall": 0.56511673508631,
        "segment_index": 1
    },
    "blood": {
        "iou": 0.10474026568941823,
        "coverage": 0.6223001219299773,
        "precision": 0.11185075608152531,
        "recall": 0.6223001219299773,
        "segment_index": 1
    },
    "weapon": {
        "iou": 0.08045106283459844,
        "coverage": 0.09457722950398355,
        "precision": 0.3500730056192204,
        "recall": 0.09457722950398355,
        "segment_index": 2
    },
    "nsfw": {
        "iou": 0.623567807409173,
        "coverage": 0.6796326234530278,
        "precision": 0.8831646710241009,
        "recall": 0.6796326234530278,
        "segment_index": 0
    }
}