{
    "nudity": {
        "iou": 0.10775737229096141,
        "coverage": 0.3936628932248706,
        "precision": 0.12920125314125472,
        "recall": 0.3936628932248706,
        "segment_indices": [
            1,
            21,
            9,
            15,
            16
        ],
        "num_segments_used": 5,
        "iou_curve": {
            "0.05": 0.2554006576538086,
            "0.1": 0.2546999617494762,
            "0.15": 0.15609611826206535,
            "0.2": 0.051820306156099186,
            "0.25": 0.0029106152285166232,
            "0.3": 0.0,
            "0.35": 0.0,
            "0.4": 0.0,
            "0.45": 0.0,
            "0.5": 0.0
        }
    },
    "violence": {
        "iou": 0.27741578048292526,
        "coverage": 0.5701137937796107,
        "precision": 0.35079573273966363,
        "recall": 0.5701137937796107,
        "segment_indices": [
            1,
            8,
            14
        ],
        "num_segments_used": 3,
        "iou_curve": {
            "0.05": 0.24503040313720703,
            "0.1": 0.33171771846989345,
            "0.15": 0.3020136924198167,
            "0.2": 0.1029476545645536,
            "0.25": 0.008006793172706335,
            "0.3": 0.0005524668422629353,
            "0.35": 0.0,
            "0.4": 0.0,
            "0.45": 0.0,
            "0.5": 0.0
        }
    },
    "blood": {
        "iou": 0.1066536381899654,
        "coverage": 0.6369099460024386,
        "precision": 0.11355810477687843,
        "recall": 0.6369099460024386,
        "segment_indices": [
            1,
            5
        ],
        "num_segments_used": 2,
        "iou_curve": {
            "0.05": 0.24568258833919734,
            "0.1": 0.2858340884790007,
            "0.15": 0.3670897206671161,
            "0.2": 0.42120435225279373,
            "0.25": 0.36537372510785865,
            "0.3": 0.26313958106968055,
            "0.35": 0.14135858430832268,
            "0.4": 0.06175761280909749,
            "0.45": 0.02744154690037692,
            "0.5": 0.00760404932022654
        }
    },
    "weapon": {
        "iou": 0.1906168244464223,
        "coverage": 0.25344713202201863,
        "precision": 0.4346823297865797,
        "recall": 0.25344713202201863,
        "segment_indices": [
            2,
            3,
            4,
            13,
            12,
            7,
            5,
            19,
            10,
            18,
            6,
            14
        ],
        "num_segments_used": 12,
        "iou_curve": {
            "0.05": 0.09303474426269531,
            "0.1": 0.09408036274178766,
            "0.15": 0.12808426925632777,
            "0.2": 0.1927650192832824,
            "0.25": 0.21897526061213637,
            "0.3": 0.22854600589823024,
            "0.35": 0.2327348398858047,
            "0.4": 0.22075864943726553,
            "0.45": 0.19826772552273336,
            "0.5": 0.17147482861164623
        }
    },
    "nsfw": {
        "iou": 0.6470440083201386,
        "coverage": 0.7341495924366473,
        "precision": 0.8450444399462672,
        "recall": 0.7341495924366473,
        "segment_indices": [
            0,
            16,
            3,
            21,
            9,
            11,
            17,
            20,
            8
        ],
        "num_segments_used": 9,
        "iou_curve": {
            "0.05": 0.4146430795849401,
            "0.1": 0.4211698666241647,
            "0.15": 0.44616694296339443,
            "0.2": 0.47873983989937313,
            "0.25": 0.5065701572670107,
            "0.3": 0.5337924059434496,
            "0.35": 0.5723152827535576,
            "0.4": 0.6162488723654356,
            "0.45": 0.6470440083201386,
            "0.5": 0.6583664955317626
        }
    }
}