{
    "smooth": {
        "iou": 0.0764567003494192,
        "coverage": 0.11020363715561364,
        "precision": 0.19979270519717685,
        "recall": 0.11020363715561364,
        "segment_indices": [
            5
        ],
        "num_segments_used": 1,
        "iou_curve": {
            "0.05": 0.03864479064941406,
            "0.1": 0.04096767202573041,
            "0.15": 0.056269612768060154,
            "0.2": 0.07992481412602395,
            "0.25": 0.08302543781560932,
            "0.3": 0.04661572790587599,
            "0.35": 0.009395354199089285,
            "0.4": 0.0006422607578676942,
            "0.45": 0.0,
            "0.5": 0.0
        }
    },
    "metallic": {
        "iou": 0.5731126191835267,
        "coverage": 0.8958921312667305,
        "precision": 0.6140047292461291,
        "recall": 0.8958921312667305,
        "segment_indices": [
            1
        ],
        "num_segments_used": 1,
        "iou_curve": {
            "0.05": 0.2105274200439453,
            "0.1": 0.21339445213477584,
            "0.15": 0.307808602207577,
            "0.2": 0.7026434712798467,
            "0.25": 0.5328562384504825,
            "0.3": 0.27298296763000096,
            "0.35": 0.0660344952270755,
            "0.4": 0.01336782119463294,
            "0.45": 0.002206075541100048,
            "0.5": 0.0
        }
    },
    "sphere": {
        "iou": 0.861219031933239,
        "coverage": 0.8959285805165613,
        "precision": 0.9569520824084727,
        "recall": 0.8959285805165613,
        "segment_indices": [
            1
        ],
        "num_segments_used": 1,
        "iou_curve": {
            "0.05": 0.2105274200439453,
            "0.1": 0.2467917651859429,
            "0.15": 0.4106676786674331,
            "0.2": 0.7490677117795762,
            "0.25": 0.8222563613041792,
            "0.3": 0.8597623249425769,
            "0.35": 0.8654597361844606,
            "0.4": 0.8081065830200735,
            "0.45": 0.6733870796917563,
            "0.5": 0.3768741717265333
        }
    },
    "silk": {
        "iou": 0.1473323604343417,
        "coverage": 0.281771092031505,
        "precision": 0.23593836647389685,
        "recall": 0.281771092031505,
        "segment_indices": [
            5,
            0
        ],
        "num_segments_used": 2,
        "iou_curve": {
            "0.05": 0.048152923583984375,
            "0.1": 0.055792671940034955,
            "0.15": 0.11578874362797795,
            "0.2": 0.1167852352906875,
            "0.25": 0.027670860381838722,
            "0.3": 0.007585784555816756,
            "0.35": 0.0010100609997623386,
            "0.4": 0.0,
            "0.45": 0.0,
            "0.5": 0.0
        }
    },
    "cloth": {
        "iou": 0.15500244627326698,
        "coverage": 0.17007595788664007,
        "precision": 0.636219221604448,
        "recall": 0.17007595788664007,
        "segment_indices": [
            3,
            2,
            5,
            0,
            6,
            4
        ],
        "num_segments_used": 6,
        "iou_curve": {
            "0.05": 0.12732009956333712,
            "0.1": 0.1604693447055525,
            "0.15": 0.16322669079416108,
            "0.2": 0.1638536429905765,
            "0.25": 0.1634104930271139,
            "0.3": 0.16263872396939213,
            "0.35": 0.16125565415558854,
            "0.4": 0.15943027258698356,
            "0.45": 0.1565272376397904,
            "0.5": 0.15435884837965294
        }
    }
}