{
    "smooth": {
        "iou": 0.0764567003494192,
        "coverage": 0.11020363715561364,
        "precision": 0.19979270519717685,
        "recall": 0.11020363715561364,
        "segment_index": 5
    },
    "metallic": {
        "iou": 0.5731126191835267,
        "coverage": 0.8958921312667305,
        "precision": 0.6140047292461291,
        "recall": 0.8958921312667305,
        "segment_index": 1
    },
    "sphere": {
        "iou": 0.861219031933239,
        "coverage": 0.8959285805165613,
        "precision": 0.9569520824084727,
        "recall": 0.8959285805165613,
        "segment_index": 1
    },
    "silk": {
        "iou": 0.13704837890169044,
        "coverage": 0.23605099458359943,
        "precision": 0.24628596811608508,
        "recall": 0.23605099458359943,
        "segment_index": 5
    },
    "cloth": {
        "iou": 0.07883106182641234,
        "coverage": 0.08106781725237569,
        "precision": 0.7407387070795812,
        "recall": 0.08106781725237569,
        "segment_index": 3
    }
}