{
    "friends": {
        "iou": 0.11944985997133162,
        "coverage": 0.11945694255519515,
        "precision": 0.9995038886375907,
        "recall": 0.11945694255519515,
        "segment_index": 48
    },
    "park": {
        "iou": 0.07988618623155562,
        "coverage": 0.07998023560968354,
        "precision": 0.9854937408753456,
        "recall": 0.07998023560968354,
        "segment_index": 17
    },
    "crowd": {
        "iou": 0.23221029616378452,
        "coverage": 0.23461190882618738,
        "precision": 0.9577782332445173,
        "recall": 0.23461190882618738,
        "segment_index": 4
    }
}