{
    "friends": {
        "iou": 0.8021122407154808,
        "coverage": 0.8327072651808447,
        "precision": 0.9562001990535943,
        "recall": 0.8327072651808447,
        "segment_indices": [
            48,
            31,
            1,
            50,
            0,
            22,
            30,
            29,
            5,
            12,
            43,
            2,
            8,
            32,
            54,
            26,
            18,
            35,
            28,
            19,
            21,
            6,
            27,
            7,
            40,
            15,
            9,
            37,
            41,
            45,
            16,
            20,
            24,
            58,
            34,
            36,
            49,
            42,
            62,
            63,
            25,
            3,
            57,
            64,
            56,
            38,
            52,
            33,
            10,
            11
        ],
        "num_segments_used": 50,
        "iou_curve": {
            "0.05": 0.4762360261005072,
            "0.1": 0.6678315131770753,
            "0.15": 0.7398995475341128,
            "0.2": 0.7688101699669128,
            "0.25": 0.7826302908940588,
            "0.3": 0.7948115398785782,
            "0.35": 0.804306590314008,
            "0.4": 0.8083629780734302,
            "0.45": 0.7950555791775497,
            "0.5": 0.7642850544510249
        }
    },
    "park": {
        "iou": 0.15561827561897312,
        "coverage": 0.15748488049350473,
        "precision": 0.9292259177723567,
        "recall": 0.15748488049350473,
        "segment_indices": [
            17,
            14,
            46,
            44,
            59,
            60,
            39,
            47,
            53
        ],
        "num_segments_used": 9,
        "iou_curve": {
            "0.05": 0.06424789249326171,
            "0.1": 0.14412148753940915,
            "0.15": 0.15672914317925593,
            "0.2": 0.15890817521724176,
            "0.25": 0.15861750704362187,
            "0.3": 0.15814240304216004,
            "0.35": 0.15748644268988854,
            "0.4": 0.15646430411860307,
            "0.45": 0.15561827561897312,
            "0.5": 0.1543512682012687
        }
    },
    "crowd": {
        "iou": 0.4875404032078893,
        "coverage": 0.6830705894166081,
        "precision": 0.6300663159454654,
        "recall": 0.6830705894166081,
        "segment_indices": [
            4,
            13,
            9,
            23,
            55,
            5,
            45,
            42,
            62,
            34,
            36,
            61,
            16
        ],
        "num_segments_used": 13,
        "iou_curve": {
            "0.05": 0.10296630859375,
            "0.1": 0.10523719989980009,
            "0.15": 0.1535286969726756,
            "0.2": 0.2645117034659693,
            "0.25": 0.34069110323358703,
            "0.3": 0.41353179038585197,
            "0.35": 0.48601770320552823,
            "0.4": 0.49078880190605856,
            "0.45": 0.4248100509935492,
            "0.5": 0.3094658553076403
        }
    }
}