{
    "unusual": {
        "iou": 0.08696452212647386,
        "coverage": 0.10515229181776416,
        "precision": 0.33456835524501244,
        "recall": 0.10515229181776416,
        "segment_index": 22
    },
    "reversal": {
        "iou": 0.10957782023328433,
        "coverage": 0.12860115748265583,
        "precision": 0.42554013055070333,
        "recall": 0.12860115748265583,
        "segment_index": 22
    },
    "composition": {
        "iou": 0.1547289801403147,
        "coverage": 0.1571713131601711,
        "precision": 0.9087363494539782,
        "recall": 0.1571713131601711,
        "segment_index": 1
    }
}