{
    "unusual": {
        "iou": 0.2994506123907754,
        "coverage": 0.377676773222299,
        "precision": 0.5911276134826989,
        "recall": 0.377676773222299,
        "segment_indices": [
            22,
            7,
            20,
            28,
            0,
            24,
            16,
            13,
            3,
            6,
            19,
            2,
            12,
            25,
            29,
            10,
            9,
            15,
            8,
            27,
            18,
            5,
            26
        ],
        "num_segments_used": 23,
        "iou_curve": {
            "0.05": 0.21086978912353516,
            "0.1": 0.21318346664400836,
            "0.15": 0.253046558988108,
            "0.2": 0.3013329036187683,
            "0.25": 0.32119043363001987,
            "0.3": 0.3301978544392217,
            "0.35": 0.332447420152825,
            "0.4": 0.3213185333524873,
            "0.45": 0.3023222434607875,
            "0.5": 0.26013939932795666
        }
    },
    "reversal": {
        "iou": 0.20402933706058282,
        "coverage": 0.30174567055365237,
        "precision": 0.38651723782035086,
        "recall": 0.30174567055365237,
        "segment_indices": [
            22,
            23,
            4,
            1,
            21
        ],
        "num_segments_used": 5,
        "iou_curve": {
            "0.05": 0.26795101165771484,
            "0.1": 0.27041920919625245,
            "0.15": 0.2896720998404381,
            "0.2": 0.30533972557447514,
            "0.25": 0.2882154809544284,
            "0.3": 0.26239120049754083,
            "0.35": 0.22418129457415506,
            "0.4": 0.1756412672487803,
            "0.45": 0.13646390080108656,
            "0.5": 0.08563349333141215
        }
    },
    "composition": {
        "iou": 0.16116710739789727,
        "coverage": 0.16686638785060326,
        "precision": 0.8251360401841775,
        "recall": 0.16686638785060326,
        "segment_indices": [
            1,
            11,
            14,
            2,
            3
        ],
        "num_segments_used": 5,
        "iou_curve": {
            "0.05": 0.07291115288471535,
            "0.1": 0.07930762655621483,
            "0.15": 0.09536167377063609,
            "0.2": 0.11517720995413099,
            "0.25": 0.12879302175926907,
            "0.3": 0.14075383981404058,
            "0.35": 0.15414708826473533,
            "0.4": 0.18010040665339083,
            "0.45": 0.2039550416307644,
            "0.5": 0.1844901436448399
        }
    }
}