{
    "sphere": {
        "iou": 0.8303985485027205,
        "coverage": 0.8910955795588635,
        "precision": 0.9241913960729491,
        "recall": 0.8910955795588635,
        "segment_indices": [
            7,
            1,
            4,
            3,
            16,
            5,
            6,
            25,
            9,
            0,
            21,
            10,
            28
        ],
        "num_segments_used": 13,
        "iou_curve": {
            "0.05": 0.4052152633666992,
            "0.1": 0.40527826343244505,
            "0.15": 0.42278507462686565,
            "0.2": 0.584467366821053,
            "0.25": 0.7133639978223606,
            "0.3": 0.7824614841711319,
            "0.35": 0.8264523142600954,
            "0.4": 0.8410563883530437,
            "0.45": 0.8264375258738735,
            "0.5": 0.7604092020516562
        }
    },
    "thin": {
        "iou": 0.3169408298551436,
        "coverage": 0.6750352969885713,
        "precision": 0.37400527942312645,
        "recall": 0.6750352969885713,
        "segment_indices": [
            0,
            1,
            6,
            22,
            2
        ],
        "num_segments_used": 5,
        "iou_curve": {
            "0.05": 0.29624995470038357,
            "0.1": 0.2987303483353884,
            "0.15": 0.33036796087891457,
            "0.2": 0.4141660624632348,
            "0.25": 0.3934733692042135,
            "0.3": 0.3169408298551436,
            "0.35": 0.20296354303683628,
            "0.4": 0.09940039169753587,
            "0.45": 0.031655133251845505,
            "0.5": 0.004313950046967689
        }
    },
    "surface": {
        "iou": 0.16922766480339244,
        "coverage": 0.1961314058428582,
        "precision": 0.5523101799291292,
        "recall": 0.1961314058428582,
        "segment_indices": [
            30,
            13,
            14,
            12,
            8,
            15,
            17,
            18,
            32,
            5,
            27,
            40,
            38,
            16,
            11
        ],
        "num_segments_used": 15,
        "iou_curve": {
            "0.05": 0.19408147322173777,
            "0.1": 0.2031370172232907,
            "0.15": 0.22702633731541208,
            "0.2": 0.25043796025461146,
            "0.25": 0.24180821425361732,
            "0.3": 0.22614539102049144,
            "0.35": 0.2043571812024211,
            "0.4": 0.18624226775288608,
            "0.45": 0.16922766480339244,
            "0.5": 0.15123229189958973
        }
    }
}