{
    "sphere": {
        "iou": 0.4461470886361077,
        "coverage": 0.44945765634927837,
        "precision": 0.9837585739332562,
        "recall": 0.44945765634927837,
        "segment_index": 7
    },
    "thin": {
        "iou": 0.23677296070703452,
        "coverage": 0.41467425091946475,
        "precision": 0.3556284163897014,
        "recall": 0.41467425091946475,
        "segment_index": 0
    },
    "surface": {
        "iou": 0.03407024893368451,
        "coverage": 0.03440650781101378,
        "precision": 0.7770901493949308,
        "recall": 0.03440650781101378,
        "segment_index": 30
    }
}