{
    "anatomy": {
        "iou": 0.5103931266788897,
        "coverage": 0.8896771364440414,
        "precision": 0.5448787249102699,
        "recall": 0.8896771364440414,
        "segment_indices": [
            2,
            20,
            16,
            10,
            17,
            12,
            1,
            9,
            3,
            14,
            11,
            7,
            19,
            22,
            5,
            8
        ],
        "num_segments_used": 16,
        "iou_curve": {
            "0.05": 0.4190187454223633,
            "0.1": 0.4205261878186486,
            "0.15": 0.549442139811913,
            "0.2": 0.6902796021767686,
            "0.25": 0.7007899406627315,
            "0.3": 0.6794009724888548,
            "0.35": 0.6448679978997801,
            "0.4": 0.5957863413431298,
            "0.45": 0.5409584786457063,
            "0.5": 0.4650203814863865
        }
    },
    "extra": {
        "iou": 0.2531499638372732,
        "coverage": 0.9866544208555583,
        "precision": 0.2540197604877552,
        "recall": 0.9866544208555583,
        "segment_indices": [
            0
        ],
        "num_segments_used": 1,
        "iou_curve": {
            "0.05": 0.5243015289306641,
            "0.1": 0.5680629633635933,
            "0.15": 0.712414731689514,
            "0.2": 0.7241585507261449,
            "0.25": 0.5971981825085162,
            "0.3": 0.4749000236086656,
            "0.35": 0.36126520557961744,
            "0.4": 0.2599296037583328,
            "0.45": 0.18406947701784265,
            "0.5": 0.11148782320506166
        }
    },
    "hallucination": {
        "iou": 0.519667565555046,
        "coverage": 0.954908258831078,
        "precision": 0.5327406110373143,
        "recall": 0.954908258831078,
        "segment_indices": [
            0,
            2,
            6,
            4,
            15,
            13
        ],
        "num_segments_used": 6,
        "iou_curve": {
            "0.05": 0.8855876932479017,
            "0.1": 0.9020226707928917,
            "0.15": 0.9048896782429249,
            "0.2": 0.8647617137618283,
            "0.25": 0.8137225864575991,
            "0.3": 0.7488326696743312,
            "0.35": 0.6682854791476065,
            "0.4": 0.5735609712073559,
            "0.45": 0.49153143706585983,
            "0.5": 0.4040225978204419
        }
    }
}