{
    "anatomy": {
        "iou": 0.36915572882035214,
        "coverage": 0.602448233317973,
        "precision": 0.4880452780202908,
        "recall": 0.602448233317973,
        "segment_index": 2
    },
    "extra": {
        "iou": 0.2531499638372732,
        "coverage": 0.9866544208555583,
        "precision": 0.2540197604877552,
        "recall": 0.9866544208555583,
        "segment_index": 0
    },
    "hallucination": {
        "iou": 0.44923879581585524,
        "coverage": 0.6393453078073725,
        "precision": 0.6017254048862826,
        "recall": 0.6393453078073725,
        "segment_index": 0
    }
}