{
    "tree": {
        "iou": 0.3610894803278397,
        "coverage": 0.3618722383237516,
        "precision": 0.9940452495774574,
        "recall": 0.3618722383237516,
        "segment_indices": [
            22,
            2,
            3,
            31,
            16,
            1,
            53,
            29,
            24,
            6,
            4,
            11,
            19,
            15,
            5,
            42,
            36,
            39,
            25,
            37,
            66,
            69,
            54,
            49,
            32,
            65,
            13,
            30,
            9,
            26,
            72,
            61,
            18,
            68,
            71,
            46,
            63,
            17,
            45,
            73,
            51,
            62,
            64,
            44,
            43,
            58,
            47,
            52,
            14,
            56,
            12,
            50,
            28,
            60
        ],
        "num_segments_used": 54,
        "iou_curve": {
            "0.05": 0.29228744456630584,
            "0.1": 0.29635944277086584,
            "0.15": 0.32202360245966677,
            "0.2": 0.34079194901159343,
            "0.25": 0.3482555719572303,
            "0.3": 0.35182436945133844,
            "0.35": 0.35497516884950164,
            "0.4": 0.3578555310558788,
            "0.45": 0.36004802056810176,
            "0.5": 0.3622420713639792
        }
    },
    "stone": {
        "iou": 0.9428310994710625,
        "coverage": 0.970279500848874,
        "precision": 0.9708695508477377,
        "recall": 0.970279500848874,
        "segment_indices": [
            7,
            0,
            27
        ],
        "num_segments_used": 3,
        "iou_curve": {
            "0.05": 0.14431928537222422,
            "0.1": 0.19049886681305503,
            "0.15": 0.5436966954317828,
            "0.2": 0.8535794829950475,
            "0.25": 0.9053613306565866,
            "0.3": 0.9266511391652316,
            "0.35": 0.9385412132795892,
            "0.4": 0.9426027572121521,
            "0.45": 0.9424879606499962,
            "0.5": 0.9299168471986198
        }
    },
    "entanglement": {
        "iou": 0.8952858892796459,
        "coverage": 0.9602865135203865,
        "precision": 0.9297086581862947,
        "recall": 0.9602865135203865,
        "segment_indices": [
            10
        ],
        "num_segments_used": 1,
        "iou_curve": {
            "0.05": 0.04649090928168016,
            "0.1": 0.0579408988566361,
            "0.15": 0.10663644498508972,
            "0.2": 0.40025296079107736,
            "0.25": 0.6200030593514175,
            "0.3": 0.767175329836274,
            "0.35": 0.8610179325850846,
            "0.4": 0.8982416979949874,
            "0.45": 0.8747695390781564,
            "0.5": 0.8004858233480986
        }
    }
}