{
    "tree": {
        "iou": 0.09361072836983893,
        "coverage": 0.09361072836983893,
        "precision": 1.0,
        "recall": 0.09361072836983893,
        "segment_index": 22
    },
    "stone": {
        "iou": 0.9423706614276359,
        "coverage": 0.9696188985116629,
        "precision": 0.9710429691376402,
        "recall": 0.9696188985116629,
        "segment_index": 7
    },
    "entanglement": {
        "iou": 0.8952858892796459,
        "coverage": 0.9602865135203865,
        "precision": 0.9297086581862947,
        "recall": 0.9602865135203865,
        "segment_index": 10
    }
}