{
    "humans": {
        "iou": 0.0611026872675757,
        "coverage": 0.06124724383242501,
        "precision": 0.9628095570282525,
        "recall": 0.06124724383242501,
        "segment_index": 5
    },
    "arms": {
        "iou": 0.34074237611634167,
        "coverage": 0.3994773271881706,
        "precision": 0.6985691341801723,
        "recall": 0.3994773271881706,
        "segment_index": 2
    },
    "ball": {
        "iou": 0.19902750532159105,
        "coverage": 0.20444606413994168,
        "precision": 0.8824835754603497,
        "recall": 0.20444606413994168,
        "segment_index": 1
    },
    "fighting": {
        "iou": 0.1563145453260349,
        "coverage": 0.16774117428935015,
        "precision": 0.696479809643782,
        "recall": 0.16774117428935015,
        "segment_index": 49
    }
}