{
    "humans": {
        "iou": 0.334083253828264,
        "coverage": 0.3661410880448198,
        "precision": 0.792343888795525,
        "recall": 0.3661410880448198,
        "segment_indices": [
            5,
            24,
            39,
            95,
            79,
            20,
            99,
            52,
            94,
            67,
            26,
            68,
            62,
            42,
            64,
            37,
            96,
            48,
            91,
            66,
            55,
            47,
            44,
            70,
            10,
            85,
            41,
            38,
            45,
            60,
            61,
            83,
            40,
            59,
            78,
            58,
            72,
            76,
            97,
            98,
            33,
            27,
            46,
            90,
            9,
            82,
            32
        ],
        "num_segments_used": 47,
        "iou_curve": {
            "0.05": 0.15890555719281982,
            "0.1": 0.16310537962908564,
            "0.15": 0.18510123820354119,
            "0.2": 0.218365730512686,
            "0.25": 0.24070155695893272,
            "0.3": 0.2639736754415195,
            "0.35": 0.30183767561650127,
            "0.4": 0.32958441564470936,
            "0.45": 0.33742176831654447,
            "0.5": 0.3301585180483405
        }
    },
    "arms": {
        "iou": 0.5381326977428155,
        "coverage": 0.8219071713047617,
        "precision": 0.6091635364517906,
        "recall": 0.8219071713047617,
        "segment_indices": [
            2,
            12,
            0,
            56
        ],
        "num_segments_used": 4,
        "iou_curve": {
            "0.05": 0.15411090850830078,
            "0.1": 0.15471911639957336,
            "0.15": 0.21153823434823416,
            "0.2": 0.39646371518460966,
            "0.25": 0.5227074173266688,
            "0.3": 0.5772420875243562,
            "0.35": 0.5534909456200008,
            "0.4": 0.4160632955739811,
            "0.45": 0.2511650990788152,
            "0.5": 0.10149905542334209
        }
    },
    "ball": {
        "iou": 0.514720488668907,
        "coverage": 0.6665612673640885,
        "precision": 0.693209749246178,
        "recall": 0.6665612673640885,
        "segment_indices": [
            1,
            12,
            11,
            15,
            17,
            23,
            21,
            51,
            50,
            25,
            30,
            29,
            65,
            93,
            63,
            77,
            87
        ],
        "num_segments_used": 17,
        "iou_curve": {
            "0.05": 0.17111675717536562,
            "0.1": 0.1731365665463009,
            "0.15": 0.19431196418644117,
            "0.2": 0.2988397150950546,
            "0.25": 0.4022798138189706,
            "0.3": 0.4745426684566671,
            "0.35": 0.5348663235525475,
            "0.4": 0.5501022867749217,
            "0.45": 0.5242424489729297,
            "0.5": 0.4224085850200708
        }
    },
    "fighting": {
        "iou": 0.2653153153153153,
        "coverage": 0.3077558381580833,
        "precision": 0.6579938377268059,
        "recall": 0.3077558381580833,
        "segment_indices": [
            49,
            92,
            35,
            88,
            40,
            44,
            31,
            53
        ],
        "num_segments_used": 8,
        "iou_curve": {
            "0.05": 0.05293443260896105,
            "0.1": 0.05832857762937879,
            "0.15": 0.07135224326235562,
            "0.2": 0.09540128357074175,
            "0.25": 0.12715255766949576,
            "0.3": 0.1654494695700726,
            "0.35": 0.2271007948277873,
            "0.4": 0.2759201956330772,
            "0.45": 0.2887872515635085,
            "0.5": 0.20749671133469216
        }
    }
}