{
    "transparent": {
        "iou": 0.5103861333430046,
        "coverage": 0.5396331943752088,
        "precision": 0.9040036156657436,
        "recall": 0.5396331943752088,
        "segment_index": 0
    },
    "material": {
        "iou": 0.11218998864957516,
        "coverage": 0.49876401969396716,
        "precision": 0.12644630667398668,
        "recall": 0.49876401969396716,
        "segment_index": 3
    },
    "logic": {
        "iou": 0.7948674161567288,
        "coverage": 0.9066835486873147,
        "precision": 0.8656878345146825,
        "recall": 0.9066835486873147,
        "segment_index": 2
    }
}