{
    "transparent": {
        "iou": 0.8515908110633326,
        "coverage": 0.9761077847591606,
        "precision": 0.8697196031320887,
        "recall": 0.9761077847591606,
        "segment_indices": [
            0,
            1
        ],
        "num_segments_used": 2,
        "iou_curve": {
            "0.05": 0.7815523147583008,
            "0.1": 0.7881947486221752,
            "0.15": 0.8278873491614162,
            "0.2": 0.8539160027008778,
            "0.25": 0.8670373867574092,
            "0.3": 0.8761198718351448,
            "0.35": 0.879082054130243,
            "0.4": 0.8690600073483223,
            "0.45": 0.8466440218854353,
            "0.5": 0.7961648061016091
        }
    },
    "material": {
        "iou": 0.13862389759549634,
        "coverage": 0.6761118715397659,
        "precision": 0.14848431145139546,
        "recall": 0.6761118715397659,
        "segment_indices": [
            3,
            5,
            6,
            10,
            4,
            8,
            12,
            9,
            13,
            1,
            23
        ],
        "num_segments_used": 11,
        "iou_curve": {
            "0.05": 0.42513859866804127,
            "0.1": 0.42970826378383387,
            "0.15": 0.44967971858407635,
            "0.2": 0.28161631654127955,
            "0.25": 0.23579475063183286,
            "0.3": 0.19816067561469722,
            "0.35": 0.15287242594768413,
            "0.4": 0.10896810070834749,
            "0.45": 0.07989686197059469,
            "0.5": 0.053775194625146634
        }
    },
    "logic": {
        "iou": 0.7955562091162226,
        "coverage": 0.9074735406791766,
        "precision": 0.8657845966413885,
        "recall": 0.9074735406791766,
        "segment_indices": [
            2,
            22,
            23,
            14,
            16
        ],
        "num_segments_used": 5,
        "iou_curve": {
            "0.05": 0.1847372055053711,
            "0.1": 0.19842742137875155,
            "0.15": 0.30521266974029615,
            "0.2": 0.598855307380353,
            "0.25": 0.7491736925589354,
            "0.3": 0.7980097324420348,
            "0.35": 0.8201330243049081,
            "0.4": 0.8154580374810848,
            "0.45": 0.7776848580972292,
            "0.5": 0.7010686220034926
        }
    }
}