{
    "red": {
        "iou": 0.13543228269472507,
        "coverage": 0.9312215890902107,
        "precision": 0.13680067155282483,
        "recall": 0.9312215890902107,
        "segment_index": 0
    },
    "stripes": {
        "iou": 0.2472634463334001,
        "coverage": 0.6699414785887724,
        "precision": 0.28156310033554127,
        "recall": 0.6699414785887724,
        "segment_index": 0
    },
    "black": {
        "iou": 0.01827480777169084,
        "coverage": 0.018279092063780873,
        "precision": 0.9873369873369874,
        "recall": 0.018279092063780873,
        "segment_index": 21
    },
    "zebra": {
        "iou": 0.46737654017198027,
        "coverage": 0.6617333688064561,
        "precision": 0.6140922632693995,
        "recall": 0.6617333688064561,
        "segment_index": 0
    }
}