{
    "red": {
        "iou": 0.13543228269472507,
        "coverage": 0.9312215890902107,
        "precision": 0.13680067155282483,
        "recall": 0.9312215890902107,
        "segment_indices": [
            0
        ],
        "num_segments_used": 1,
        "iou_curve": {
            "0.05": 0.40557384490966797,
            "0.1": 0.3857379195352139,
            "0.15": 0.37464879205356116,
            "0.2": 0.3775824379622459,
            "0.25": 0.34311029877643184,
            "0.3": 0.29711293909823244,
            "0.35": 0.24240036605917212,
            "0.4": 0.1814568229335206,
            "0.45": 0.13086862802213808,
            "0.5": 0.07960001689672813
        }
    },
    "stripes": {
        "iou": 0.24799891074729338,
        "coverage": 0.6725710257471831,
        "precision": 0.2820521242949518,
        "recall": 0.6725710257471831,
        "segment_indices": [
            0,
            12,
            10
        ],
        "num_segments_used": 3,
        "iou_curve": {
            "0.05": 0.4064674377441406,
            "0.1": 0.40770230209335784,
            "0.15": 0.4300545371657558,
            "0.2": 0.4185836686137436,
            "0.25": 0.2907606537587954,
            "0.3": 0.18151207997778396,
            "0.35": 0.08603417796110784,
            "0.4": 0.030627135950168544,
            "0.45": 0.008121313289507002,
            "0.5": 0.0012270888665734422
        }
    },
    "black": {
        "iou": 0.1133772110808506,
        "coverage": 0.11536752381985436,
        "precision": 0.8679319785195325,
        "recall": 0.11536752381985436,
        "segment_indices": [
            21,
            7,
            5,
            9,
            8,
            18,
            6,
            15,
            19,
            16,
            2,
            17,
            4,
            20,
            11,
            12
        ],
        "num_segments_used": 16,
        "iou_curve": {
            "0.05": 0.036230183935802726,
            "0.1": 0.04514255292853816,
            "0.15": 0.06033039738528045,
            "0.2": 0.06983681250736073,
            "0.25": 0.07855653387602957,
            "0.3": 0.08906134515890614,
            "0.35": 0.10306818752233006,
            "0.4": 0.12114677153368007,
            "0.45": 0.14097858237411354,
            "0.5": 0.1526683318769188
        }
    },
    "zebra": {
        "iou": 0.4675930814177188,
        "coverage": 0.6620399579390116,
        "precision": 0.6142020291299565,
        "recall": 0.6620399579390116,
        "segment_indices": [
            0,
            3,
            1,
            14
        ],
        "num_segments_used": 4,
        "iou_curve": {
            "0.05": 0.4056072235107422,
            "0.1": 0.4050802675010643,
            "0.15": 0.4130705872387035,
            "0.2": 0.4435627746870029,
            "0.25": 0.4790513563068698,
            "0.3": 0.49565595851811833,
            "0.35": 0.4952299941331029,
            "0.4": 0.4550878560230537,
            "0.45": 0.3933984302530299,
            "0.5": 0.3104396755977748
        }
    }
}