{
    "face": {
        "iou": 0.0008539565528507973,
        "coverage": 0.0016107160364925862,
        "precision": 0.0018142963685388101,
        "recall": 0.0016107160364925862,
        "segment_indices": [
            1
        ],
        "num_segments_used": 1,
        "iou_curve": {
            "0.05": 0.13298797607421875,
            "0.1": 0.06633993169992942,
            "0.15": 0.015211439586221197,
            "0.2": 0.004547396839886958,
            "0.25": 0.0021809438992850586,
            "0.3": 0.0013173641584176786,
            "0.35": 0.0007105719237435009,
            "0.4": 0.00039065399385110615,
            "0.45": 0.0002685587060668278,
            "0.5": 7.749159700494977e-05
        }
    },
    "person": {
        "iou": 0.38251261503958867,
        "coverage": 0.40491010682956485,
        "precision": 0.8736608676640535,
        "recall": 0.40491010682956485,
        "segment_indices": [
            0
        ],
        "num_segments_used": 1,
        "iou_curve": {
            "0.05": 0.030533790588378906,
            "0.1": 0.030902089646178216,
            "0.15": 0.03784486032838714,
            "0.2": 0.0822809011988425,
            "0.25": 0.14457903079502663,
            "0.3": 0.21907039115658325,
            "0.35": 0.30022790935833976,
            "0.4": 0.3728958668106741,
            "0.45": 0.4213776025544948,
            "0.5": 0.4195475292716809
        }
    },
    "movement": {
        "iou": 0.22196633096366508,
        "coverage": 0.22251531412041706,
        "precision": 0.9890071214495861,
        "recall": 0.22251531412041706,
        "segment_indices": [
            1,
            2
        ],
        "num_segments_used": 2,
        "iou_curve": {
            "0.05": 0.17342090606689453,
            "0.1": 0.17342924259721829,
            "0.15": 0.1741597359128957,
            "0.2": 0.18284879656295927,
            "0.25": 0.18961020255439598,
            "0.3": 0.19648327477176142,
            "0.35": 0.2043353181089545,
            "0.4": 0.21321398134516165,
            "0.45": 0.22196633096366508,
            "0.5": 0.23078743689089332
        }
    }
}