{
    "face": {
        "iou": 0.0008539565528507973,
        "coverage": 0.0016107160364925862,
        "precision": 0.0018142963685388101,
        "recall": 0.0016107160364925862,
        "segment_index": 1
    },
    "person": {
        "iou": 0.38251261503958867,
        "coverage": 0.40491010682956485,
        "precision": 0.8736608676640535,
        "recall": 0.40491010682956485,
        "segment_index": 0
    },
    "movement": {
        "iou": 0.16963985979462876,
        "coverage": 0.17005942534466822,
        "precision": 0.9856649073489759,
        "recall": 0.17005942534466822,
        "segment_index": 1
    }
}