{
    "apple": {
        "iou": 0.8237282695907997,
        "coverage": 0.8238781056731366,
        "precision": 0.9997792637797832,
        "recall": 0.8238781056731366,
        "segment_index": 1
    },
    "inside": {
        "iou": 0.4168303273164896,
        "coverage": 0.992936153830289,
        "precision": 0.41807006067061875,
        "recall": 0.992936153830289,
        "segment_index": 0
    },
    "box": {
        "iou": 0.44691916785771,
        "coverage": 0.8392270492984697,
        "precision": 0.4887660939236754,
        "recall": 0.8392270492984697,
        "segment_index": 0
    },
    "glass": {
        "iou": 0.12180852607446531,
        "coverage": 0.12180852607446531,
        "precision": 1.0,
        "recall": 0.12180852607446531,
        "segment_index": 2
    }
}