{
    "apple": {
        "iou": 0.8276009628242845,
        "coverage": 0.827751503349098,
        "precision": 0.9997802964705275,
        "recall": 0.827751503349098,
        "segment_indices": [
            1,
            3
        ],
        "num_segments_used": 2,
        "iou_curve": {
            "0.05": 0.0737924575805664,
            "0.1": 0.10119508469433662,
            "0.15": 0.20812129493152012,
            "0.2": 0.487162536516571,
            "0.25": 0.6343520962796569,
            "0.3": 0.7058013317522576,
            "0.35": 0.7541911965378767,
            "0.4": 0.7860640416107928,
            "0.45": 0.8122368849275089,
            "0.5": 0.8334949573312646
        }
    },
    "inside": {
        "iou": 0.4168303273164896,
        "coverage": 0.992936153830289,
        "precision": 0.41807006067061875,
        "recall": 0.992936153830289,
        "segment_indices": [
            0
        ],
        "num_segments_used": 1,
        "iou_curve": {
            "0.05": 0.658935546875,
            "0.1": 0.8098323924946518,
            "0.15": 0.9343537335131874,
            "0.2": 0.9205177359347931,
            "0.25": 0.8312250523257809,
            "0.3": 0.6810022868043346,
            "0.35": 0.4645979859277409,
            "0.4": 0.24778585839899642,
            "0.45": 0.11140705204252291,
            "0.5": 0.029794112667128794
        }
    },
    "box": {
        "iou": 0.44691916785771,
        "coverage": 0.8392270492984697,
        "precision": 0.4887660939236754,
        "recall": 0.8392270492984697,
        "segment_indices": [
            0
        ],
        "num_segments_used": 1,
        "iou_curve": {
            "0.05": 0.658935546875,
            "0.1": 0.7091703881457335,
            "0.15": 0.7339018229482007,
            "0.2": 0.7746943344820377,
            "0.25": 0.7968141026922231,
            "0.3": 0.7891714788976035,
            "0.35": 0.7317271677109952,
            "0.4": 0.617938856104668,
            "0.45": 0.4772775487239086,
            "0.5": 0.30697723267002114
        }
    },
    "glass": {
        "iou": 0.12654531934321536,
        "coverage": 0.13432775182100468,
        "precision": 0.6859513930053349,
        "recall": 0.13432775182100468,
        "segment_indices": [
            2,
            4
        ],
        "num_segments_used": 2,
        "iou_curve": {
            "0.05": 0.03218820656166226,
            "0.1": 0.04284808498827388,
            "0.15": 0.09264483203409792,
            "0.2": 0.1271182300106675,
            "0.25": 0.12632017064668852,
            "0.3": 0.12395162818208283,
            "0.35": 0.12269375895597504,
            "0.4": 0.12654531934321536,
            "0.45": 0.13144071046400507,
            "0.5": 0.1477843476196482
        }
    }
}