{
    "droplets": {
        "iou": 0.09834706416253579,
        "coverage": 0.09834706416253579,
        "precision": 1.0,
        "recall": 0.09834706416253579,
        "segment_index": 5
    },
    "liquid": {
        "iou": 0.0817367776614235,
        "coverage": 0.08973524003923547,
        "precision": 0.4783542910368771,
        "recall": 0.08973524003923547,
        "segment_index": 0
    },
    "impact": {
        "iou": 0.1503945368410939,
        "coverage": 0.16389120810972613,
        "precision": 0.6461746898683264,
        "recall": 0.16389120810972613,
        "segment_index": 0
    }
}