{
    "droplets": {
        "iou": 0.09834706416253579,
        "coverage": 0.09834706416253579,
        "precision": 1.0,
        "recall": 0.09834706416253579,
        "segment_indices": [
            5
        ],
        "num_segments_used": 1,
        "iou_curve": {
            "0.05": 0.010746955871582031,
            "0.1": 0.015175326258068078,
            "0.15": 0.029930545411083517,
            "0.2": 0.05296229802513465,
            "0.25": 0.06922075209769162,
            "0.3": 0.07854549002934391,
            "0.35": 0.08665195426339303,
            "0.4": 0.09298008217957392,
            "0.45": 0.09701524660588685,
            "0.5": 0.10084477296726505
        }
    },
    "liquid": {
        "iou": 0.0968814231161398,
        "coverage": 0.1073495014157331,
        "precision": 0.4983729869746776,
        "recall": 0.1073495014157331,
        "segment_indices": [
            0,
            2,
            7,
            4,
            1,
            3
        ],
        "num_segments_used": 6,
        "iou_curve": {
            "0.05": 0.10340042762837912,
            "0.1": 0.1071432102720479,
            "0.15": 0.11194097804267296,
            "0.2": 0.11504639792669255,
            "0.25": 0.11969206214040665,
            "0.3": 0.12614976843741135,
            "0.35": 0.1328746122381567,
            "0.4": 0.13041975867246614,
            "0.45": 0.10623682991020295,
            "0.5": 0.05923818946326985
        }
    },
    "impact": {
        "iou": 0.15181760088739918,
        "coverage": 0.16901884877755435,
        "precision": 0.5986763279511611,
        "recall": 0.16901884877755435,
        "segment_indices": [
            0,
            2,
            7,
            1,
            3
        ],
        "num_segments_used": 5,
        "iou_curve": {
            "0.05": 0.10029029846191406,
            "0.1": 0.1078211941103434,
            "0.15": 0.11858779908568697,
            "0.2": 0.13756221609100278,
            "0.25": 0.1570278736811608,
            "0.3": 0.17104504052017863,
            "0.35": 0.17642188285268107,
            "0.4": 0.1578581748189451,
            "0.45": 0.13148367402250974,
            "0.5": 0.08659354566547142
        }
    }
}