{
    "count": {
        "iou": 0.3651789848249169,
        "coverage": 0.9954507165688646,
        "precision": 0.3657894490005847,
        "recall": 0.9954507165688646,
        "segment_indices": [
            0,
            5,
            6,
            7
        ],
        "num_segments_used": 4,
        "iou_curve": {
            "0.05": 0.9154179776867405,
            "0.1": 0.9617343222735579,
            "0.15": 0.9627443391742385,
            "0.2": 0.8510585008667754,
            "0.25": 0.6694493919729637,
            "0.3": 0.48956897286664547,
            "0.35": 0.31992936039311753,
            "0.4": 0.176903028163661,
            "0.45": 0.09523680556495942,
            "0.5": 0.034515955606863186
        }
    },
    "anatomy": {
        "iou": 0.14260874870355683,
        "coverage": 0.14365608579418002,
        "precision": 0.9513634513634514,
        "recall": 0.14365608579418002,
        "segment_indices": [
            2,
            11,
            6,
            14,
            16,
            15,
            13
        ],
        "num_segments_used": 7,
        "iou_curve": {
            "0.05": 0.01874542236328125,
            "0.1": 0.018921395732097064,
            "0.15": 0.023388361505822103,
            "0.2": 0.04889856334349151,
            "0.25": 0.0749051110467509,
            "0.3": 0.09596453325251972,
            "0.35": 0.11542842304673438,
            "0.4": 0.13085506375682626,
            "0.45": 0.14085444766115338,
            "0.5": 0.15090060040026684
        }
    },
    "error": {
        "iou": 0.6082896855798245,
        "coverage": 0.9989695062873811,
        "precision": 0.6086716180825067,
        "recall": 0.9989695062873811,
        "segment_indices": [
            0,
            7,
            4,
            1
        ],
        "num_segments_used": 4,
        "iou_curve": {
            "0.05": 0.9144879472967856,
            "0.1": 0.9164449639064394,
            "0.15": 0.9296451614507937,
            "0.2": 0.916480306790078,
            "0.25": 0.8603703777002584,
            "0.3": 0.7925867959857996,
            "0.35": 0.7092881105806359,
            "0.4": 0.6151208265234649,
            "0.45": 0.5292628080494485,
            "0.5": 0.4055428749584217
        }
    }
}