{
    "count": {
        "iou": 0.36478020805686956,
        "coverage": 0.9940326107611541,
        "precision": 0.3655807762876672,
        "recall": 0.9940326107611541,
        "segment_index": 0
    },
    "anatomy": {
        "iou": 0.1279076913621977,
        "coverage": 0.1279076913621977,
        "precision": 1.0,
        "recall": 0.1279076913621977,
        "segment_index": 2
    },
    "error": {
        "iou": 0.6082541390046792,
        "coverage": 0.9988736464071375,
        "precision": 0.6086716157760947,
        "recall": 0.9988736464071375,
        "segment_index": 0
    }
}