{
    "silhouette": {
        "iou": 0.45561469243497144,
        "coverage": 0.45668630154154655,
        "precision": 0.9948762286130324,
        "recall": 0.45668630154154655,
        "segment_index": 0
    },
    "mythical": {
        "iou": 0.6041983539586137,
        "coverage": 0.9912118941969689,
        "precision": 0.607452376411756,
        "recall": 0.9912118941969689,
        "segment_index": 2
    },
    "lighting": {
        "iou": 0.1420198127813247,
        "coverage": 0.9902540983606557,
        "precision": 0.14221859644909673,
        "recall": 0.9902540983606557,
        "segment_index": 2
    }
}