{
    "silhouette": {
        "iou": 0.45593144752910186,
        "coverage": 0.45700380164598736,
        "precision": 0.9948797700898542,
        "recall": 0.45700380164598736,
        "segment_indices": [
            0,
            11,
            8,
            9
        ],
        "num_segments_used": 4,
        "iou_curve": {
            "0.05": 0.10488992167311044,
            "0.1": 0.14235223750747647,
            "0.15": 0.18097459252078338,
            "0.2": 0.231941409249306,
            "0.25": 0.27886098036033113,
            "0.3": 0.3200125727956135,
            "0.35": 0.3723841010250191,
            "0.4": 0.42673865855461246,
            "0.45": 0.47288579430662375,
            "0.5": 0.533443633902384
        }
    },
    "mythical": {
        "iou": 0.6041995248516185,
        "coverage": 0.9912138150944121,
        "precision": 0.6074528385179081,
        "recall": 0.9912138150944121,
        "segment_indices": [
            2,
            7
        ],
        "num_segments_used": 2,
        "iou_curve": {
            "0.05": 0.8100949525237381,
            "0.1": 0.8128043212902357,
            "0.15": 0.8474868405552697,
            "0.2": 0.8357667174029967,
            "0.25": 0.8004912843305275,
            "0.3": 0.7571568294458902,
            "0.35": 0.7069416367748468,
            "0.4": 0.6572081335311365,
            "0.45": 0.6152429010569459,
            "0.5": 0.5695505610070211
        }
    },
    "lighting": {
        "iou": 0.1420211809477246,
        "coverage": 0.9904918032786886,
        "precision": 0.14221506674716577,
        "recall": 0.9904918032786886,
        "segment_indices": [
            2,
            3
        ],
        "num_segments_used": 2,
        "iou_curve": {
            "0.05": 0.8103361129760742,
            "0.1": 0.8065563008066078,
            "0.15": 0.6070400264202174,
            "0.2": 0.4319115842672542,
            "0.25": 0.3416700676356812,
            "0.3": 0.27542706042027426,
            "0.35": 0.20697278971437824,
            "0.4": 0.15663379692515944,
            "0.45": 0.1228960305835275,
            "0.5": 0.09335498672925925
        }
    }
}