{
    "bubbles": {
        "iou": 0.7953002171842379,
        "coverage": 0.8571231876353991,
        "precision": 0.9168479709763959,
        "recall": 0.8571231876353991,
        "segment_indices": [
            0,
            1,
            40,
            3,
            38,
            30,
            5,
            13,
            12,
            6,
            14,
            8,
            18,
            32,
            17,
            15,
            27,
            16,
            21,
            25,
            2,
            28,
            11,
            37
        ],
        "num_segments_used": 24,
        "iou_curve": {
            "0.05": 0.5115423202514648,
            "0.1": 0.5125904024341763,
            "0.15": 0.5225126553600749,
            "0.2": 0.5576385682316362,
            "0.25": 0.6063028691621973,
            "0.3": 0.6612139824993493,
            "0.35": 0.7205703723994433,
            "0.4": 0.770038697082382,
            "0.45": 0.7936041157127778,
            "0.5": 0.788808564091957
        }
    },
    "soap": {
        "iou": 0.07199415744157442,
        "coverage": 0.10110661268556005,
        "precision": 0.20002135839384877,
        "recall": 0.10110661268556005,
        "segment_indices": [
            35,
            29
        ],
        "num_segments_used": 2,
        "iou_curve": {
            "0.05": 0.026790618896484375,
            "0.1": 0.032021115213761456,
            "0.15": 0.04160908150581936,
            "0.2": 0.06611273529260912,
            "0.25": 0.0723206414508207,
            "0.3": 0.06243988457839051,
            "0.35": 0.032075858234071816,
            "0.4": 0.007590770160884022,
            "0.45": 0.0013860974426502183,
            "0.5": 0.0
        }
    },
    "irridescent": {
        "iou": 0.0013626286476451398,
        "coverage": 0.0017089534694468055,
        "precision": 0.006679035250463822,
        "recall": 0.0017089534694468055,
        "segment_indices": [
            15,
            18,
            13,
            16
        ],
        "num_segments_used": 4,
        "iou_curve": {
            "0.05": 0.05397319793701172,
            "0.1": 0.053958301343618856,
            "0.15": 0.04682389701116804,
            "0.2": 0.009389460259324058,
            "0.25": 0.0033888259558257695,
            "0.3": 0.0016986971856330526,
            "0.35": 0.001237588724191624,
            "0.4": 0.0007524973938737047,
            "0.45": 2.15954735887358e-05,
            "0.5": 0.0
        }
    },
    "floats": {
        "iou": 0.10380845120815765,
        "coverage": 0.38385326618056076,
        "precision": 0.12456457042494024,
        "recall": 0.38385326618056076,
        "segment_indices": [
            7,
            27,
            0
        ],
        "num_segments_used": 3,
        "iou_curve": {
            "0.05": 0.1954507827758789,
            "0.1": 0.1772191944927194,
            "0.15": 0.15335364032730095,
            "0.2": 0.14067684950224477,
            "0.25": 0.11880904447746712,
            "0.3": 0.09869288338436998,
            "0.35": 0.07220189749334827,
            "0.4": 0.04297643449670523,
            "0.45": 0.018982967402315826,
            "0.5": 0.0037198128469161395
        }
    }
}