{
    "bubbles": {
        "iou": 0.2828776597066351,
        "coverage": 0.2976277827062205,
        "precision": 0.8509220826461106,
        "recall": 0.2976277827062205,
        "segment_index": 0
    },
    "soap": {
        "iou": 0.07178815948449456,
        "coverage": 0.08980656770130455,
        "precision": 0.26351636747624074,
        "recall": 0.08980656770130455,
        "segment_index": 35
    },
    "irridescent": {
        "iou": 0.0007321895976464708,
        "coverage": 0.0007550138343852289,
        "precision": 0.023647691871990936,
        "recall": 0.0007550138343852289,
        "segment_index": 15
    },
    "floats": {
        "iou": 0.10069077744309612,
        "coverage": 0.3683830714876344,
        "precision": 0.12170142596740788,
        "recall": 0.3683830714876344,
        "segment_index": 7
    }
}