{
    "viscous": {
        "iou": 0.06492616138868405,
        "coverage": 0.8753291418131012,
        "precision": 0.06553215456721583,
        "recall": 0.8753291418131012,
        "segment_indices": [
            1
        ],
        "num_segments_used": 1,
        "iou_curve": {
            "0.05": 0.23705005645751953,
            "0.1": 0.380201859959653,
            "0.15": 0.5360727161763542,
            "0.2": 0.3144987225795084,
            "0.25": 0.15242594225173003,
            "0.3": 0.07094341725988565,
            "0.35": 0.023207884586083288,
            "0.4": 0.005318015732965668,
            "0.45": 0.0021472429641603437,
            "0.5": 0.0008447202970197463
        }
    },
    "slime": {
        "iou": 0.09483917862983827,
        "coverage": 0.49534927866362943,
        "precision": 0.10498260012471587,
        "recall": 0.49534927866362943,
        "segment_indices": [
            1
        ],
        "num_segments_used": 1,
        "iou_curve": {
            "0.05": 0.23705005645751953,
            "0.1": 0.288225940046003,
            "0.15": 0.2514609318348902,
            "0.2": 0.07978890283255648,
            "0.25": 0.021473732704252648,
            "0.3": 0.0016804093942505134,
            "0.35": 0.0,
            "0.4": 0.0,
            "0.45": 0.0,
            "0.5": 0.0
        }
    },
    "dripping": {
        "iou": 0.30332280921346966,
        "coverage": 0.3332675119808866,
        "precision": 0.7714709009803413,
        "recall": 0.3332675119808866,
        "segment_indices": [
            1,
            0,
            14,
            6,
            3
        ],
        "num_segments_used": 5,
        "iou_curve": {
            "0.05": 0.2941741943359375,
            "0.1": 0.29443090583331183,
            "0.15": 0.3023712061241526,
            "0.2": 0.3270984387052158,
            "0.25": 0.3377526860524608,
            "0.3": 0.34286630110013394,
            "0.35": 0.3393210332278237,
            "0.4": 0.32180044626740806,
            "0.45": 0.298619250303292,
            "0.5": 0.2672192784041107
        }
    },
    "green": {
        "iou": 0.26989826688674456,
        "coverage": 0.3047871244096746,
        "precision": 0.7021873999979354,
        "recall": 0.3047871244096746,
        "segment_indices": [
            15,
            2,
            0,
            9,
            11,
            12,
            13,
            5,
            4,
            8,
            10
        ],
        "num_segments_used": 11,
        "iou_curve": {
            "0.05": 0.09238529205322266,
            "0.1": 0.09260324937769332,
            "0.15": 0.11706148334907084,
            "0.2": 0.1672320958958333,
            "0.25": 0.20788909821741472,
            "0.3": 0.23832493858182918,
            "0.35": 0.26788375683650334,
            "0.4": 0.27367197750702904,
            "0.45": 0.268591061398255,
            "0.5": 0.25379664926444045
        }
    }
}