{
    "viscous": {
        "iou": 0.06492616138868405,
        "coverage": 0.8753291418131012,
        "precision": 0.06553215456721583,
        "recall": 0.8753291418131012,
        "segment_index": 1
    },
    "slime": {
        "iou": 0.09483917862983827,
        "coverage": 0.49534927866362943,
        "precision": 0.10498260012471587,
        "recall": 0.49534927866362943,
        "segment_index": 1
    },
    "dripping": {
        "iou": 0.25209936472755085,
        "coverage": 0.27142905158433395,
        "precision": 0.7797356828193832,
        "recall": 0.27142905158433395,
        "segment_index": 1
    },
    "green": {
        "iou": 0.1289832065425812,
        "coverage": 0.129602745741144,
        "precision": 0.9642630929759642,
        "recall": 0.129602745741144,
        "segment_index": 15
    }
}