{
    "red": {
        "iou": 0.8523702273150525,
        "coverage": 0.9985740304793451,
        "precision": 0.8534089878936221,
        "recall": 0.9985740304793451,
        "segment_indices": [
            0
        ],
        "num_segments_used": 1,
        "iou_curve": {
            "0.05": 0.9257707221890551,
            "0.1": 0.9495302798753152,
            "0.15": 0.9744482937011979,
            "0.2": 0.976691116378732,
            "0.25": 0.9710932397126062,
            "0.3": 0.9603633842823601,
            "0.35": 0.938379065348413,
            "0.4": 0.8907949403537638,
            "0.45": 0.8221207621646596,
            "0.5": 0.6825411855764539
        }
    },
    "yellow": {
        "iou": 0.32334866734557716,
        "coverage": 0.6662807525325615,
        "precision": 0.3858369997904882,
        "recall": 0.6662807525325615,
        "segment_indices": [
            1,
            7,
            5
        ],
        "num_segments_used": 3,
        "iou_curve": {
            "0.05": 0.022759437561035156,
            "0.1": 0.13319454831616195,
            "0.15": 0.3227704200534303,
            "0.2": 0.4355157984414543,
            "0.25": 0.41346875,
            "0.3": 0.32334866734557716,
            "0.35": 0.1951554453557124,
            "0.4": 0.0834485001219413,
            "0.45": 0.0372533477952526,
            "0.5": 0.012528807877645086
        }
    },
    "blue": {
        "iou": 0.20990891354864363,
        "coverage": 0.24623188828314044,
        "precision": 0.5872822723638007,
        "recall": 0.24623188828314044,
        "segment_indices": [
            5,
            1,
            6,
            4,
            7
        ],
        "num_segments_used": 5,
        "iou_curve": {
            "0.05": 0.02743053436279297,
            "0.1": 0.02758001060511481,
            "0.15": 0.03373404954025146,
            "0.2": 0.1368060190231091,
            "0.25": 0.20379032501433442,
            "0.3": 0.2319284899930061,
            "0.35": 0.2205944099590336,
            "0.4": 0.2037020007619448,
            "0.45": 0.1917117503716532,
            "0.5": 0.15897454651843182
        }
    },
    "violet": {
        "iou": 0.14685973343041897,
        "coverage": 0.9577686479564614,
        "precision": 0.1478169303313745,
        "recall": 0.9577686479564614,
        "segment_indices": [
            0,
            2
        ],
        "num_segments_used": 2,
        "iou_curve": {
            "0.05": 0.9264936447143555,
            "0.1": 0.9224009952944858,
            "0.15": 0.8267288959949695,
            "0.2": 0.539379526262955,
            "0.25": 0.3564033771238959,
            "0.3": 0.2051817179886892,
            "0.35": 0.08054964688121137,
            "0.4": 0.02055109967041756,
            "0.45": 0.006601682055502688,
            "0.5": 0.0010373123730372878
        }
    }
}