{
    "red": {
        "iou": 0.8523702273150525,
        "coverage": 0.9985740304793451,
        "precision": 0.8534089878936221,
        "recall": 0.9985740304793451,
        "segment_index": 0
    },
    "yellow": {
        "iou": 0.19386756551049256,
        "coverage": 0.25803183791606366,
        "precision": 0.43808353808353806,
        "recall": 0.25803183791606366,
        "segment_index": 1
    },
    "blue": {
        "iou": 0.08477930621176011,
        "coverage": 0.08867088423078044,
        "precision": 0.6589038128249567,
        "recall": 0.08867088423078044,
        "segment_index": 5
    },
    "violet": {
        "iou": 0.14662238415488238,
        "coverage": 0.9557611247465585,
        "precision": 0.14762425725846992,
        "recall": 0.9557611247465585,
        "segment_index": 0
    }
}