{
    "num_segments": 8,
    "image_size": [
        1024,
        1024
    ],
    "overall_coverage_percent": 95.39241790771484,
    "concept_collisions": {
        "red_vs_yellow": 0.0,
        "red_vs_blue": 0.0,
        "red_vs_violet": 0.9992063810667844,
        "yellow_vs_blue": 0.8297117824983485,
        "yellow_vs_violet": 0.0,
        "blue_vs_violet": 0.0
    }
}