{
    "purple": {
        "iou": 0.7453890165538485,
        "coverage": 0.854598375255224,
        "precision": 0.8536494468523935,
        "recall": 0.854598375255224,
        "segment_indices": [
            4,
            58
        ],
        "num_segments_used": 2,
        "iou_curve": {
            "0.05": 0.3739511162157027,
            "0.1": 0.4854856585594001,
            "0.15": 0.635990815541054,
            "0.2": 0.6730203507375722,
            "0.25": 0.6828318902392024,
            "0.3": 0.6972113766183035,
            "0.35": 0.7188782032451312,
            "0.4": 0.7380634755864779,
            "0.45": 0.7465917825213393,
            "0.5": 0.7409947857756335
        }
    },
    "banana": {
        "iou": 0.6447126728797048,
        "coverage": 0.9392825854828875,
        "precision": 0.6727500205024727,
        "recall": 0.9392825854828875,
        "segment_indices": [
            0,
            7,
            54,
            23,
            5,
            16,
            31,
            36,
            9,
            18,
            24,
            22,
            37,
            17,
            42,
            48,
            10,
            27,
            20,
            26,
            46,
            29,
            44,
            2,
            12,
            41,
            38,
            45,
            51,
            25,
            28,
            35,
            15,
            53,
            33,
            52,
            60,
            8,
            14,
            13,
            6,
            19
        ],
        "num_segments_used": 42,
        "iou_curve": {
            "0.05": 0.5000524536881619,
            "0.1": 0.5805591835242586,
            "0.15": 0.6897580220311256,
            "0.2": 0.7608378857172506,
            "0.25": 0.7773374194970017,
            "0.3": 0.7805664321495462,
            "0.35": 0.7596692229029979,
            "0.4": 0.6903410065370569,
            "0.45": 0.5881768899670152,
            "0.5": 0.428130914618774
        }
    },
    "yellow": {
        "iou": 0.08758499572206961,
        "coverage": 0.2602354830077602,
        "precision": 0.11662069792541072,
        "recall": 0.2602354830077602,
        "segment_indices": [
            49
        ],
        "num_segments_used": 1,
        "iou_curve": {
            "0.05": 0.015905380249023438,
            "0.1": 0.03009917496282123,
            "0.15": 0.0663536125730912,
            "0.2": 0.12021536799974587,
            "0.25": 0.1340016753587159,
            "0.3": 0.11630405586892291,
            "0.35": 0.07441860465116279,
            "0.4": 0.04284555044630782,
            "0.45": 0.029384809256501318,
            "0.5": 0.01695015007945383
        }
    },
    "grapes": {
        "iou": 0.3659387757327682,
        "coverage": 0.4973296905800574,
        "precision": 0.5807339290762139,
        "recall": 0.4973296905800574,
        "segment_indices": [
            32,
            10,
            11,
            3,
            59,
            40,
            35,
            21,
            30,
            25,
            38,
            53,
            50,
            34,
            45,
            56,
            29,
            55,
            26,
            28,
            51,
            47,
            44,
            41,
            39,
            33,
            52,
            2,
            27
        ],
        "num_segments_used": 29,
        "iou_curve": {
            "0.05": 0.16531085968017578,
            "0.1": 0.16880125894201348,
            "0.15": 0.203111689693436,
            "0.2": 0.29502072565375365,
            "0.25": 0.3385592900227037,
            "0.3": 0.3823208011078349,
            "0.35": 0.41302900955744676,
            "0.4": 0.3717844921575612,
            "0.45": 0.295360092693544,
            "0.5": 0.2048674756826909
        }
    }
}