{
    "purple": {
        "iou": 0.7441213964618791,
        "coverage": 0.8502413607173613,
        "precision": 0.8563622511749536,
        "recall": 0.8502413607173613,
        "segment_index": 4
    },
    "banana": {
        "iou": 0.13627479398732867,
        "coverage": 0.17526088889954014,
        "precision": 0.37989091223918503,
        "recall": 0.17526088889954014,
        "segment_index": 0
    },
    "yellow": {
        "iou": 0.08758499572206961,
        "coverage": 0.2602354830077602,
        "precision": 0.11662069792541072,
        "recall": 0.2602354830077602,
        "segment_index": 49
    },
    "grapes": {
        "iou": 0.0458485859758996,
        "coverage": 0.04622278433484346,
        "precision": 0.8499273255813954,
        "recall": 0.04622278433484346,
        "segment_index": 32
    }
}