{
    "lighting": {
        "iou": 0.2804073419110921,
        "coverage": 0.4243710662802931,
        "precision": 0.45252716107699575,
        "recall": 0.4243710662802931,
        "segment_index": 1
    },
    "darkness": {
        "iou": 0.37445698739663863,
        "coverage": 0.38852511730011136,
        "precision": 0.9118284511617462,
        "recall": 0.38852511730011136,
        "segment_index": 0
    },
    "green": {
        "iou": 0.3666878749318306,
        "coverage": 0.40523328813218823,
        "precision": 0.7940284994489056,
        "recall": 0.40523328813218823,
        "segment_index": 1
    }
}