{
    "lighting": {
        "iou": 0.392964247223654,
        "coverage": 0.6191513316967829,
        "precision": 0.5182295689788352,
        "recall": 0.6191513316967829,
        "segment_indices": [
            1,
            10,
            14,
            17,
            2,
            23,
            7,
            22
        ],
        "num_segments_used": 8,
        "iou_curve": {
            "0.05": 0.06173233933426731,
            "0.1": 0.11469060291855958,
            "0.15": 0.2866325019929393,
            "0.2": 0.4207192296117966,
            "0.25": 0.43913008658201264,
            "0.3": 0.43405948211285,
            "0.35": 0.409768736422882,
            "0.4": 0.3549077426498949,
            "0.45": 0.2714650234805505,
            "0.5": 0.1330122375332858
        }
    },
    "darkness": {
        "iou": 0.5037122972311583,
        "coverage": 0.5256068618757114,
        "precision": 0.9236189589842452,
        "recall": 0.5256068618757114,
        "segment_indices": [
            0,
            4,
            24,
            7,
            22
        ],
        "num_segments_used": 5,
        "iou_curve": {
            "0.05": 0.48800645762090866,
            "0.1": 0.5024625016970896,
            "0.15": 0.515116897541992,
            "0.2": 0.5148615209401046,
            "0.25": 0.5144260481042259,
            "0.3": 0.5126463117417962,
            "0.35": 0.5101853951844721,
            "0.4": 0.5072931436819248,
            "0.45": 0.5039607526389034,
            "0.5": 0.5007288637590408
        }
    },
    "green": {
        "iou": 0.5900581020012912,
        "coverage": 0.8262769323489528,
        "precision": 0.6736273185112394,
        "recall": 0.8262769323489528,
        "segment_indices": [
            1,
            3,
            5,
            23
        ],
        "num_segments_used": 4,
        "iou_curve": {
            "0.05": 0.11645793914794922,
            "0.1": 0.11809218956255167,
            "0.15": 0.13908677347089302,
            "0.2": 0.2265555481136318,
            "0.25": 0.3695243161883012,
            "0.3": 0.5008730322403244,
            "0.35": 0.6074511342559566,
            "0.4": 0.5988687814717125,
            "0.45": 0.5307204522881809,
            "0.5": 0.42173759830853264
        }
    }
}