{
    "velvet": {
        "iou": 0.04246371318603298,
        "coverage": 0.9804999506951977,
        "precision": 0.042499604634960525,
        "recall": 0.9804999506951977,
        "segment_index": 0
    },
    "soft": {
        "iou": 0.659820601243755,
        "coverage": 0.9975880645301058,
        "precision": 0.660874889969,
        "recall": 0.9975880645301058,
        "segment_index": 1
    },
    "curtain": {
        "iou": 0.8605894363558978,
        "coverage": 0.912789312784944,
        "precision": 0.9376894012249904,
        "recall": 0.912789312784944,
        "segment_index": 0
    },
    "folds": {
        "iou": 0.040620729396451546,
        "coverage": 0.9273642487172629,
        "precision": 0.04075038147383538,
        "recall": 0.9273642487172629,
        "segment_index": 0
    }
}