{
    "velvet": {
        "iou": 0.04246371318603298,
        "coverage": 0.9804999506951977,
        "precision": 0.042499604634960525,
        "recall": 0.9804999506951977,
        "segment_indices": [
            0
        ],
        "num_segments_used": 1,
        "iou_curve": {
            "0.05": 0.8924283981323242,
            "0.1": 0.9014638354265951,
            "0.15": 0.8067772254196821,
            "0.2": 0.4935185096356274,
            "0.25": 0.20553050078010113,
            "0.3": 0.07644525099410211,
            "0.35": 0.02503222196475499,
            "0.4": 0.008042454417368027,
            "0.45": 0.003121748178980229,
            "0.5": 0.0011998658030766996
        }
    },
    "soft": {
        "iou": 0.659820601243755,
        "coverage": 0.9975880645301058,
        "precision": 0.660874889969,
        "recall": 0.9975880645301058,
        "segment_indices": [
            1
        ],
        "num_segments_used": 1,
        "iou_curve": {
            "0.05": 0.09967422485351562,
            "0.1": 0.45979951082784354,
            "0.15": 0.8399924158852731,
            "0.2": 0.8216112231971098,
            "0.25": 0.7266748007778244,
            "0.3": 0.5986882361939728,
            "0.35": 0.4484464087552137,
            "0.4": 0.26552872287496654,
            "0.45": 0.1036492020360519,
            "0.5": 0.003023460522790769
        }
    },
    "curtain": {
        "iou": 0.9119062809203816,
        "coverage": 0.9931691445463935,
        "precision": 0.9176618031921897,
        "recall": 0.9931691445463935,
        "segment_indices": [
            0,
            1,
            2
        ],
        "num_segments_used": 3,
        "iou_curve": {
            "0.05": 0.9922761917114258,
            "0.1": 0.9922761917114258,
            "0.15": 0.9923005246477631,
            "0.2": 0.991950113594961,
            "0.25": 0.989479116093137,
            "0.3": 0.9843522242488534,
            "0.35": 0.9738921755725191,
            "0.4": 0.9579236839995265,
            "0.45": 0.9338342432974885,
            "0.5": 0.8891634839328464
        }
    },
    "folds": {
        "iou": 0.040620729396451546,
        "coverage": 0.9273642487172629,
        "precision": 0.04075038147383538,
        "recall": 0.9273642487172629,
        "segment_indices": [
            0
        ],
        "num_segments_used": 1,
        "iou_curve": {
            "0.05": 0.8927802711119253,
            "0.1": 0.3141774139613674,
            "0.15": 0.13427787769688976,
            "0.2": 0.10330520617736029,
            "0.25": 0.07454830322730142,
            "0.3": 0.05441082873727881,
            "0.35": 0.037158019332781456,
            "0.4": 0.023140164470281343,
            "0.45": 0.012736284001844168,
            "0.5": 0.005028554586887528
        }
    }
}