{
    "person": {
        "iou": 0.13307662595804148,
        "coverage": 0.16993481257750098,
        "precision": 0.3802486359126984,
        "recall": 0.16993481257750098,
        "segment_indices": [
            1,
            7,
            5
        ],
        "num_segments_used": 3,
        "iou_curve": {
            "0.05": 0.30753620699524875,
            "0.1": 0.2627076111939289,
            "0.15": 0.22950709204307101,
            "0.2": 0.20020620700224964,
            "0.25": 0.18627758288283258,
            "0.3": 0.17124040461395845,
            "0.35": 0.1556023460878242,
            "0.4": 0.14425825689560173,
            "0.45": 0.1356580286066889,
            "0.5": 0.12756458987255195
        }
    },
    "holding": {
        "iou": 0.6774357430474541,
        "coverage": 0.924737755951219,
        "precision": 0.7169655765715174,
        "recall": 0.924737755951219,
        "segment_indices": [
            7,
            5,
            9
        ],
        "num_segments_used": 3,
        "iou_curve": {
            "0.05": 0.2394812127548553,
            "0.1": 0.38983726200769514,
            "0.15": 0.5260763362824822,
            "0.2": 0.6614585588784669,
            "0.25": 0.7400196044976598,
            "0.3": 0.7435324455071174,
            "0.35": 0.7371611677121587,
            "0.4": 0.7219893620526187,
            "0.45": 0.6999955294941622,
            "0.5": 0.6606125746984624
        }
    },
    "fruit": {
        "iou": 0.9136575992423069,
        "coverage": 0.9449562023170387,
        "precision": 0.9650164000654079,
        "recall": 0.9449562023170387,
        "segment_indices": [
            0,
            8
        ],
        "num_segments_used": 2,
        "iou_curve": {
            "0.05": 0.09914684295654297,
            "0.1": 0.1290444704004409,
            "0.15": 0.4192433208685795,
            "0.2": 0.6585286912815566,
            "0.25": 0.7326381514675275,
            "0.3": 0.792096932817014,
            "0.35": 0.8420741422071842,
            "0.4": 0.8837282039252483,
            "0.45": 0.9076045318936069,
            "0.5": 0.9154859557544122
        }
    }
}