{
    "person": {
        "iou": 0.09903916094573718,
        "coverage": 0.09903916094573718,
        "precision": 1.0,
        "recall": 0.09903916094573718,
        "segment_index": 1
    },
    "holding": {
        "iou": 0.6724570451286281,
        "coverage": 0.9129637430265172,
        "precision": 0.7185198062632911,
        "recall": 0.9129637430265172,
        "segment_index": 7
    },
    "fruit": {
        "iou": 0.9054705073447048,
        "coverage": 0.9364886502778562,
        "precision": 0.9647112473802686,
        "recall": 0.9364886502778562,
        "segment_index": 0
    }
}