{
    "transparent": {
        "iou": 0.32795887743047797,
        "coverage": 0.3485342019543974,
        "precision": 0.8474548304595331,
        "recall": 0.3485342019543974,
        "segment_index": 8
    },
    "blue": {
        "iou": 0.03941606631074621,
        "coverage": 0.6915301001355755,
        "precision": 0.040121493302274616,
        "recall": 0.6915301001355755,
        "segment_index": 0
    },
    "bird": {
        "iou": 0.07016250278750909,
        "coverage": 0.0739156300088288,
        "precision": 0.5801510825600761,
        "recall": 0.0739156300088288,
        "segment_index": 4
    },
    "crystalline": {
        "iou": 0.8102963326872932,
        "coverage": 0.9736070951912209,
        "precision": 0.828494898909679,
        "recall": 0.9736070951912209,
        "segment_index": 0
    }
}