{
    "transparent": {
        "iou": 0.38458706815630117,
        "coverage": 0.708978013029316,
        "precision": 0.45668138304847666,
        "recall": 0.708978013029316,
        "segment_indices": [
            8,
            4,
            1
        ],
        "num_segments_used": 3,
        "iou_curve": {
            "0.05": 0.04363441467285156,
            "0.1": 0.04924149763039359,
            "0.15": 0.08488128114537853,
            "0.2": 0.2848679479054665,
            "0.25": 0.4355369919366033,
            "0.3": 0.44418415487229546,
            "0.35": 0.36473229445723127,
            "0.4": 0.27691617925777984,
            "0.45": 0.1919164146274402,
            "0.5": 0.11305646330642544
        }
    },
    "blue": {
        "iou": 0.03984314897308972,
        "coverage": 0.7230930238089575,
        "precision": 0.0404604891033106,
        "recall": 0.7230930238089575,
        "segment_indices": [
            0,
            9,
            7
        ],
        "num_segments_used": 3,
        "iou_curve": {
            "0.05": 0.7165711397426971,
            "0.1": 0.7865924745414764,
            "0.15": 0.8076268321113347,
            "0.2": 0.5927526690545887,
            "0.25": 0.3051588983319672,
            "0.3": 0.15479640669155717,
            "0.35": 0.05327328747173922,
            "0.4": 0.01780061621575993,
            "0.45": 0.006057038772206823,
            "0.5": 0.0013344107858669417
        }
    },
    "bird": {
        "iou": 0.19079418077748628,
        "coverage": 0.20613165901882846,
        "precision": 0.7194339747404616,
        "recall": 0.20613165901882846,
        "segment_indices": [
            4,
            9,
            3,
            5,
            6,
            2,
            7
        ],
        "num_segments_used": 7,
        "iou_curve": {
            "0.05": 0.0721120834350586,
            "0.1": 0.07639862065202785,
            "0.15": 0.12162051311745149,
            "0.2": 0.17478461559851144,
            "0.25": 0.2049101403288016,
            "0.3": 0.2177170689264939,
            "0.35": 0.22159227047127097,
            "0.4": 0.21451855649099286,
            "0.45": 0.1967796182918786,
            "0.5": 0.17075252675769248
        }
    },
    "crystalline": {
        "iou": 0.8102963326872932,
        "coverage": 0.9736070951912209,
        "precision": 0.828494898909679,
        "recall": 0.9736070951912209,
        "segment_indices": [
            0
        ],
        "num_segments_used": 1,
        "iou_curve": {
            "0.05": 0.6911442510837789,
            "0.1": 0.7981675268454117,
            "0.15": 0.8955683600069692,
            "0.2": 0.9254831582971059,
            "0.25": 0.9279624044586404,
            "0.3": 0.9259323467174487,
            "0.35": 0.9055335070488408,
            "0.4": 0.819601855024294,
            "0.45": 0.676320816063882,
            "0.5": 0.4327692085050146
        }
    }
}