{
    "elephant": {
        "iou": 0.9061189435174445,
        "coverage": 0.9360985427533282,
        "precision": 0.965862299915587,
        "recall": 0.9360985427533282,
        "segment_index": 0
    },
    "jungle": {
        "iou": 0.08595961340954782,
        "coverage": 0.09723540502583353,
        "precision": 0.42570394396653033,
        "recall": 0.09723540502583353,
        "segment_index": 1
    },
    "pink": {
        "iou": 0.07751351311244913,
        "coverage": 0.5481687480323224,
        "precision": 0.08280393609980541,
        "recall": 0.5481687480323224,
        "segment_index": 0
    },
    "green": {
        "iou": 0.23023254045504318,
        "coverage": 0.27879426877106395,
        "precision": 0.5692944107554176,
        "recall": 0.27879426877106395,
        "segment_index": 1
    }
}