{
    "elephant": {
        "iou": 0.9103642287150254,
        "coverage": 0.9434039807339238,
        "precision": 0.9629549767120925,
        "recall": 0.9434039807339238,
        "segment_indices": [
            0,
            53,
            39
        ],
        "num_segments_used": 3,
        "iou_curve": {
            "0.05": 0.24326664835500214,
            "0.1": 0.3309858789393503,
            "0.15": 0.5495923356515515,
            "0.2": 0.722096808957154,
            "0.25": 0.8223133944431682,
            "0.3": 0.8615781916667233,
            "0.35": 0.885007508378788,
            "0.4": 0.9012134091999726,
            "0.45": 0.9089146432820694,
            "0.5": 0.9100045921738903
        }
    },
    "jungle": {
        "iou": 0.18100293190341923,
        "coverage": 0.21463513101440063,
        "precision": 0.5359910337467891,
        "recall": 0.21463513101440063,
        "segment_indices": [
            1,
            33,
            31,
            19,
            42,
            13,
            51,
            27,
            30,
            56,
            65,
            36,
            47,
            38,
            9,
            15,
            55,
            50,
            17,
            70,
            46,
            68,
            16,
            69,
            37,
            3,
            29,
            44,
            49,
            32,
            71,
            40,
            52,
            58,
            60,
            22,
            59,
            54,
            8,
            2,
            18,
            41,
            21,
            25,
            62,
            48,
            61,
            23,
            43,
            14
        ],
        "num_segments_used": 50,
        "iou_curve": {
            "0.05": 0.17818889970788704,
            "0.1": 0.22132651583667443,
            "0.15": 0.23076570181583728,
            "0.2": 0.2338620425889854,
            "0.25": 0.23378676437020737,
            "0.3": 0.23227421983248328,
            "0.35": 0.22856613390258548,
            "0.4": 0.2182955147900009,
            "0.45": 0.19998042071825584,
            "0.5": 0.16926098065827083
        }
    },
    "pink": {
        "iou": 0.08551900804318645,
        "coverage": 0.620107041662294,
        "precision": 0.09024715257175367,
        "recall": 0.620107041662294,
        "segment_indices": [
            0,
            53,
            23,
            43,
            17,
            50,
            35
        ],
        "num_segments_used": 7,
        "iou_curve": {
            "0.05": 0.2497701644897461,
            "0.1": 0.37929334069366655,
            "0.15": 0.40323961019695553,
            "0.2": 0.2217632710267779,
            "0.25": 0.10297815256261725,
            "0.3": 0.03319474323676613,
            "0.35": 0.006228902714075958,
            "0.4": 9.144494442814523e-05,
            "0.45": 0.0,
            "0.5": 0.0
        }
    },
    "green": {
        "iou": 0.36906938016426655,
        "coverage": 0.4806027735317409,
        "precision": 0.6139499594170166,
        "recall": 0.4806027735317409,
        "segment_indices": [
            1,
            4,
            20,
            28,
            7,
            2,
            45,
            63,
            34,
            12,
            11,
            5,
            25,
            18,
            10,
            21,
            32,
            58,
            48,
            62,
            61,
            3,
            57,
            24,
            26
        ],
        "num_segments_used": 25,
        "iou_curve": {
            "0.05": 0.16219635048194703,
            "0.1": 0.20988559821698677,
            "0.15": 0.25193404820932525,
            "0.2": 0.2975263788859096,
            "0.25": 0.3323304033035995,
            "0.3": 0.3559149288348949,
            "0.35": 0.3681159420289855,
            "0.4": 0.3586196327044777,
            "0.45": 0.30824591256753914,
            "0.5": 0.21379428358607083
        }
    }
}