{
    "staircase": {
        "iou": 0.2304724507674136,
        "coverage": 0.24527746747390855,
        "precision": 0.792457058948548,
        "recall": 0.24527746747390855,
        "segment_indices": [
            15,
            46,
            2,
            9,
            31,
            34,
            40,
            35,
            38,
            45,
            14,
            7,
            12,
            25,
            6,
            22,
            24,
            21,
            8,
            23,
            3,
            13,
            43,
            33,
            18,
            4,
            39,
            36,
            16,
            19,
            42,
            29,
            20,
            28,
            27,
            44,
            17,
            1,
            5,
            41,
            11
        ],
        "num_segments_used": 41,
        "iou_curve": {
            "0.05": 0.24679036623490075,
            "0.1": 0.24671937543166111,
            "0.15": 0.24566498276306617,
            "0.2": 0.24373692393328086,
            "0.25": 0.24257672093184052,
            "0.3": 0.24145422668451852,
            "0.35": 0.2396839649905045,
            "0.4": 0.23593256318323003,
            "0.45": 0.2316499609361128,
            "0.5": 0.2271461346446024
        }
    },
    "infinite": {
        "iou": 0.20502615704237692,
        "coverage": 0.30251883586940465,
        "precision": 0.38882559574670084,
        "recall": 0.30251883586940465,
        "segment_indices": [
            0,
            31,
            12,
            20,
            17,
            21,
            27,
            11,
            13,
            30,
            26,
            37,
            16,
            32
        ],
        "num_segments_used": 14,
        "iou_curve": {
            "0.05": 0.1004511863310855,
            "0.1": 0.1685137519255329,
            "0.15": 0.22771378536368794,
            "0.2": 0.25937033001507886,
            "0.25": 0.22098565572846443,
            "0.3": 0.17286761172513215,
            "0.35": 0.09015508943832261,
            "0.4": 0.03032936076024622,
            "0.45": 0.010466060869400941,
            "0.5": 0.0017753726383746321
        }
    },
    "loop": {
        "iou": 0.03174511972650358,
        "coverage": 0.1955233123949394,
        "precision": 0.0365144405525081,
        "recall": 0.1955233123949394,
        "segment_indices": [
            2,
            32,
            30,
            1,
            26
        ],
        "num_segments_used": 5,
        "iou_curve": {
            "0.05": 0.057720184326171875,
            "0.1": 0.07395522746035633,
            "0.15": 0.12205686814606145,
            "0.2": 0.1397747653426316,
            "0.25": 0.05952875233547851,
            "0.3": 0.01821798291216491,
            "0.35": 0.0057512696047804426,
            "0.4": 0.0018626537914808098,
            "0.45": 6.582086850635995e-05,
            "0.5": 0.0
        }
    },
    "surreal": {
        "iou": 0.22744430010539474,
        "coverage": 0.4499151515151515,
        "precision": 0.3150559356273448,
        "recall": 0.4499151515151515,
        "segment_indices": [
            1
        ],
        "num_segments_used": 1,
        "iou_curve": {
            "0.05": 0.05618532659443879,
            "0.1": 0.09868501988873245,
            "0.15": 0.16023258493048523,
            "0.2": 0.21074126079494873,
            "0.25": 0.23765933213783744,
            "0.3": 0.2578943154523619,
            "0.35": 0.25732230455039923,
            "0.4": 0.2241024496677576,
            "0.45": 0.17613228904481348,
            "0.5": 0.11770888071466107
        }
    }
}