{
    "staircase": {
        "iou": 0.04550680916877225,
        "coverage": 0.04553772404670266,
        "precision": 0.9853009678588065,
        "recall": 0.04553772404670266,
        "segment_index": 15
    },
    "infinite": {
        "iou": 0.12126948326553627,
        "coverage": 0.15568769389865564,
        "precision": 0.35423529411764704,
        "recall": 0.15568769389865564,
        "segment_index": 0
    },
    "loop": {
        "iou": 0.028064280496712928,
        "coverage": 0.16995487923560118,
        "precision": 0.03252183923613462,
        "recall": 0.16995487923560118,
        "segment_index": 2
    },
    "surreal": {
        "iou": 0.22744430010539474,
        "coverage": 0.4499151515151515,
        "precision": 0.3150559356273448,
        "recall": 0.4499151515151515,
        "segment_index": 1
    }
}