{
    "painting": {
        "iou": 0.21709866819418588,
        "coverage": 0.26626855185738124,
        "precision": 0.5403671359828908,
        "recall": 0.26626855185738124,
        "segment_indices": [
            52,
            35,
            40
        ],
        "num_segments_used": 3,
        "iou_curve": {
            "0.05": 0.010700460539429099,
            "0.1": 0.014889104886454008,
            "0.15": 0.036554471028398657,
            "0.2": 0.07862264950518086,
            "0.25": 0.12477044886654425,
            "0.3": 0.17933854355364628,
            "0.35": 0.2324945295404814,
            "0.4": 0.23544857768052516,
            "0.45": 0.18372163849550785,
            "0.5": 0.10551641175459701
        }
    },
    "renaissance": {
        "iou": 0.1757421639870541,
        "coverage": 0.2512910388184812,
        "precision": 0.368907770768287,
        "recall": 0.2512910388184812,
        "segment_indices": [
            0,
            23,
            62,
            16
        ],
        "num_segments_used": 4,
        "iou_curve": {
            "0.05": 0.10415854048151521,
            "0.1": 0.11129970630122016,
            "0.15": 0.1555608118109025,
            "0.2": 0.22594461622231296,
            "0.25": 0.23125358477722383,
            "0.3": 0.2069181454548301,
            "0.35": 0.14996509057057522,
            "0.4": 0.07759289079739966,
            "0.45": 0.035667013996451606,
            "0.5": 0.007897024729520866
        }
    },
    "nude": {
        "iou": 0.49046304143769764,
        "coverage": 0.7287511340401619,
        "precision": 0.5999955406414788,
        "recall": 0.7287511340401619,
        "segment_indices": [
            0,
            8
        ],
        "num_segments_used": 2,
        "iou_curve": {
            "0.05": 0.08554363250732422,
            "0.1": 0.16139996689194538,
            "0.15": 0.33564113114809796,
            "0.2": 0.5309362889679528,
            "0.25": 0.5384366043401119,
            "0.3": 0.4353382666883658,
            "0.35": 0.24849894465050512,
            "0.4": 0.12107661695800082,
            "0.45": 0.04786226938487957,
            "0.5": 0.0061799879740774555
        }
    },
    "garden": {
        "iou": 0.2106126221384746,
        "coverage": 0.2174565852098277,
        "precision": 0.8699930729246536,
        "recall": 0.2174565852098277,
        "segment_indices": [
            1,
            3,
            45,
            63,
            11,
            32,
            28,
            16,
            23,
            58,
            34,
            29,
            19,
            70,
            4,
            62,
            68,
            44,
            10,
            20,
            56,
            9,
            6,
            15,
            7,
            5,
            13,
            60,
            2,
            22,
            42,
            50,
            57,
            48,
            30,
            71,
            39,
            17,
            25,
            12,
            52,
            59,
            47,
            51,
            43,
            21,
            64,
            14,
            55,
            38,
            53,
            33,
            49,
            69,
            54,
            24,
            66,
            65,
            61,
            46,
            35,
            37,
            41,
            67,
            40,
            36,
            31,
            18,
            26
        ],
        "num_segments_used": 69,
        "iou_curve": {
            "0.05": 0.18035221099853516,
            "0.1": 0.18036609815138746,
            "0.15": 0.18044019953370877,
            "0.2": 0.18087340223986187,
            "0.25": 0.19492962629568442,
            "0.3": 0.19913976261255997,
            "0.35": 0.2016246919064944,
            "0.4": 0.20512172144788482,
            "0.45": 0.20851022063857094,
            "0.5": 0.21384455155375784
        }
    }
}