{
    "painting": {
        "iou": 0.09193939145074528,
        "coverage": 0.09831386669008518,
        "precision": 0.5864326872708224,
        "recall": 0.09831386669008518,
        "segment_index": 52
    },
    "renaissance": {
        "iou": 0.15095775544373158,
        "coverage": 0.20412758207763695,
        "precision": 0.36690881370372863,
        "recall": 0.20412758207763695,
        "segment_index": 0
    },
    "nude": {
        "iou": 0.48600149463208353,
        "coverage": 0.7220890712380333,
        "precision": 0.5978229187686375,
        "recall": 0.7220890712380333,
        "segment_index": 0
    },
    "garden": {
        "iou": 0.02234562375646769,
        "coverage": 0.022369901017318335,
        "precision": 0.9536823125035218,
        "recall": 0.022369901017318335,
        "segment_index": 1
    }
}