{
    "transparency": {
        "iou": 0.20337027034330596,
        "coverage": 0.20516463620954253,
        "precision": 0.9587679856115108,
        "recall": 0.20516463620954253,
        "segment_index": 1
    },
    "texture": {
        "iou": 0.7385422191912303,
        "coverage": 0.8188091900188847,
        "precision": 0.882820593624453,
        "recall": 0.8188091900188847,
        "segment_index": 0
    },
    "cool": {
        "iou": 0.04978765293207706,
        "coverage": 0.886666444051157,
        "precision": 0.05010652330209027,
        "recall": 0.886666444051157,
        "segment_index": 0
    }
}