{
    "transparency": {
        "iou": 0.2542007839254355,
        "coverage": 0.418289669284318,
        "precision": 0.39320380300013114,
        "recall": 0.418289669284318,
        "segment_indices": [
            1,
            0
        ],
        "num_segments_used": 2,
        "iou_curve": {
            "0.05": 0.6326398849487305,
            "0.1": 0.6326573820725251,
            "0.15": 0.6326091683898092,
            "0.2": 0.629224630277777,
            "0.25": 0.6100951308645745,
            "0.3": 0.5661066597413708,
            "0.35": 0.47382069445946245,
            "0.4": 0.3600720230612302,
            "0.45": 0.26923910392269473,
            "0.5": 0.19458426941686932
        }
    },
    "texture": {
        "iou": 0.7385422191912303,
        "coverage": 0.8188091900188847,
        "precision": 0.882820593624453,
        "recall": 0.8188091900188847,
        "segment_indices": [
            0
        ],
        "num_segments_used": 1,
        "iou_curve": {
            "0.05": 0.5053844862707998,
            "0.1": 0.5061067600969591,
            "0.15": 0.5239568595340806,
            "0.2": 0.6308977420992913,
            "0.25": 0.7129294460962609,
            "0.3": 0.7361192178607909,
            "0.35": 0.548517522659158,
            "0.4": 0.13489168409756794,
            "0.45": 0.02732318737839183,
            "0.5": 0.0024546382474524404
        }
    },
    "cool": {
        "iou": 0.04978765293207706,
        "coverage": 0.886666444051157,
        "precision": 0.05010652330209027,
        "recall": 0.886666444051157,
        "segment_indices": [
            0
        ],
        "num_segments_used": 1,
        "iou_curve": {
            "0.05": 0.5053558349609375,
            "0.1": 0.5763285840788211,
            "0.15": 0.6543055411450927,
            "0.2": 0.3614039902996246,
            "0.25": 0.1112292435510239,
            "0.3": 0.03544998178971438,
            "0.35": 0.006235550166808498,
            "0.4": 0.0006991979012755179,
            "0.45": 0.0001734955390902422,
            "0.5": 1.3205404406077505e-05
        }
    }
}