{
    "ring": {
        "iou": 0.47450008504021185,
        "coverage": 0.47450008504021185,
        "precision": 1.0,
        "recall": 0.47450008504021185,
        "segment_index": 3
    },
    "floating": {
        "iou": 0.22711170617907286,
        "coverage": 0.9905614057080774,
        "precision": 0.22760425105466242,
        "recall": 0.9905614057080774,
        "segment_index": 0
    },
    "above": {
        "iou": 0.713848223357518,
        "coverage": 0.9911530800296057,
        "precision": 0.7184258375789871,
        "recall": 0.9911530800296057,
        "segment_index": 0
    },
    "pedestal": {
        "iou": 0.9040326151684964,
        "coverage": 0.9040786305818398,
        "precision": 0.9999437025694148,
        "recall": 0.9040786305818398,
        "segment_index": 4
    }
}