{
    "ring": {
        "iou": 0.5559858730986876,
        "coverage": 0.673202614379085,
        "precision": 0.7615160510114336,
        "recall": 0.673202614379085,
        "segment_indices": [
            3,
            2
        ],
        "num_segments_used": 2,
        "iou_curve": {
            "0.05": 0.03469908197734412,
            "0.1": 0.03478419666776938,
            "0.15": 0.04071859425881152,
            "0.2": 0.20732576865864302,
            "0.25": 0.5066871126849627,
            "0.3": 0.5566056488190968,
            "0.35": 0.5629806870620406,
            "0.4": 0.5600046993401343,
            "0.45": 0.5558014161570647,
            "0.5": 0.5530545958582452
        }
    },
    "floating": {
        "iou": 0.22711170617907286,
        "coverage": 0.9905614057080774,
        "precision": 0.22760425105466242,
        "recall": 0.9905614057080774,
        "segment_indices": [
            0
        ],
        "num_segments_used": 1,
        "iou_curve": {
            "0.05": 0.7946062088012695,
            "0.1": 0.8359095628683246,
            "0.15": 0.8752030922431866,
            "0.2": 0.7414197137664432,
            "0.25": 0.5071857522008936,
            "0.3": 0.31824163151636375,
            "0.35": 0.15349087479492407,
            "0.4": 0.06135571107199217,
            "0.45": 0.017747823510287714,
            "0.5": 0.0028354922512944507
        }
    },
    "above": {
        "iou": 0.713848223357518,
        "coverage": 0.9911530800296057,
        "precision": 0.7184258375789871,
        "recall": 0.9911530800296057,
        "segment_indices": [
            0
        ],
        "num_segments_used": 1,
        "iou_curve": {
            "0.05": 0.7946062088012695,
            "0.1": 0.7946622896284413,
            "0.15": 0.885539958968322,
            "0.2": 0.9697060605665351,
            "0.25": 0.9535970417920683,
            "0.3": 0.9163013228622622,
            "0.35": 0.8266988636499079,
            "0.4": 0.7024451854820243,
            "0.45": 0.5333189260956466,
            "0.5": 0.34029555872606226
        }
    },
    "pedestal": {
        "iou": 0.9058547484896143,
        "coverage": 0.9059008566498526,
        "precision": 0.9999438158057375,
        "recall": 0.9059008566498526,
        "segment_indices": [
            4,
            8,
            1
        ],
        "num_segments_used": 3,
        "iou_curve": {
            "0.05": 0.1697406768798828,
            "0.1": 0.1749189707665788,
            "0.15": 0.2432356715404179,
            "0.2": 0.6503718049440009,
            "0.25": 0.8105065666041276,
            "0.3": 0.859116382119119,
            "0.35": 0.8859729903280884,
            "0.4": 0.9045477185171632,
            "0.45": 0.9149988396978057,
            "0.5": 0.9122588479132429
        }
    }
}