{
    "banana": {
        "iou": 0.08670171102702172,
        "coverage": 0.12093427562678988,
        "precision": 0.23447519552105278,
        "recall": 0.12093427562678988,
        "segment_index": 0
    },
    "grapes": {
        "iou": 0.047418465892634,
        "coverage": 0.04958420228277706,
        "precision": 0.520530523255814,
        "recall": 0.04958420228277706,
        "segment_index": 32
    },
    "purple": {
        "iou": 0.724366777576397,
        "coverage": 0.8536755134029382,
        "precision": 0.8270540452891184,
        "recall": 0.8536755134029382,
        "segment_index": 4
    },
    "yellow": {
        "iou": 0.07867087624864137,
        "coverage": 0.3651213067499399,
        "precision": 0.09113802614222329,
        "recall": 0.3651213067499399,
        "segment_index": 49
    },
    "fruit": {
        "iou": 0.10379360177089526,
        "coverage": 0.389597431106112,
        "precision": 0.12395024674612565,
        "recall": 0.389597431106112,
        "segment_index": 0
    }
}