{
    "banana": {
        "iou": 0.586268695684607,
        "coverage": 0.9358504158753029,
        "precision": 0.610815452978699,
        "recall": 0.9358504158753029,
        "segment_indices": [
            0,
            7,
            54,
            23,
            5,
            16,
            31,
            36,
            18,
            9,
            24,
            22,
            17,
            37,
            10,
            42,
            48,
            27,
            20,
            26,
            46,
            2,
            44,
            29,
            41,
            15,
            53,
            12,
            25,
            35,
            45,
            51,
            28,
            60,
            33,
            8,
            14,
            13,
            6,
            19
        ],
        "num_segments_used": 40,
        "iou_curve": {
            "0.05": 0.49086690052589715,
            "0.1": 0.5944088480662216,
            "0.15": 0.6984750886071059,
            "0.2": 0.7438500399157916,
            "0.25": 0.7413478101999269,
            "0.3": 0.7208417949838479,
            "0.35": 0.6821807296431635,
            "0.4": 0.6073812131759455,
            "0.45": 0.5064144107269413,
            "0.5": 0.3600837766417799
        }
    },
    "grapes": {
        "iou": 0.30633501456046763,
        "coverage": 0.492467181834702,
        "precision": 0.4476660950552995,
        "recall": 0.492467181834702,
        "segment_indices": [
            32,
            10,
            3,
            11,
            21,
            34,
            30,
            35,
            59,
            25,
            38,
            45,
            55,
            29,
            40,
            44,
            56,
            39,
            28
        ],
        "num_segments_used": 19,
        "iou_curve": {
            "0.05": 0.12123680114746094,
            "0.1": 0.12508959303104053,
            "0.15": 0.16091123941188426,
            "0.2": 0.2601109267724457,
            "0.25": 0.3121978562997147,
            "0.3": 0.3397875873256357,
            "0.35": 0.32474247246264737,
            "0.4": 0.25293378291819246,
            "0.45": 0.16690467327670808,
            "0.5": 0.08381011288077934
        }
    },
    "purple": {
        "iou": 0.7258246424415078,
        "coverage": 0.8582821922903218,
        "precision": 0.8246570586943981,
        "recall": 0.8582821922903218,
        "segment_indices": [
            4,
            58
        ],
        "num_segments_used": 2,
        "iou_curve": {
            "0.05": 0.3738505601774396,
            "0.1": 0.4708517743185588,
            "0.15": 0.6247347745136586,
            "0.2": 0.673412201445139,
            "0.25": 0.6807687963067556,
            "0.3": 0.6929543572959463,
            "0.35": 0.707267816635932,
            "0.4": 0.720808674240788,
            "0.45": 0.7263996665896562,
            "0.5": 0.717146516150453
        }
    },
    "yellow": {
        "iou": 0.07867087624864137,
        "coverage": 0.3651213067499399,
        "precision": 0.09113802614222329,
        "recall": 0.3651213067499399,
        "segment_indices": [
            49
        ],
        "num_segments_used": 1,
        "iou_curve": {
            "0.05": 0.015901565551757812,
            "0.1": 0.030200735195057643,
            "0.15": 0.07946126519340918,
            "0.2": 0.15459251125999957,
            "0.25": 0.13655991363799927,
            "0.3": 0.10134397112599136,
            "0.35": 0.06602297858568423,
            "0.4": 0.042015361687492835,
            "0.45": 0.02739322533136966,
            "0.5": 0.01527081842042472
        }
    },
    "fruit": {
        "iou": 0.11561874107272849,
        "coverage": 0.5330636236643022,
        "precision": 0.12864767358876353,
        "recall": 0.5330636236643022,
        "segment_indices": [
            0,
            61,
            53,
            51,
            18,
            43,
            56,
            60,
            50
        ],
        "num_segments_used": 9,
        "iou_curve": {
            "0.05": 0.2178182601928711,
            "0.1": 0.22202248122197618,
            "0.15": 0.194688789902984,
            "0.2": 0.18213394998614443,
            "0.25": 0.15928259566188127,
            "0.3": 0.08794432721960721,
            "0.35": 0.03908270784913872,
            "0.4": 0.013718061826422406,
            "0.45": 0.00426649020231,
            "0.5": 0.0008301764780418322
        }
    }
}