{
    "shiny": {
        "iou": 0.15697404163216688,
        "coverage": 0.18839101650518866,
        "precision": 0.484878738249613,
        "recall": 0.18839101650518866,
        "segment_indices": [
            0,
            14,
            1,
            23,
            19,
            20,
            17,
            28
        ],
        "num_segments_used": 8,
        "iou_curve": {
            "0.05": 0.08501625061035156,
            "0.1": 0.08520968727381206,
            "0.15": 0.10551338767704332,
            "0.2": 0.15655085809962327,
            "0.25": 0.1727507297627169,
            "0.3": 0.17655661352111782,
            "0.35": 0.17346397904014782,
            "0.4": 0.1605747053916311,
            "0.45": 0.1435784377648823,
            "0.5": 0.11381818731757483
        }
    },
    "engine": {
        "iou": 0.24602718774905702,
        "coverage": 0.3015324079566576,
        "precision": 0.5720174796976687,
        "recall": 0.3015324079566576,
        "segment_indices": [
            0,
            15,
            27,
            8,
            3,
            10,
            25,
            12,
            7,
            11,
            21,
            20,
            18,
            28
        ],
        "num_segments_used": 14,
        "iou_curve": {
            "0.05": 0.2543003413945955,
            "0.1": 0.25621711431943367,
            "0.15": 0.2662342123875922,
            "0.2": 0.28086562348730354,
            "0.25": 0.28417537838882173,
            "0.3": 0.2834417724784316,
            "0.35": 0.276083250499674,
            "0.4": 0.26355313525270563,
            "0.45": 0.2476956369446617,
            "0.5": 0.2247233064214297
        }
    },
    "sky": {
        "iou": 0.6818581831149558,
        "coverage": 0.9062910920155347,
        "precision": 0.733577557000133,
        "recall": 0.9062910920155347,
        "segment_indices": [
            9,
            2,
            8,
            5,
            11,
            6,
            22,
            13,
            24,
            4
        ],
        "num_segments_used": 10,
        "iou_curve": {
            "0.05": 0.30791420160676436,
            "0.1": 0.44612810884106213,
            "0.15": 0.5467646932216036,
            "0.2": 0.6221925639462789,
            "0.25": 0.6668945328394683,
            "0.3": 0.6904330817263084,
            "0.35": 0.7009491334290969,
            "0.4": 0.6941310150578341,
            "0.45": 0.6662876137158852,
            "0.5": 0.6150117167236105
        }
    }
}