{
    "shiny": {
        "iou": 0.1116887970453746,
        "coverage": 0.13285652645755155,
        "precision": 0.41211064243997403,
        "recall": 0.13285652645755155,
        "segment_index": 0
    },
    "engine": {
        "iou": 0.08570326268337494,
        "coverage": 0.09048325226400918,
        "precision": 0.6186594202898551,
        "recall": 0.09048325226400918,
        "segment_index": 0
    },
    "sky": {
        "iou": 0.3973880788362592,
        "coverage": 0.4443212745787591,
        "precision": 0.7900091752472219,
        "recall": 0.4443212745787591,
        "segment_index": 9
    }
}