{
    "person": {
        "iou": 0.304248330555035,
        "coverage": 0.39910203659136195,
        "precision": 0.561430651619949,
        "recall": 0.39910203659136195,
        "segment_index": 0
    },
    "shadow": {
        "iou": 0.22296449272724925,
        "coverage": 0.9882034603876675,
        "precision": 0.22355952036201227,
        "recall": 0.9882034603876675,
        "segment_index": 2
    },
    "dragon": {
        "iou": 0.6679244131168789,
        "coverage": 0.9959491915888832,
        "precision": 0.6697438650270638,
        "recall": 0.9959491915888832,
        "segment_index": 2
    },
    "mismatch": {
        "iou": 0.4694100400885538,
        "coverage": 0.7248515926362229,
        "precision": 0.5711867491809246,
        "recall": 0.7248515926362229,
        "segment_index": 0
    }
}