{
    "person": {
        "iou": 0.3042882154217937,
        "coverage": 0.39916026188442927,
        "precision": 0.5614512430386197,
        "recall": 0.39916026188442927,
        "segment_indices": [
            0,
            8
        ],
        "num_segments_used": 2,
        "iou_curve": {
            "0.05": 0.1048571777530114,
            "0.1": 0.2885970901833079,
            "0.15": 0.40759787903992395,
            "0.2": 0.47124460189806316,
            "0.25": 0.4839998917387656,
            "0.3": 0.478213649190554,
            "0.35": 0.45108535460622023,
            "0.4": 0.37982203040515966,
            "0.45": 0.31092321102318,
            "0.5": 0.24077304857873363
        }
    },
    "shadow": {
        "iou": 0.22315254627292513,
        "coverage": 0.9890984779497853,
        "precision": 0.2237027465019966,
        "recall": 0.9890984779497853,
        "segment_indices": [
            2,
            3
        ],
        "num_segments_used": 2,
        "iou_curve": {
            "0.05": 0.8101902008056641,
            "0.1": 0.7076349325624727,
            "0.15": 0.579246837857188,
            "0.2": 0.5118949146552956,
            "0.25": 0.4521091984002782,
            "0.3": 0.390010007742279,
            "0.35": 0.3268788534463268,
            "0.4": 0.2657285875541809,
            "0.45": 0.2067093161983673,
            "0.5": 0.13062841224971938
        }
    },
    "dragon": {
        "iou": 0.6679255871179214,
        "coverage": 0.9959509421543159,
        "precision": 0.66974425380382,
        "recall": 0.9959509421543159,
        "segment_indices": [
            2,
            7
        ],
        "num_segments_used": 2,
        "iou_curve": {
            "0.05": 0.8103960362976822,
            "0.1": 0.892220235785134,
            "0.15": 0.931101334135186,
            "0.2": 0.9273113726109986,
            "0.25": 0.8986613374456948,
            "0.3": 0.8588680191624402,
            "0.35": 0.8086452187987474,
            "0.4": 0.7508106947151977,
            "0.45": 0.6966885007278021,
            "0.5": 0.6391262489286511
        }
    },
    "mismatch": {
        "iou": 0.46984654042896884,
        "coverage": 0.725590742152311,
        "precision": 0.5713740041471134,
        "recall": 0.725590742152311,
        "segment_indices": [
            0,
            11,
            9,
            8
        ],
        "num_segments_used": 4,
        "iou_curve": {
            "0.05": 0.10486221313476562,
            "0.1": 0.23490550724122058,
            "0.15": 0.39876524075222153,
            "0.2": 0.5006100301804405,
            "0.25": 0.44904720541774606,
            "0.3": 0.32348596750369274,
            "0.35": 0.12014074918883555,
            "0.4": 0.019331763853676204,
            "0.45": 0.003390385122299281,
            "0.5": 0.0
        }
    }
}