{
    "soil": {
        "iou": 0.8118942705859047,
        "coverage": 0.9998034162932365,
        "precision": 0.8120238992936397,
        "recall": 0.9998034162932365,
        "segment_index": 2
    },
    "ground": {
        "iou": 0.8212837237877195,
        "coverage": 0.8252592318698455,
        "precision": 0.9941686501519327,
        "recall": 0.8252592318698455,
        "segment_index": 0
    },
    "texture": {
        "iou": 0.05968104844248483,
        "coverage": 0.9829838761073226,
        "precision": 0.05974276988149442,
        "recall": 0.9829838761073226,
        "segment_index": 0
    }
}