{
    "soil": {
        "iou": 0.8119135039072493,
        "coverage": 0.999827101077184,
        "precision": 0.8120275152060755,
        "recall": 0.999827101077184,
        "segment_indices": [
            2,
            20
        ],
        "num_segments_used": 2,
        "iou_curve": {
            "0.05": 0.4957542419433594,
            "0.1": 0.64769026608926,
            "0.15": 0.8546397351678477,
            "0.2": 0.8546518672670027,
            "0.25": 0.8437100307540808,
            "0.3": 0.8354550892329944,
            "0.35": 0.826357728237016,
            "0.4": 0.817821980224299,
            "0.45": 0.811351890923988,
            "0.5": 0.8048067916704332
        }
    },
    "ground": {
        "iou": 0.8212837237877195,
        "coverage": 0.8252592318698455,
        "precision": 0.9941686501519327,
        "recall": 0.8252592318698455,
        "segment_indices": [
            0
        ],
        "num_segments_used": 1,
        "iou_curve": {
            "0.05": 0.49242687225341797,
            "0.1": 0.4977347083171871,
            "0.15": 0.6790724527894936,
            "0.2": 0.7962315010000293,
            "0.25": 0.8066066253720034,
            "0.3": 0.8120563304071261,
            "0.35": 0.8160362956998518,
            "0.4": 0.819653326333039,
            "0.45": 0.8214061830347148,
            "0.5": 0.8152166915589432
        }
    },
    "texture": {
        "iou": 0.05968104844248483,
        "coverage": 0.9829838761073226,
        "precision": 0.05974276988149442,
        "recall": 0.9829838761073226,
        "segment_indices": [
            0
        ],
        "num_segments_used": 1,
        "iou_curve": {
            "0.05": 0.49242687225341797,
            "0.1": 0.707528694490686,
            "0.15": 0.7778734194232622,
            "0.2": 0.46977122924815967,
            "0.25": 0.239180565963397,
            "0.3": 0.1082413630422509,
            "0.35": 0.037386668214849005,
            "0.4": 0.010621637788020217,
            "0.45": 0.0037887514544197903,
            "0.5": 0.001148161199508982
        }
    }
}