{
    "centipede": {
        "iou": 0.6354426339149997,
        "coverage": 0.9878228884014193,
        "precision": 0.6404595083189493,
        "recall": 0.9878228884014193,
        "segment_index": 1
    },
    "legs": {
        "iou": 0.02849308160242065,
        "coverage": 0.02882744985490609,
        "precision": 0.710691823899371,
        "recall": 0.02882744985490609,
        "segment_index": 16
    },
    "eyes": {
        "iou": 0.11316008662335499,
        "coverage": 0.11348904036353916,
        "precision": 0.9750251184153869,
        "recall": 0.11348904036353916,
        "segment_index": 17
    },
    "leaf": {
        "iou": 0.13233312649587803,
        "coverage": 0.13239611078756847,
        "precision": 0.9964179635789217,
        "recall": 0.13239611078756847,
        "segment_index": 0
    }
}