{
    "centipede": {
        "iou": 0.6357354292905634,
        "coverage": 0.9887562569165758,
        "precision": 0.6403648383937316,
        "recall": 0.9887562569165758,
        "segment_indices": [
            1,
            5
        ],
        "num_segments_used": 2,
        "iou_curve": {
            "0.05": 0.3738179584470783,
            "0.1": 0.7892059792604511,
            "0.15": 0.8762024498006394,
            "0.2": 0.8693517676127409,
            "0.25": 0.8333157704582405,
            "0.3": 0.779639022644866,
            "0.35": 0.7084548399650263,
            "0.4": 0.6209853090172239,
            "0.45": 0.5252993708138827,
            "0.5": 0.4019967482979372
        }
    },
    "legs": {
        "iou": 0.0344710963109423,
        "coverage": 0.04225262285149399,
        "precision": 0.1576630176106616,
        "recall": 0.04225262285149399,
        "segment_indices": [
            16,
            19,
            17
        ],
        "num_segments_used": 3,
        "iou_curve": {
            "0.05": 0.008014709528768649,
            "0.1": 0.0185484580783538,
            "0.15": 0.037646980000669995,
            "0.2": 0.050169357656029284,
            "0.25": 0.035402370555208985,
            "0.3": 0.033924810110423184,
            "0.35": 0.028299148606811146,
            "0.4": 0.017153174842010233,
            "0.45": 0.007681423084697796,
            "0.5": 0.0
        }
    },
    "eyes": {
        "iou": 0.35391094868979533,
        "coverage": 0.3607992515370222,
        "precision": 0.9488159571196345,
        "recall": 0.3607992515370222,
        "segment_indices": [
            17,
            10,
            20,
            6,
            16,
            9,
            12
        ],
        "num_segments_used": 7,
        "iou_curve": {
            "0.05": 0.021707926764716824,
            "0.1": 0.036597719335481504,
            "0.15": 0.09117164029641497,
            "0.2": 0.18632595321906767,
            "0.25": 0.22999216675652856,
            "0.3": 0.26353439797686506,
            "0.35": 0.295110946940714,
            "0.4": 0.32847660435766163,
            "0.45": 0.35391094868979533,
            "0.5": 0.3785389212801345
        }
    },
    "leaf": {
        "iou": 0.25350168036726456,
        "coverage": 0.35823264916383113,
        "precision": 0.464411021325602,
        "recall": 0.35823264916383113,
        "segment_indices": [
            0,
            1,
            2,
            4,
            7,
            11,
            22,
            14,
            15,
            18,
            13,
            3,
            21,
            12,
            5,
            19
        ],
        "num_segments_used": 16,
        "iou_curve": {
            "0.05": 0.49781907271474884,
            "0.1": 0.5016647943369923,
            "0.15": 0.5010695797618634,
            "0.2": 0.472961681637938,
            "0.25": 0.4333894206456477,
            "0.3": 0.3871732257892119,
            "0.35": 0.3422511931571662,
            "0.4": 0.30217076730478976,
            "0.45": 0.27015058773959866,
            "0.5": 0.24094388116232907
        }
    }
}