{
    "pink": {
        "iou": 0.08458720848082142,
        "coverage": 0.623334668268589,
        "precision": 0.08914369060300951,
        "recall": 0.623334668268589,
        "segment_indices": [
            0,
            53,
            23,
            43,
            17,
            50,
            35
        ],
        "num_segments_used": 7,
        "iou_curve": {
            "0.05": 0.2497701644897461,
            "0.1": 0.38178365225648375,
            "0.15": 0.4040620904862917,
            "0.2": 0.22260521150226983,
            "0.25": 0.10186063218390805,
            "0.3": 0.03253571083333953,
            "0.35": 0.0062212164673026635,
            "0.4": 9.144215712048647e-05,
            "0.45": 0.0,
            "0.5": 0.0
        }
    },
    "elephant": {
        "iou": 0.9104905212831014,
        "coverage": 0.9433702877374611,
        "precision": 0.9631314002540499,
        "recall": 0.9433702877374611,
        "segment_indices": [
            0,
            53,
            39
        ],
        "num_segments_used": 3,
        "iou_curve": {
            "0.05": 0.24326664835500214,
            "0.1": 0.33082703841284994,
            "0.15": 0.5495329842661073,
            "0.2": 0.7220887657370721,
            "0.25": 0.8221534160948101,
            "0.3": 0.8608840530431826,
            "0.35": 0.8844458504692608,
            "0.4": 0.9011064333308081,
            "0.45": 0.9089810905085368,
            "0.5": 0.9102231447846393
        }
    },
    "green": {
        "iou": 0.3694888275401402,
        "coverage": 0.47969463536140966,
        "precision": 0.6166055948865725,
        "recall": 0.47969463536140966,
        "segment_indices": [
            1,
            4,
            20,
            28,
            7,
            2,
            45,
            63,
            34,
            5,
            12,
            11,
            25,
            18,
            10,
            21,
            32,
            58,
            48,
            62,
            61,
            57,
            24,
            26
        ],
        "num_segments_used": 24,
        "iou_curve": {
            "0.05": 0.16089100882423085,
            "0.1": 0.2081077745275916,
            "0.15": 0.25029483643864486,
            "0.2": 0.2954866924674517,
            "0.25": 0.32994211237824533,
            "0.3": 0.35397625330490623,
            "0.35": 0.3682082564902823,
            "0.4": 0.3593146962995254,
            "0.45": 0.3102276843695608,
            "0.5": 0.21576225426879614
        }
    },
    "jungle": {
        "iou": 0.18150203464229558,
        "coverage": 0.21502555132558218,
        "precision": 0.5379322919180382,
        "recall": 0.21502555132558218,
        "segment_indices": [
            1,
            33,
            31,
            19,
            42,
            13,
            51,
            27,
            30,
            56,
            65,
            36,
            47,
            38,
            9,
            15,
            55,
            50,
            17,
            70,
            46,
            68,
            16,
            69,
            37,
            3,
            29,
            44,
            49,
            40,
            71,
            32,
            52,
            58,
            60,
            22,
            59,
            2,
            54,
            18,
            41,
            21,
            8,
            25,
            62,
            48,
            61,
            23,
            43,
            14
        ],
        "num_segments_used": 50,
        "iou_curve": {
            "0.05": 0.17818958078716954,
            "0.1": 0.2213125941292988,
            "0.15": 0.23077085200737416,
            "0.2": 0.2340093326269706,
            "0.25": 0.2340371406766726,
            "0.3": 0.2328162351036524,
            "0.35": 0.22880124098704432,
            "0.4": 0.2185330913745624,
            "0.45": 0.20056305262181914,
            "0.5": 0.16956127515469988
        }
    }
}