{
    "pink": {
        "iou": 0.07722732527666155,
        "coverage": 0.5546655987184621,
        "precision": 0.08233233332408622,
        "recall": 0.5546655987184621,
        "segment_index": 0
    },
    "elephant": {
        "iou": 0.9062387306166606,
        "coverage": 0.9360626087223658,
        "precision": 0.9660366740511471,
        "recall": 0.9360626087223658,
        "segment_index": 0
    },
    "green": {
        "iou": 0.23066816459432185,
        "coverage": 0.27939480603348865,
        "precision": 0.5694542377661825,
        "recall": 0.27939480603348865,
        "segment_index": 1
    },
    "jungle": {
        "iou": 0.08596716376602524,
        "coverage": 0.09721078986178276,
        "precision": 0.42636205518732667,
        "recall": 0.09721078986178276,
        "segment_index": 1
    }
}