{
    "gold": {
        "iou": 0.523313146470872,
        "coverage": 0.523313146470872,
        "precision": 1.0,
        "recall": 0.523313146470872,
        "segment_index": 3
    },
    "stone": {
        "iou": 0.8096431892355097,
        "coverage": 0.8096505702278176,
        "precision": 0.999988740513883,
        "recall": 0.8096505702278176,
        "segment_index": 4
    },
    "gap": {
        "iou": 0.8869547052468859,
        "coverage": 0.9939403100474475,
        "precision": 0.8917769336477818,
        "recall": 0.9939403100474475,
        "segment_index": 0
    }
}