{
    "gold": {
        "iou": 0.5350745646921603,
        "coverage": 0.6884077388927595,
        "precision": 0.7060795954265612,
        "recall": 0.6884077388927595,
        "segment_indices": [
            3,
            2
        ],
        "num_segments_used": 2,
        "iou_curve": {
            "0.05": 0.034698486328125,
            "0.1": 0.03997071661721885,
            "0.15": 0.10378688857686137,
            "0.2": 0.3321568671529893,
            "0.25": 0.5074423686614483,
            "0.3": 0.5307522808102675,
            "0.35": 0.5343424446621743,
            "0.4": 0.5344145326307588,
            "0.45": 0.5351770375026189,
            "0.5": 0.5353994638069705
        }
    },
    "stone": {
        "iou": 0.8112750013674404,
        "coverage": 0.8112823972359221,
        "precision": 0.9999887631611475,
        "recall": 0.8112823972359221,
        "segment_indices": [
            4,
            8,
            1
        ],
        "num_segments_used": 3,
        "iou_curve": {
            "0.05": 0.16974342883900667,
            "0.1": 0.17464555447947117,
            "0.15": 0.1884691015251486,
            "0.2": 0.23755430539149933,
            "0.25": 0.3185167952182394,
            "0.3": 0.4344135256314817,
            "0.35": 0.5877201672181166,
            "0.4": 0.7415165793848192,
            "0.45": 0.8405899771886822,
            "0.5": 0.8941202475685235
        }
    },
    "gap": {
        "iou": 0.8869547052468859,
        "coverage": 0.9939403100474475,
        "precision": 0.8917769336477818,
        "recall": 0.9939403100474475,
        "segment_indices": [
            0
        ],
        "num_segments_used": 1,
        "iou_curve": {
            "0.05": 0.7946062088012695,
            "0.1": 0.8096687749133228,
            "0.15": 0.9258892674863544,
            "0.2": 0.9766351217955159,
            "0.25": 0.9763613354009589,
            "0.3": 0.9718715105745216,
            "0.35": 0.9619493142082981,
            "0.4": 0.9344667516452173,
            "0.45": 0.8807641751700376,
            "0.5": 0.7667193826137786
        }
    }
}