{
    "typography": {
        "iou": 0.13231172635260585,
        "coverage": 0.15944133910626257,
        "precision": 0.4374434171902005,
        "recall": 0.15944133910626257,
        "segment_indices": [
            2,
            9,
            14,
            0,
            5,
            4,
            7,
            13,
            6,
            12,
            8
        ],
        "num_segments_used": 11,
        "iou_curve": {
            "0.05": 0.13899986171445466,
            "0.1": 0.13894111277781968,
            "0.15": 0.13913566487653536,
            "0.2": 0.13756738739022484,
            "0.25": 0.1513598168539732,
            "0.3": 0.16150663225514103,
            "0.35": 0.16392282589230606,
            "0.4": 0.1351070416644456,
            "0.45": 0.09286239429993877,
            "0.5": 0.04933378310001687
        }
    },
    "glow": {
        "iou": 0.20958907769584267,
        "coverage": 0.23645193985087054,
        "precision": 0.6484866646688643,
        "recall": 0.23645193985087054,
        "segment_indices": [
            0,
            1,
            10,
            3
        ],
        "num_segments_used": 4,
        "iou_curve": {
            "0.05": 0.09229256513305091,
            "0.1": 0.09577001419298901,
            "0.15": 0.11043551889590977,
            "0.2": 0.1335719315566719,
            "0.25": 0.1524350646539408,
            "0.3": 0.17290880590819255,
            "0.35": 0.19165161598115055,
            "0.4": 0.20470438652256834,
            "0.45": 0.20950161167216508,
            "0.5": 0.20809088681160942
        }
    },
    "blue": {
        "iou": 0.05876770436408081,
        "coverage": 0.2738358458961474,
        "precision": 0.06961691110089087,
        "recall": 0.2738358458961474,
        "segment_indices": [
            0,
            16,
            6
        ],
        "num_segments_used": 3,
        "iou_curve": {
            "0.05": 0.05598735809326172,
            "0.1": 0.08675021057436973,
            "0.15": 0.1409809273486993,
            "0.2": 0.10764540102500327,
            "0.25": 0.06423333052347635,
            "0.3": 0.030271053501960847,
            "0.35": 0.00868606554638693,
            "0.4": 0.002155245562230594,
            "0.45": 0.0,
            "0.5": 0.0
        }
    },
    "pink": {
        "iou": 0.000764366235908716,
        "coverage": 0.0010681708151142329,
        "precision": 0.0026802930967990742,
        "recall": 0.0010681708151142329,
        "segment_indices": [
            1,
            5,
            15,
            12
        ],
        "num_segments_used": 4,
        "iou_curve": {
            "0.05": 0.04946042736632285,
            "0.1": 0.05022750295222158,
            "0.15": 0.03112499660098092,
            "0.2": 0.014613833699759882,
            "0.25": 0.007739636253344454,
            "0.3": 0.00352470708282882,
            "0.35": 0.0012385179069047372,
            "0.4": 0.0002124297985899972,
            "0.45": 0.0,
            "0.5": 0.0
        }
    }
}