{
    "typography": {
        "iou": 0.05828668537482431,
        "coverage": 0.05950333476656634,
        "precision": 0.7403041706839175,
        "recall": 0.05950333476656634,
        "segment_index": 2
    },
    "glow": {
        "iou": 0.0838522735066182,
        "coverage": 0.09213396783053951,
        "precision": 0.48263135041250543,
        "recall": 0.09213396783053951,
        "segment_index": 0
    },
    "blue": {
        "iou": 0.05225077806654474,
        "coverage": 0.21822445561139028,
        "precision": 0.06428374057553389,
        "recall": 0.21822445561139028,
        "segment_index": 0
    },
    "pink": {
        "iou": 0.0004816129415335084,
        "coverage": 0.0005609817949880503,
        "precision": 0.003392508597453295,
        "recall": 0.0005609817949880503,
        "segment_index": 1
    }
}