{
    "count": {
        "iou": 0.6774845098703166,
        "coverage": 0.9916523916767389,
        "precision": 0.6813703524463325,
        "recall": 0.9916523916767389,
        "segment_indices": [
            1
        ],
        "num_segments_used": 1,
        "iou_curve": {
            "0.05": 0.6384773254394531,
            "0.1": 0.7269422885810154,
            "0.15": 0.8753909999696311,
            "0.2": 0.947824725635521,
            "0.25": 0.9438670599838028,
            "0.3": 0.9250517060410076,
            "0.35": 0.8935703037785647,
            "0.4": 0.8421890503058036,
            "0.45": 0.7699416580506105,
            "0.5": 0.6504036535324512
        }
    },
    "objects": {
        "iou": 0.31544651287969677,
        "coverage": 0.6276719341399435,
        "precision": 0.38806007839484175,
        "recall": 0.6276719341399435,
        "segment_indices": [
            0,
            22
        ],
        "num_segments_used": 2,
        "iou_curve": {
            "0.05": 0.3392242020576556,
            "0.1": 0.25514823048958524,
            "0.15": 0.19169228546748582,
            "0.2": 0.20882809033145264,
            "0.25": 0.23572694369440036,
            "0.3": 0.26434612745578534,
            "0.35": 0.2940014539708269,
            "0.4": 0.31387940687761884,
            "0.45": 0.32139457997294996,
            "0.5": 0.3217569862053364
        }
    },
    "colorful": {
        "iou": 0.5970216403473253,
        "coverage": 1.0,
        "precision": 0.5970216403473253,
        "recall": 1.0,
        "segment_indices": [
            0
        ],
        "num_segments_used": 1,
        "iou_curve": {
            "0.05": 0.3391571044921875,
            "0.1": 0.3421867857435004,
            "0.15": 0.44077338515802306,
            "0.2": 0.5793822754694536,
            "0.25": 0.6511815320041973,
            "0.3": 0.6410326972110211,
            "0.35": 0.6305559694254768,
            "0.4": 0.617500843549657,
            "0.45": 0.6041048049669321,
            "0.5": 0.5885690826472308
        }
    }
}