{
    "animal": {
        "iou": 0.8104651358895008,
        "coverage": 0.8870514834991151,
        "precision": 0.9037268102791699,
        "recall": 0.8870514834991151,
        "segment_indices": [
            0,
            3,
            1,
            14
        ],
        "num_segments_used": 4,
        "iou_curve": {
            "0.05": 0.4056968688964844,
            "0.1": 0.40931356270724745,
            "0.15": 0.4763793328150209,
            "0.2": 0.695192901806678,
            "0.25": 0.7934791037408436,
            "0.3": 0.8207715614124488,
            "0.35": 0.831208076180264,
            "0.4": 0.8261357426197249,
            "0.45": 0.8017066104150253,
            "0.5": 0.7453062707012704
        }
    },
    "stripes": {
        "iou": 0.07469461390213154,
        "coverage": 0.31006947577370747,
        "precision": 0.08958355962027241,
        "recall": 0.31006947577370747,
        "segment_indices": [
            0,
            6,
            15,
            5,
            19,
            11,
            17,
            9,
            4,
            10,
            21,
            20,
            2,
            7,
            8
        ],
        "num_segments_used": 15,
        "iou_curve": {
            "0.05": 0.43900489807128906,
            "0.1": 0.43174257718723,
            "0.15": 0.3522821011673152,
            "0.2": 0.25183228073348,
            "0.25": 0.2016932276798316,
            "0.3": 0.15617719734130633,
            "0.35": 0.10501995750981781,
            "0.4": 0.06336252202385004,
            "0.45": 0.03354061406917994,
            "0.5": 0.013390026005422407
        }
    },
    "savanna": {
        "iou": 0.0603207321262682,
        "coverage": 0.06135771044801426,
        "precision": 0.781141413077814,
        "recall": 0.06135771044801426,
        "segment_indices": [
            21,
            7,
            9,
            5,
            4,
            8,
            18,
            2,
            11,
            6,
            16,
            15,
            19,
            20,
            17,
            12
        ],
        "num_segments_used": 16,
        "iou_curve": {
            "0.05": 0.03622866363648501,
            "0.1": 0.037705173493624324,
            "0.15": 0.04880806461145502,
            "0.2": 0.0608715716877007,
            "0.25": 0.06438886129012501,
            "0.3": 0.06644919484213047,
            "0.35": 0.064418126335883,
            "0.4": 0.05515937023335729,
            "0.45": 0.043957803158690814,
            "0.5": 0.03071078388610709
        }
    }
}