{
    "animal": {
        "iou": 0.8102100532089823,
        "coverage": 0.8867722963260353,
        "precision": 0.9036994189751295,
        "recall": 0.8867722963260353,
        "segment_index": 0
    },
    "stripes": {
        "iou": 0.05952383211713464,
        "coverage": 0.23582664140274895,
        "precision": 0.07374853920800972,
        "recall": 0.23582664140274895,
        "segment_index": 0
    },
    "savanna": {
        "iou": 0.009302075935987844,
        "coverage": 0.009317174741482519,
        "precision": 0.8516348516348516,
        "recall": 0.009317174741482519,
        "segment_index": 21
    }
}