{
    "bicycle": {
        "iou": 0.16615229521678768,
        "coverage": 0.1819053151321522,
        "precision": 0.6573717724441956,
        "recall": 0.1819053151321522,
        "segment_index": 1
    },
    "wheels": {
        "iou": 0.21220004933109385,
        "coverage": 0.299448887415572,
        "precision": 0.4213957502390782,
        "recall": 0.299448887415572,
        "segment_index": 1
    },
    "spokes": {
        "iou": 0.6668950356104979,
        "coverage": 0.8384890329371585,
        "precision": 0.7651900341558731,
        "recall": 0.8384890329371585,
        "segment_index": 2
    },
    "frame": {
        "iou": 0.030030621285679498,
        "coverage": 0.9890784982935154,
        "precision": 0.030040582774866667,
        "recall": 0.9890784982935154,
        "segment_index": 2
    }
}