{
    "bicycle": {
        "iou": 0.22019819893910111,
        "coverage": 0.24194016845774033,
        "precision": 0.7101718356288956,
        "recall": 0.24194016845774033,
        "segment_indices": [
            1,
            3,
            4,
            8,
            6,
            7,
            9,
            5
        ],
        "num_segments_used": 8,
        "iou_curve": {
            "0.05": 0.10068057574266302,
            "0.1": 0.10780544245614143,
            "0.15": 0.1336136410812015,
            "0.2": 0.18131280294195554,
            "0.25": 0.21770252237796078,
            "0.3": 0.23182442643220222,
            "0.35": 0.23637035577017837,
            "0.4": 0.2349217485589457,
            "0.45": 0.2265132637514417,
            "0.5": 0.20882885769567308
        }
    },
    "wheels": {
        "iou": 0.21220004933109385,
        "coverage": 0.299448887415572,
        "precision": 0.4213957502390782,
        "recall": 0.299448887415572,
        "segment_indices": [
            1
        ],
        "num_segments_used": 1,
        "iou_curve": {
            "0.05": 0.08177375793457031,
            "0.1": 0.08999786645254118,
            "0.15": 0.12343712974969055,
            "0.2": 0.17865354559175284,
            "0.25": 0.22004599587548723,
            "0.3": 0.22822688919159945,
            "0.35": 0.19758108709246927,
            "0.4": 0.13655974791952816,
            "0.45": 0.09311351007790757,
            "0.5": 0.05274806344522316
        }
    },
    "spokes": {
        "iou": 0.7511718772577783,
        "coverage": 0.9841580559541704,
        "precision": 0.760365900035689,
        "recall": 0.9841580559541704,
        "segment_indices": [
            2,
            0
        ],
        "num_segments_used": 2,
        "iou_curve": {
            "0.05": 0.6519603119248373,
            "0.1": 0.7957601573599036,
            "0.15": 0.8480942431861374,
            "0.2": 0.8573857010681222,
            "0.25": 0.8491268099064748,
            "0.3": 0.8338342757843853,
            "0.35": 0.809814556758495,
            "0.4": 0.7771882830726692,
            "0.45": 0.7360016326483351,
            "0.5": 0.6706666569849764
        }
    },
    "frame": {
        "iou": 0.030030621285679498,
        "coverage": 0.9890784982935154,
        "precision": 0.030040582774866667,
        "recall": 0.9890784982935154,
        "segment_indices": [
            2
        ],
        "num_segments_used": 1,
        "iou_curve": {
            "0.05": 0.5519819259643555,
            "0.1": 0.5770710655603064,
            "0.15": 0.3444268057602903,
            "0.2": 0.14079846231514825,
            "0.25": 0.07826976648209925,
            "0.3": 0.04771284669518421,
            "0.35": 0.028969412252370506,
            "0.4": 0.01701957112477391,
            "0.45": 0.010647450693129518,
            "0.5": 0.006501191222787168
        }
    }
}