{
    "box": {
        "iou": 0.5793911519929916,
        "coverage": 0.7059719939886796,
        "precision": 0.7636718601630216,
        "recall": 0.7059719939886796,
        "segment_indices": [
            1,
            4,
            3
        ],
        "num_segments_used": 3,
        "iou_curve": {
            "0.05": 0.12554073333740234,
            "0.1": 0.1272399337697775,
            "0.15": 0.23358407731361452,
            "0.2": 0.432800663387173,
            "0.25": 0.522135342736866,
            "0.3": 0.5623051968704281,
            "0.35": 0.5754622387999839,
            "0.4": 0.5842667585731518,
            "0.45": 0.580777553913887,
            "0.5": 0.5375527629415979
        }
    },
    "sphere": {
        "iou": 0.6255044719841016,
        "coverage": 0.9519518432110964,
        "precision": 0.6458962422535014,
        "recall": 0.9519518432110964,
        "segment_indices": [
            0
        ],
        "num_segments_used": 1,
        "iou_curve": {
            "0.05": 0.8151445388793945,
            "0.1": 0.8326193372413156,
            "0.15": 0.8663676364858439,
            "0.2": 0.8751655019326267,
            "0.25": 0.8314299471030957,
            "0.3": 0.7125207395784322,
            "0.35": 0.4716329438326004,
            "0.4": 0.23628589093892835,
            "0.45": 0.0951254135520467,
            "0.5": 0.022289139738725774
        }
    },
    "pyramid": {
        "iou": 0.7341774188358698,
        "coverage": 0.739963030224413,
        "precision": 0.9894625008130786,
        "recall": 0.739963030224413,
        "segment_indices": [
            2
        ],
        "num_segments_used": 1,
        "iou_curve": {
            "0.05": 0.043984413146972656,
            "0.1": 0.09774442464072497,
            "0.15": 0.1481856328597408,
            "0.2": 0.3170525476393434,
            "0.25": 0.4097677559216021,
            "0.3": 0.48831127580730543,
            "0.35": 0.6022461333298469,
            "0.4": 0.7251943518959226,
            "0.45": 0.8028638149200775,
            "0.5": 0.7901051522659436
        }
    },
    "row": {
        "iou": 0.8560937554580068,
        "coverage": 0.994469301852493,
        "precision": 0.8601892269120119,
        "recall": 0.994469301852493,
        "segment_indices": [
            0
        ],
        "num_segments_used": 1,
        "iou_curve": {
            "0.05": 0.815184187310746,
            "0.1": 0.8979305892873206,
            "0.15": 0.9268836140717084,
            "0.2": 0.9359409297234317,
            "0.25": 0.9212802828450833,
            "0.3": 0.8992603856411114,
            "0.35": 0.8672566783675826,
            "0.4": 0.8238455980047085,
            "0.45": 0.7388145609858792,
            "0.5": 0.5545350721902778
        }
    }
}