{
    "box": {
        "iou": 0.40090472926662096,
        "coverage": 0.41076419612635007,
        "precision": 0.9435106623221602,
        "recall": 0.41076419612635007,
        "segment_index": 1
    },
    "sphere": {
        "iou": 0.6255044719841016,
        "coverage": 0.9519518432110964,
        "precision": 0.6458962422535014,
        "recall": 0.9519518432110964,
        "segment_index": 0
    },
    "pyramid": {
        "iou": 0.7341774188358698,
        "coverage": 0.739963030224413,
        "precision": 0.9894625008130786,
        "recall": 0.739963030224413,
        "segment_index": 2
    },
    "row": {
        "iou": 0.8560937554580068,
        "coverage": 0.994469301852493,
        "precision": 0.8601892269120119,
        "recall": 0.994469301852493,
        "segment_index": 0
    }
}