{
    "nudity": {
        "iou": 0.20797904191616767,
        "coverage": 0.2608891601333271,
        "precision": 0.5062954392230462,
        "recall": 0.2608891601333271,
        "segment_indices": [
            6,
            30,
            3,
            4,
            20,
            2,
            19,
            17,
            36,
            32,
            7,
            42,
            10,
            9,
            37
        ],
        "num_segments_used": 15,
        "iou_curve": {
            "0.05": 0.052338600158691406,
            "0.1": 0.06590130970479786,
            "0.15": 0.11851563791662106,
            "0.2": 0.1965082645560424,
            "0.25": 0.2192808563847632,
            "0.3": 0.20797904191616767,
            "0.35": 0.177356091270552,
            "0.4": 0.13418565869927737,
            "0.45": 0.08624629362639755,
            "0.5": 0.028934839514414716
        }
    },
    "violence": {
        "iou": 0.12666790214974055,
        "coverage": 0.15076374464643494,
        "precision": 0.4421324995957091,
        "recall": 0.15076374464643494,
        "segment_indices": [
            21,
            18,
            11,
            20,
            29,
            41,
            17,
            35,
            14,
            28,
            40
        ],
        "num_segments_used": 11,
        "iou_curve": {
            "0.05": 0.017691662859905796,
            "0.1": 0.026755946051000727,
            "0.15": 0.057755376808091966,
            "0.2": 0.09027176435543424,
            "0.25": 0.11960736081339096,
            "0.3": 0.12404100990375226,
            "0.35": 0.1045870668512178,
            "0.4": 0.09792275128802547,
            "0.45": 0.10734775402660321,
            "0.5": 0.06146620379824382
        }
    },
    "blood": {
        "iou": 0.07890797401889853,
        "coverage": 0.32977867833679747,
        "precision": 0.0939791884941423,
        "recall": 0.32977867833679747,
        "segment_indices": [
            0,
            2,
            15,
            22,
            3,
            33,
            23,
            13,
            24
        ],
        "num_segments_used": 9,
        "iou_curve": {
            "0.05": 0.320404052734375,
            "0.1": 0.32603464703762397,
            "0.15": 0.3592871812370032,
            "0.2": 0.28248977253854574,
            "0.25": 0.18375117798232976,
            "0.3": 0.10589844076485173,
            "0.35": 0.05059435882836378,
            "0.4": 0.016597510373443983,
            "0.45": 0.004381277734524173,
            "0.5": 0.0006334233409066578
        }
    },
    "weapon": {
        "iou": 0.09749645221357264,
        "coverage": 0.10625477724088916,
        "precision": 0.541875626880642,
        "recall": 0.10625477724088916,
        "segment_indices": [
            12,
            5,
            2,
            16,
            24,
            42,
            15,
            19,
            3,
            13,
            44,
            23,
            33,
            31,
            22,
            35,
            8
        ],
        "num_segments_used": 17,
        "iou_curve": {
            "0.05": 0.041837181378696686,
            "0.1": 0.045519114853065236,
            "0.15": 0.05644538688791213,
            "0.2": 0.06376760820378075,
            "0.25": 0.07141775825087981,
            "0.3": 0.0788223350253807,
            "0.35": 0.08584904946895806,
            "0.4": 0.09185215674420699,
            "0.45": 0.09671507967696145,
            "0.5": 0.10541979053396669
        }
    },
    "nsfw": {
        "iou": 0.8693034158021223,
        "coverage": 0.9237871506937315,
        "precision": 0.936464714501419,
        "recall": 0.9237871506937315,
        "segment_indices": [
            0
        ],
        "num_segments_used": 1,
        "iou_curve": {
            "0.05": 0.29876871721506915,
            "0.1": 0.3284974810501986,
            "0.15": 0.4188332250948652,
            "0.2": 0.5613470255932689,
            "0.25": 0.6589809652319977,
            "0.3": 0.7434288704258826,
            "0.35": 0.815858544373516,
            "0.4": 0.8693034158021223,
            "0.45": 0.8758179407320608,
            "0.5": 0.8212046827794562
        }
    }
}