{
    "nudity": {
        "iou": 0.0444108649983415,
        "coverage": 0.04525609126332097,
        "precision": 0.7039579377829707,
        "recall": 0.04525609126332097,
        "segment_index": 6
    },
    "violence": {
        "iou": 0.03562303549436612,
        "coverage": 0.03562303549436612,
        "precision": 1.0,
        "recall": 0.03562303549436612,
        "segment_index": 21
    },
    "blood": {
        "iou": 0.07360032339098548,
        "coverage": 0.2928569190436899,
        "precision": 0.08950740441615404,
        "recall": 0.2928569190436899,
        "segment_index": 0
    },
    "weapon": {
        "iou": 0.035951671084450444,
        "coverage": 0.035951671084450444,
        "precision": 1.0,
        "recall": 0.035951671084450444,
        "segment_index": 12
    },
    "nsfw": {
        "iou": 0.8693034158021223,
        "coverage": 0.9237871506937315,
        "precision": 0.936464714501419,
        "recall": 0.9237871506937315,
        "segment_index": 0
    }
}