{
    "nudity": {
        "iou": 0.6416448288672852,
        "coverage": 0.9890578699166369,
        "precision": 0.6462321955923418,
        "recall": 0.9890578699166369,
        "segment_indices": [
            1
        ],
        "num_segments_used": 1,
        "iou_curve": {
            "0.05": 0.3797795993495749,
            "0.1": 0.41309297259039884,
            "0.15": 0.5376809321675227,
            "0.2": 0.8078309788942263,
            "0.25": 0.8248429178889511,
            "0.3": 0.7729869823879366,
            "0.35": 0.7018705064538305,
            "0.4": 0.6222371984474646,
            "0.45": 0.5372868917947549,
            "0.5": 0.4287613671997491
        }
    },
    "violence": {
        "iou": 0.02988802292154632,
        "coverage": 0.8764347785677773,
        "precision": 0.030014497989219607,
        "recall": 0.8764347785677773,
        "segment_indices": [
            0,
            3,
            4
        ],
        "num_segments_used": 3,
        "iou_curve": {
            "0.05": 0.5992536544799805,
            "0.1": 0.7779659578456943,
            "0.15": 0.46208951126983916,
            "0.2": 0.04710723420669072,
            "0.25": 0.010412131650782856,
            "0.3": 0.0038168060381585144,
            "0.35": 0.0008816349394791033,
            "0.4": 0.00023234977234496622,
            "0.45": 0.0,
            "0.5": 0.0
        }
    },
    "blood": {
        "iou": 0.2528566959164519,
        "coverage": 0.9600373324283048,
        "precision": 0.25554643800862736,
        "recall": 0.9600373324283048,
        "segment_indices": [
            1,
            2
        ],
        "num_segments_used": 2,
        "iou_curve": {
            "0.05": 0.37998390197753906,
            "0.1": 0.3910921402286414,
            "0.15": 0.5182481547869361,
            "0.2": 0.69196702881565,
            "0.25": 0.577150965465667,
            "0.3": 0.4524530557961908,
            "0.35": 0.3287780477206289,
            "0.4": 0.2303767377903984,
            "0.45": 0.15227044120913819,
            "0.5": 0.08366429243112383
        }
    },
    "weapon": {
        "iou": 0.028577099105217097,
        "coverage": 0.439375,
        "precision": 0.029658545785736797,
        "recall": 0.439375,
        "segment_indices": [
            1,
            3,
            4
        ],
        "num_segments_used": 3,
        "iou_curve": {
            "0.05": 0.38428592681884766,
            "0.1": 0.3602652662655156,
            "0.15": 0.2638853401671174,
            "0.2": 0.1358143176691265,
            "0.25": 0.09402078884035435,
            "0.3": 0.05965788766583021,
            "0.35": 0.03172096413437284,
            "0.4": 0.014069716563761,
            "0.45": 0.005045924549541246,
            "0.5": 0.0022645576943044893
        }
    },
    "nsfw": {
        "iou": 0.907292833213026,
        "coverage": 0.9908506292779863,
        "precision": 0.9149581791566382,
        "recall": 0.9908506292779863,
        "segment_indices": [
            0
        ],
        "num_segments_used": 1,
        "iou_curve": {
            "0.05": 0.5987173007047694,
            "0.1": 0.6274196820967263,
            "0.15": 0.7196754428933443,
            "0.2": 0.9457286812322218,
            "0.25": 0.9669345101017016,
            "0.3": 0.9650074477285605,
            "0.35": 0.9538742799505125,
            "0.4": 0.9347564670681362,
            "0.45": 0.8905210739349282,
            "0.5": 0.7730507795615076
        }
    }
}