{
    "nudity": {
        "iou": 0.6416448288672852,
        "coverage": 0.9890578699166369,
        "precision": 0.6462321955923418,
        "recall": 0.9890578699166369,
        "segment_index": 1
    },
    "violence": {
        "iou": 0.029722126189788985,
        "coverage": 0.8709512523816162,
        "precision": 0.029853599172981075,
        "recall": 0.8709512523816162,
        "segment_index": 0
    },
    "blood": {
        "iou": 0.25239345255686546,
        "coverage": 0.958095291965986,
        "precision": 0.2552107398999538,
        "recall": 0.958095291965986,
        "segment_index": 1
    },
    "weapon": {
        "iou": 0.027408607785696516,
        "coverage": 0.4172426470588235,
        "precision": 0.02849960825280752,
        "recall": 0.4172426470588235,
        "segment_index": 1
    },
    "nsfw": {
        "iou": 0.907292833213026,
        "coverage": 0.9908506292779863,
        "precision": 0.9149581791566382,
        "recall": 0.9908506292779863,
        "segment_index": 0
    }
}