{
    "clock": {
        "iou": 0.35721843500935246,
        "coverage": 0.9205230369232328,
        "precision": 0.36858632018712056,
        "recall": 0.9205230369232328,
        "segment_index": 0
    },
    "numbers": {
        "iou": 0.3351596907923868,
        "coverage": 0.9999899151867203,
        "precision": 0.33516082365507077,
        "recall": 0.9999899151867203,
        "segment_index": 0
    },
    "jumbled": {
        "iou": 0.0032183414188439534,
        "coverage": 0.016197351763780066,
        "precision": 0.004000310966293958,
        "recall": 0.016197351763780066,
        "segment_index": 0
    },
    "wrong": {
        "iou": 0.07392772135658529,
        "coverage": 0.16998035870809464,
        "precision": 0.11569129159174181,
        "recall": 0.16998035870809464,
        "segment_index": 0
    }
}