{
    "clock": {
        "iou": 0.35721843500935246,
        "coverage": 0.9205230369232328,
        "precision": 0.36858632018712056,
        "recall": 0.9205230369232328,
        "segment_indices": [
            0
        ],
        "num_segments_used": 1,
        "iou_curve": {
            "0.05": 0.5642781870633956,
            "0.1": 0.5695354344597193,
            "0.15": 0.6960038343287058,
            "0.2": 0.7123826748297837,
            "0.25": 0.6255480120866362,
            "0.3": 0.5490015954373005,
            "0.35": 0.47730169655717436,
            "0.4": 0.41950691245727123,
            "0.45": 0.37538479106681133,
            "0.5": 0.33134743076945894
        }
    },
    "numbers": {
        "iou": 0.3351596907923868,
        "coverage": 0.9999899151867203,
        "precision": 0.33516082365507077,
        "recall": 0.9999899151867203,
        "segment_indices": [
            0
        ],
        "num_segments_used": 1,
        "iou_curve": {
            "0.05": 0.5641098022460938,
            "0.1": 0.7536597576312338,
            "0.15": 0.7370738610975255,
            "0.2": 0.5858005319238587,
            "0.25": 0.5163649448589037,
            "0.3": 0.46410096513775734,
            "0.35": 0.4205949904260048,
            "0.4": 0.38368145044760327,
            "0.45": 0.3505704681540019,
            "0.5": 0.31185525195029945
        }
    },
    "jumbled": {
        "iou": 0.0032183414188439534,
        "coverage": 0.016197351763780066,
        "precision": 0.004000310966293958,
        "recall": 0.016197351763780066,
        "segment_indices": [
            0
        ],
        "num_segments_used": 1,
        "iou_curve": {
            "0.05": 0.5642929077148438,
            "0.1": 0.3516799069208541,
            "0.15": 0.1369606792341803,
            "0.2": 0.03202757899943358,
            "0.25": 0.013108653568700201,
            "0.3": 0.006741039522419492,
            "0.35": 0.0029933071458877955,
            "0.4": 0.0009159599349045949,
            "0.45": 0.00029959835096074326,
            "0.5": 9.575108612566762e-05
        }
    },
    "wrong": {
        "iou": 0.07392772135658529,
        "coverage": 0.16998035870809464,
        "precision": 0.11569129159174181,
        "recall": 0.16998035870809464,
        "segment_indices": [
            0
        ],
        "num_segments_used": 1,
        "iou_curve": {
            "0.05": 0.5641057677451106,
            "0.1": 0.23529738310657486,
            "0.15": 0.18364527580584175,
            "0.2": 0.15404461171767805,
            "0.25": 0.13204854915331102,
            "0.3": 0.11119527580134873,
            "0.35": 0.09013487447341968,
            "0.4": 0.06602315590947191,
            "0.45": 0.042957735296052554,
            "0.5": 0.020958537694560853
        }
    }
}