{
    "blend": {
        "iou": 0.24766085749161643,
        "coverage": 0.4321179465141648,
        "precision": 0.3671615440173341,
        "recall": 0.4321179465141648,
        "segment_index": 1
    },
    "uncanny": {
        "iou": 0.7923506975286065,
        "coverage": 0.8746568231629945,
        "precision": 0.8938452651805396,
        "recall": 0.8746568231629945,
        "segment_index": 0
    },
    "hallucination": {
        "iou": 0.0995125545884499,
        "coverage": 0.1192660882532857,
        "precision": 0.375323210807486,
        "recall": 0.1192660882532857,
        "segment_index": 2
    }
}