{
    "blend": {
        "iou": 0.3559796747776929,
        "coverage": 0.7172513777584685,
        "precision": 0.41408933771006684,
        "recall": 0.7172513777584685,
        "segment_indices": [
            1,
            2,
            7,
            5,
            3,
            4
        ],
        "num_segments_used": 6,
        "iou_curve": {
            "0.05": 0.3497962951660156,
            "0.1": 0.3497962951660156,
            "0.15": 0.3500443138797948,
            "0.2": 0.37754924452179417,
            "0.25": 0.43574048390382125,
            "0.3": 0.480703402491191,
            "0.35": 0.5096846619426345,
            "0.4": 0.4434352807997841,
            "0.45": 0.32642558645960895,
            "0.5": 0.1748213065777533
        }
    },
    "uncanny": {
        "iou": 0.7923506975286065,
        "coverage": 0.8746568231629945,
        "precision": 0.8938452651805396,
        "recall": 0.8746568231629945,
        "segment_indices": [
            0
        ],
        "num_segments_used": 1,
        "iou_curve": {
            "0.05": 0.4044961929321289,
            "0.1": 0.4137987888815935,
            "0.15": 0.4670413465572431,
            "0.2": 0.6114186771392899,
            "0.25": 0.674602757652318,
            "0.3": 0.7262676488748923,
            "0.35": 0.7859019461921837,
            "0.4": 0.8171161570620543,
            "0.45": 0.7960007418382168,
            "0.5": 0.6703257269842368
        }
    },
    "hallucination": {
        "iou": 0.141330307024317,
        "coverage": 0.2848848783630684,
        "precision": 0.21903725575868221,
        "recall": 0.2848848783630684,
        "segment_indices": [
            2,
            1,
            7,
            9,
            8,
            3
        ],
        "num_segments_used": 6,
        "iou_curve": {
            "0.05": 0.3426809310913086,
            "0.1": 0.3474482223407867,
            "0.15": 0.36100768438564523,
            "0.2": 0.3963840051299115,
            "0.25": 0.37004745562723995,
            "0.3": 0.31439200618859153,
            "0.35": 0.23826838395882277,
            "0.4": 0.17004163479131487,
            "0.45": 0.10761250051149278,
            "0.5": 0.06792974848923657
        }
    }
}