{
    "hair": {
        "iou": 0.01887380869218103,
        "coverage": 0.030467176802255337,
        "precision": 0.04725614517287691,
        "recall": 0.030467176802255337,
        "segment_indices": [
            0
        ],
        "num_segments_used": 1,
        "iou_curve": {
            "0.05": 0.03054118868057715,
            "0.1": 0.04641561237749663,
            "0.15": 0.07431902421664917,
            "0.2": 0.0911451101180708,
            "0.25": 0.07966954998087387,
            "0.3": 0.05722719400769513,
            "0.35": 0.023187695467488213,
            "0.4": 0.008150655157424082,
            "0.45": 0.001865597586631207,
            "0.5": 4.8954814706026335e-05
        }
    },
    "flowing": {
        "iou": 0.03328592966436064,
        "coverage": 0.06206965306393726,
        "precision": 0.0669712007343239,
        "recall": 0.06206965306393726,
        "segment_indices": [
            1
        ],
        "num_segments_used": 1,
        "iou_curve": {
            "0.05": 0.13299216150410617,
            "0.1": 0.13148253566623466,
            "0.15": 0.1026386305683743,
            "0.2": 0.055497247455555156,
            "0.25": 0.03997710386699739,
            "0.3": 0.03116444606680051,
            "0.35": 0.018924876382628037,
            "0.4": 0.009214447490761711,
            "0.45": 0.0033061833660159154,
            "0.5": 5.642067253441661e-05
        }
    },
    "wind": {
        "iou": 0.0702028642020761,
        "coverage": 0.0920525367955572,
        "precision": 0.22825466889863558,
        "recall": 0.0920525367955572,
        "segment_indices": [
            2,
            1,
            0
        ],
        "num_segments_used": 3,
        "iou_curve": {
            "0.05": 0.20395469665527344,
            "0.1": 0.20387454050517248,
            "0.15": 0.20217974027768848,
            "0.2": 0.18203092667890025,
            "0.25": 0.1513385507818383,
            "0.3": 0.12781814834943286,
            "0.35": 0.10745307772990366,
            "0.4": 0.0911338563080632,
            "0.45": 0.07568662473321434,
            "0.5": 0.06158101570039929
        }
    },
    "strands": {
        "iou": 0.4068029743621565,
        "coverage": 0.5215944200602018,
        "precision": 0.6489317825620721,
        "recall": 0.5215944200602018,
        "segment_indices": [
            1,
            2
        ],
        "num_segments_used": 2,
        "iou_curve": {
            "0.05": 0.17340309462408252,
            "0.1": 0.17823366011305786,
            "0.15": 0.20140373699680855,
            "0.2": 0.3352718063672925,
            "0.25": 0.38621602845939734,
            "0.3": 0.41118156226156966,
            "0.35": 0.42503201756056963,
            "0.4": 0.4209024416684203,
            "0.45": 0.4068029743621565,
            "0.5": 0.3763225750757232
        }
    }
}