{
    "hair": {
        "iou": 0.01887380869218103,
        "coverage": 0.030467176802255337,
        "precision": 0.04725614517287691,
        "recall": 0.030467176802255337,
        "segment_index": 0
    },
    "flowing": {
        "iou": 0.03328592966436064,
        "coverage": 0.06206965306393726,
        "precision": 0.0669712007343239,
        "recall": 0.06206965306393726,
        "segment_index": 1
    },
    "wind": {
        "iou": 0.038944169803619214,
        "coverage": 0.040481241573086676,
        "precision": 0.5063329952590985,
        "recall": 0.040481241573086676,
        "segment_index": 2
    },
    "strands": {
        "iou": 0.38915606813450637,
        "coverage": 0.4528087553428012,
        "precision": 0.734632264356606,
        "recall": 0.4528087553428012,
        "segment_index": 1
    }
}