{
    "liquid": {
        "iou": 0.008113809906091892,
        "coverage": 0.008710850280005933,
        "precision": 0.10585026060694627,
        "recall": 0.008710850280005933,
        "segment_index": 8
    },
    "rock": {
        "iou": 0.03819973253483407,
        "coverage": 0.038407629331724875,
        "precision": 0.8758868043512533,
        "recall": 0.038407629331724875,
        "segment_index": 2
    },
    "heat": {
        "iou": 0.015582435568310482,
        "coverage": 0.01715276449501151,
        "precision": 0.14545074033380423,
        "recall": 0.01715276449501151,
        "segment_index": 42
    }
}