{
    "liquid": {
        "iou": 0.0424989228780698,
        "coverage": 0.0593123519295756,
        "precision": 0.13037616643315975,
        "recall": 0.0593123519295756,
        "segment_indices": [
            8,
            3,
            31,
            49,
            29,
            24,
            53,
            22,
            2,
            9,
            16,
            63,
            46,
            38,
            66,
            20,
            36,
            44,
            40
        ],
        "num_segments_used": 19,
        "iou_curve": {
            "0.05": 0.10823304337542666,
            "0.1": 0.10930531648791764,
            "0.15": 0.10141628240399891,
            "0.2": 0.09010477265986813,
            "0.25": 0.07785234682834226,
            "0.3": 0.0654417740082386,
            "0.35": 0.0546031962071977,
            "0.4": 0.0424989228780698,
            "0.45": 0.03097461336445871,
            "0.5": 0.016281302504200335
        }
    },
    "rock": {
        "iou": 0.3346596462158821,
        "coverage": 0.35744518318933854,
        "precision": 0.8399982129512298,
        "recall": 0.35744518318933854,
        "segment_indices": [
            2,
            33,
            22,
            8,
            42,
            9,
            19,
            41,
            27,
            49,
            4,
            17,
            1,
            7,
            13,
            28,
            11,
            52,
            6,
            25,
            0,
            5,
            18,
            26,
            37,
            35,
            58,
            14,
            47,
            21,
            43,
            32,
            10,
            30,
            50,
            69,
            67,
            45,
            53,
            29,
            61,
            55,
            60,
            48,
            34,
            68,
            40,
            64,
            15,
            16
        ],
        "num_segments_used": 50,
        "iou_curve": {
            "0.05": 0.23483773985152742,
            "0.1": 0.23632077736276608,
            "0.15": 0.257938285829945,
            "0.2": 0.28479780111220615,
            "0.25": 0.29648817785081893,
            "0.3": 0.30572000443615893,
            "0.35": 0.3147716152017344,
            "0.4": 0.32393966666963697,
            "0.45": 0.3315534806358327,
            "0.5": 0.3382498321428692
        }
    },
    "heat": {
        "iou": 0.06236549396280271,
        "coverage": 0.08493086448699043,
        "precision": 0.19010592898476666,
        "recall": 0.08493086448699043,
        "segment_indices": [
            42,
            39,
            36,
            0,
            46,
            63,
            20,
            56,
            26,
            49,
            11,
            51,
            53,
            62,
            40,
            52,
            31,
            54,
            44,
            57,
            55,
            24,
            16,
            35,
            34
        ],
        "num_segments_used": 25,
        "iou_curve": {
            "0.05": 0.06902744502601822,
            "0.1": 0.06357814137236864,
            "0.15": 0.07170941016536769,
            "0.2": 0.07550132108210426,
            "0.25": 0.0729907515377015,
            "0.3": 0.06848396585534663,
            "0.35": 0.06236549396280271,
            "0.4": 0.054784765514203124,
            "0.45": 0.042209827528008614,
            "0.5": 0.020678685047720042
        }
    }
}