{
    "spatial": {
        "iou": 0.14252434038297496,
        "coverage": 0.14731062494679623,
        "precision": 0.8143529411764706,
        "recall": 0.14731062494679623,
        "segment_index": 0
    },
    "paradox": {
        "iou": 0.06200908970992074,
        "coverage": 0.07502212507072768,
        "precision": 0.2633473101668732,
        "recall": 0.07502212507072768,
        "segment_index": 1
    },
    "geometry": {
        "iou": 0.06976182670411753,
        "coverage": 0.0743003012780133,
        "precision": 0.5331651655718832,
        "recall": 0.0743003012780133,
        "segment_index": 2
    }
}