{
    "spatial": {
        "iou": 0.26006289148939404,
        "coverage": 0.3122788242876774,
        "precision": 0.6086585524834378,
        "recall": 0.3122788242876774,
        "segment_indices": [
            0,
            15,
            31,
            12,
            38,
            21,
            20,
            18,
            17,
            16,
            29,
            27,
            14,
            11,
            13,
            4,
            42,
            41
        ],
        "num_segments_used": 18,
        "iou_curve": {
            "0.05": 0.16094017028808594,
            "0.1": 0.16435731405729853,
            "0.15": 0.18132550263359146,
            "0.2": 0.21862573164737947,
            "0.25": 0.2476208502897042,
            "0.3": 0.2593833134976197,
            "0.35": 0.2589704536767857,
            "0.4": 0.208242233582383,
            "0.45": 0.11247558047993468,
            "0.5": 0.014107326325772544
        }
    },
    "paradox": {
        "iou": 0.18889344608747108,
        "coverage": 0.2917704409055078,
        "precision": 0.3488407054061868,
        "recall": 0.2917704409055078,
        "segment_indices": [
            1,
            15,
            46,
            5,
            7,
            3,
            6,
            14,
            19,
            44,
            21,
            4,
            10,
            13,
            37,
            20,
            32,
            16,
            17,
            29,
            11
        ],
        "num_segments_used": 21,
        "iou_curve": {
            "0.05": 0.16493797302246094,
            "0.1": 0.16678771840018544,
            "0.15": 0.18039557944785933,
            "0.2": 0.21771334236121107,
            "0.25": 0.23479275984681083,
            "0.3": 0.2194720962104391,
            "0.35": 0.15476628567472736,
            "0.4": 0.0757685871384174,
            "0.45": 0.030138339920948616,
            "0.5": 0.011826738564733884
        }
    },
    "geometry": {
        "iou": 0.2060089390845618,
        "coverage": 0.2406472876721378,
        "precision": 0.5886858006914105,
        "recall": 0.2406472876721378,
        "segment_indices": [
            2,
            46,
            35,
            45,
            40,
            34,
            22,
            25,
            24,
            8,
            23,
            38,
            31,
            33,
            39,
            36,
            43,
            28,
            42,
            30,
            18,
            44,
            12,
            1,
            32,
            41
        ],
        "num_segments_used": 26,
        "iou_curve": {
            "0.05": 0.16524219512939453,
            "0.1": 0.16524912925881136,
            "0.15": 0.16548476226769013,
            "0.2": 0.16675258830871323,
            "0.25": 0.17154575939252292,
            "0.3": 0.18114564998598326,
            "0.35": 0.19771338319267423,
            "0.4": 0.2039754802813693,
            "0.45": 0.2060089390845618,
            "0.5": 0.20425526779464653
        }
    }
}