{
    "roots": {
        "iou": 0.10118285566176298,
        "coverage": 0.10138378803777545,
        "precision": 0.9807889961806393,
        "recall": 0.10138378803777545,
        "segment_index": 22
    },
    "around": {
        "iou": 0.7528934827009964,
        "coverage": 0.7538499674650637,
        "precision": 0.9983176036109971,
        "recall": 0.7538499674650637,
        "segment_index": 10
    },
    "statue": {
        "iou": 0.8622829237401661,
        "coverage": 0.9154857645263893,
        "precision": 0.936859515067315,
        "recall": 0.9154857645263893,
        "segment_index": 7
    },
    "growing": {
        "iou": 0.02304147465437788,
        "coverage": 0.03297997644287397,
        "precision": 0.07102993404363267,
        "recall": 0.03297997644287397,
        "segment_index": 72
    }
}