{
    "roots": {
        "iou": 0.36024693882767966,
        "coverage": 0.3696878279118573,
        "precision": 0.9338037968392804,
        "recall": 0.3696878279118573,
        "segment_indices": [
            22,
            2,
            3,
            31,
            1,
            16,
            53,
            24,
            29,
            6,
            19,
            4,
            11,
            15,
            5,
            36,
            42,
            25,
            37,
            66,
            69,
            54,
            49,
            39,
            32,
            9,
            26,
            61,
            68,
            71,
            63,
            45,
            46,
            44,
            64,
            58,
            47,
            43,
            65,
            73,
            13,
            30,
            52,
            17,
            14,
            56,
            50,
            12,
            62,
            60
        ],
        "num_segments_used": 50,
        "iou_curve": {
            "0.05": 0.28784751892089844,
            "0.1": 0.28887391444594507,
            "0.15": 0.3011675755578195,
            "0.2": 0.3356347600171715,
            "0.25": 0.34920093543344116,
            "0.3": 0.3539945377697436,
            "0.35": 0.35795443531190635,
            "0.4": 0.3601536029472751,
            "0.45": 0.3605855385880047,
            "0.5": 0.35947540471198053
        }
    },
    "around": {
        "iou": 0.7528934827009964,
        "coverage": 0.7538499674650637,
        "precision": 0.9983176036109971,
        "recall": 0.7538499674650637,
        "segment_indices": [
            10
        ],
        "num_segments_used": 1,
        "iou_curve": {
            "0.05": 0.04648266246281816,
            "0.1": 0.05564193717050361,
            "0.15": 0.10021713026170777,
            "0.2": 0.23596163807919288,
            "0.25": 0.3493831673870813,
            "0.3": 0.46561837253291044,
            "0.35": 0.5871409292461924,
            "0.4": 0.70647379722593,
            "0.45": 0.7967446358614585,
            "0.5": 0.8748532519370744
        }
    },
    "statue": {
        "iou": 0.8672614547104188,
        "coverage": 0.9269219828812288,
        "precision": 0.930912018490985,
        "recall": 0.9269219828812288,
        "segment_indices": [
            7,
            18,
            62,
            0,
            27
        ],
        "num_segments_used": 5,
        "iou_curve": {
            "0.05": 0.147033385392602,
            "0.1": 0.25838504523638167,
            "0.15": 0.42855989644949827,
            "0.2": 0.5917381023899196,
            "0.25": 0.6924856536080611,
            "0.3": 0.7714728038976612,
            "0.35": 0.8318286100978758,
            "0.4": 0.8619088034227782,
            "0.45": 0.8674421970546731,
            "0.5": 0.8518507027395985
        }
    },
    "growing": {
        "iou": 0.031601216448499274,
        "coverage": 0.056301531213191994,
        "precision": 0.06719145347202699,
        "recall": 0.056301531213191994,
        "segment_indices": [
            72,
            73,
            33
        ],
        "num_segments_used": 3,
        "iou_curve": {
            "0.05": 0.0033922195434570312,
            "0.1": 0.006178425673614769,
            "0.15": 0.010340414640389045,
            "0.2": 0.023960791432201853,
            "0.25": 0.031601216448499274,
            "0.3": 0.00669036169767928,
            "0.35": 0.0,
            "0.4": 0.0,
            "0.45": 0.0,
            "0.5": 0.0
        }
    }
}