{
    "neon": {
        "iou": 0.2778498810296344,
        "coverage": 0.3954656826063345,
        "precision": 0.4829981355657801,
        "recall": 0.3954656826063345,
        "segment_index": 0
    },
    "green": {
        "iou": 0.15141315779142828,
        "coverage": 0.4204094979662787,
        "precision": 0.1913577990275696,
        "recall": 0.4204094979662787,
        "segment_index": 0
    },
    "shadows": {
        "iou": 0.24873077710331962,
        "coverage": 0.3033413131995171,
        "precision": 0.5801155128425863,
        "recall": 0.3033413131995171,
        "segment_index": 4
    },
    "statue": {
        "iou": 0.6164620060790273,
        "coverage": 0.6172424707228593,
        "precision": 0.9979530782553928,
        "recall": 0.6172424707228593,
        "segment_index": 1
    }
}