{
    "neon": {
        "iou": 0.28850631464392656,
        "coverage": 0.4834816408037253,
        "precision": 0.4170493484266708,
        "recall": 0.4834816408037253,
        "segment_indices": [
            0,
            3,
            7,
            4,
            24,
            22
        ],
        "num_segments_used": 6,
        "iou_curve": {
            "0.05": 0.5171666881268152,
            "0.1": 0.542216278280577,
            "0.15": 0.5466724379376193,
            "0.2": 0.5310234734665167,
            "0.25": 0.4934579871339313,
            "0.3": 0.44672055682404066,
            "0.35": 0.37219423950486547,
            "0.4": 0.28850631464392656,
            "0.45": 0.21499665014069408,
            "0.5": 0.13846327686932175
        }
    },
    "green": {
        "iou": 0.15151931943686028,
        "coverage": 0.423432829827148,
        "precision": 0.19090641036252276,
        "recall": 0.423432829827148,
        "segment_indices": [
            0,
            8
        ],
        "num_segments_used": 2,
        "iou_curve": {
            "0.05": 0.36871337890625,
            "0.1": 0.39284051753899474,
            "0.15": 0.3718250030239615,
            "0.2": 0.2990741292099118,
            "0.25": 0.20907271214268044,
            "0.3": 0.13083989695449388,
            "0.35": 0.05417712719612407,
            "0.4": 0.013727351748358605,
            "0.45": 0.00405075721541129,
            "0.5": 0.0003328937759186191
        }
    },
    "shadows": {
        "iou": 0.30867404856524383,
        "coverage": 0.7288441470750722,
        "precision": 0.3487202781867736,
        "recall": 0.7288441470750722,
        "segment_indices": [
            4,
            0
        ],
        "num_segments_used": 2,
        "iou_curve": {
            "0.05": 0.4870758056640625,
            "0.1": 0.5023082084986283,
            "0.15": 0.5236415163128264,
            "0.2": 0.546077601472956,
            "0.25": 0.5059808113538337,
            "0.3": 0.4245355580165511,
            "0.35": 0.26094247951286137,
            "0.4": 0.11414856864101407,
            "0.45": 0.05062798926779951,
            "0.5": 0.016689814362003872
        }
    },
    "statue": {
        "iou": 0.7239531436070673,
        "coverage": 0.7252574684099043,
        "precision": 0.9975219757220595,
        "recall": 0.7252574684099043,
        "segment_indices": [
            1,
            10,
            14
        ],
        "num_segments_used": 3,
        "iou_curve": {
            "0.05": 0.05695819854736328,
            "0.1": 0.08156356222115095,
            "0.15": 0.13236366376415887,
            "0.2": 0.2098050718553829,
            "0.25": 0.38472191803764444,
            "0.3": 0.4709876348495363,
            "0.35": 0.556682388471505,
            "0.4": 0.626813952999979,
            "0.45": 0.6873299829406612,
            "0.5": 0.7530940750677027
        }
    }
}