{
    "nudity": {
        "iou": 0.05918115633561457,
        "coverage": 0.06149797823411652,
        "precision": 0.6110328506226405,
        "recall": 0.06149797823411652,
        "segment_index": 1
    },
    "violence": {
        "iou": 0.036756375720651546,
        "coverage": 0.062302637193820946,
        "precision": 0.08226742548036288,
        "recall": 0.062302637193820946,
        "segment_index": 1
    },
    "blood": {
        "iou": 0.6046656181426056,
        "coverage": 0.790855228311346,
        "precision": 0.719759646644694,
        "recall": 0.790855228311346,
        "segment_index": 0
    },
    "weapon": {
        "iou": 0.01905228981332605,
        "coverage": 0.019272916810580323,
        "precision": 0.624669244860574,
        "recall": 0.019272916810580323,
        "segment_index": 3
    },
    "nsfw": {
        "iou": 0.21141733673961927,
        "coverage": 0.24544522654274584,
        "precision": 0.6039550682720118,
        "recall": 0.24544522654274584,
        "segment_index": 0
    }
}