{
    "nudity": {
        "iou": 0.1678241218049702,
        "coverage": 0.2307875529543869,
        "precision": 0.3808610201216659,
        "recall": 0.2307875529543869,
        "segment_indices": [
            1,
            63,
            11,
            45,
            32,
            40,
            23,
            58,
            3,
            34,
            60,
            35,
            52
        ],
        "num_segments_used": 13,
        "iou_curve": {
            "0.05": 0.10189735495653583,
            "0.1": 0.11775997545821298,
            "0.15": 0.1392717165375449,
            "0.2": 0.1793534193060573,
            "0.25": 0.1770837657803861,
            "0.3": 0.1389850253622309,
            "0.35": 0.07446036413689545,
            "0.4": 0.029654729305940125,
            "0.45": 0.0071881909570230326,
            "0.5": 0.0008407757557639849
        }
    },
    "violence": {
        "iou": 0.06134458776674791,
        "coverage": 0.13211572928223947,
        "precision": 0.10275131923932163,
        "recall": 0.13211572928223947,
        "segment_indices": [
            1,
            32,
            35,
            33,
            37,
            54,
            47
        ],
        "num_segments_used": 7,
        "iou_curve": {
            "0.05": 0.02873516082763672,
            "0.1": 0.03412432877968367,
            "0.15": 0.04762123095114565,
            "0.2": 0.07460016742300744,
            "0.25": 0.06691997656291614,
            "0.3": 0.04409536316799677,
            "0.35": 0.020377053260328522,
            "0.4": 0.005111675457446116,
            "0.45": 0.0012855588884860072,
            "0.5": 0.0
        }
    },
    "blood": {
        "iou": 0.6936322769996657,
        "coverage": 0.9199216584752965,
        "precision": 0.7382051459468009,
        "recall": 0.9199216584752965,
        "segment_indices": [
            0,
            4,
            10,
            2,
            5,
            9,
            20
        ],
        "num_segments_used": 7,
        "iou_curve": {
            "0.05": 0.09648929544606998,
            "0.1": 0.1288444663500542,
            "0.15": 0.2310624574610469,
            "0.2": 0.4711501274398796,
            "0.25": 0.6491911053818885,
            "0.3": 0.7539950142827917,
            "0.35": 0.7899308172940014,
            "0.4": 0.7582423478284197,
            "0.45": 0.6791743788210219,
            "0.5": 0.5500096394833237
        }
    },
    "weapon": {
        "iou": 0.1680873388531054,
        "coverage": 0.1814170314223693,
        "precision": 0.6958329987956644,
        "recall": 0.1814170314223693,
        "segment_indices": [
            3,
            45,
            23,
            28,
            16,
            62,
            29,
            70,
            1,
            19,
            56,
            6,
            15,
            7,
            13,
            50,
            57,
            42,
            68,
            71,
            17,
            25,
            30,
            59,
            39,
            12,
            47,
            43,
            64,
            14,
            22,
            38,
            55,
            53,
            33,
            49,
            69,
            54,
            46,
            37,
            67,
            61,
            44,
            21,
            41,
            66,
            36,
            60,
            48,
            51,
            18
        ],
        "num_segments_used": 51,
        "iou_curve": {
            "0.05": 0.11879407088348262,
            "0.1": 0.12419381214676309,
            "0.15": 0.12839703186885462,
            "0.2": 0.1330207220679342,
            "0.25": 0.14096311442856074,
            "0.3": 0.15076550044259643,
            "0.35": 0.16143187735030373,
            "0.4": 0.1668713442464965,
            "0.45": 0.16785241983903057,
            "0.5": 0.15218148198683537
        }
    },
    "nsfw": {
        "iou": 0.24770552908012083,
        "coverage": 0.313059522995968,
        "precision": 0.5426610648681945,
        "recall": 0.313059522995968,
        "segment_indices": [
            0,
            52,
            63,
            34,
            44,
            65,
            27,
            40,
            51
        ],
        "num_segments_used": 9,
        "iou_curve": {
            "0.05": 0.12077044497536922,
            "0.1": 0.12490575248304533,
            "0.15": 0.14396579905795467,
            "0.2": 0.2146437931504779,
            "0.25": 0.25138797507189375,
            "0.3": 0.26086153380271027,
            "0.35": 0.24140246481224542,
            "0.4": 0.1848180276487876,
            "0.45": 0.1238743896009841,
            "0.5": 0.07301651406250986
        }
    }
}