{
    "refraction": {
        "iou": 0.8516578988364151,
        "coverage": 0.9318124350293597,
        "precision": 0.9082627095436139,
        "recall": 0.9318124350293597,
        "segment_indices": [
            3,
            13,
            2,
            6,
            37,
            4,
            25,
            11,
            20,
            9,
            42,
            40,
            10,
            22,
            46,
            8,
            23,
            0,
            44,
            31,
            30,
            18,
            5,
            24
        ],
        "num_segments_used": 24,
        "iou_curve": {
            "0.05": 0.5224199614101785,
            "0.1": 0.5302046620312874,
            "0.15": 0.6429294986389903,
            "0.2": 0.7816302467267734,
            "0.25": 0.827782772828137,
            "0.3": 0.8563693306165573,
            "0.35": 0.8773805638950528,
            "0.4": 0.8755358362926287,
            "0.45": 0.8392723258197426,
            "0.5": 0.7638593432957274
        }
    },
    "colors": {
        "iou": 0.4723936634755611,
        "coverage": 0.6926300569180907,
        "precision": 0.5976906361853201,
        "recall": 0.6926300569180907,
        "segment_indices": [
            11,
            4,
            9,
            14,
            16,
            37,
            27,
            20,
            34,
            32,
            5,
            15,
            0,
            42
        ],
        "num_segments_used": 14,
        "iou_curve": {
            "0.05": 0.18038202540796075,
            "0.1": 0.20166876053382404,
            "0.15": 0.2654724370484525,
            "0.2": 0.3601263525510855,
            "0.25": 0.4468828787531515,
            "0.3": 0.49286195576769243,
            "0.35": 0.47642428043306045,
            "0.4": 0.3838742006299513,
            "0.45": 0.26576107125971643,
            "0.5": 0.12439675477623659
        }
    },
    "light": {
        "iou": 0.6655302658126904,
        "coverage": 0.7291393381064437,
        "precision": 0.8841097495454421,
        "recall": 0.7291393381064437,
        "segment_indices": [
            1,
            33,
            28,
            7,
            36
        ],
        "num_segments_used": 5,
        "iou_curve": {
            "0.05": 0.31420493189573023,
            "0.1": 0.4222915645144314,
            "0.15": 0.5859143145233379,
            "0.2": 0.6668179885419898,
            "0.25": 0.6849873940932323,
            "0.3": 0.6877100912018702,
            "0.35": 0.6807117444084887,
            "0.4": 0.6725066227860004,
            "0.45": 0.6655302658126904,
            "0.5": 0.6582146054957342
        }
    }
}