{
    "refraction": {
        "iou": 0.20194776761859526,
        "coverage": 0.20386967474878018,
        "precision": 0.9554008742517073,
        "recall": 0.20386967474878018,
        "segment_index": 3
    },
    "colors": {
        "iou": 0.14762775090375513,
        "coverage": 0.15687704099450425,
        "precision": 0.7146046719321258,
        "recall": 0.15687704099450425,
        "segment_index": 11
    },
    "light": {
        "iou": 0.5561738621733011,
        "coverage": 0.580718970610324,
        "precision": 0.9293718424858676,
        "recall": 0.580718970610324,
        "segment_index": 1
    }
}