{
    "neon": {
        "iou": 0.030856865180065873,
        "coverage": 0.1894893899204244,
        "precision": 0.03554878238422542,
        "recall": 0.1894893899204244,
        "segment_indices": [
            2
        ],
        "num_segments_used": 1,
        "iou_curve": {
            "0.05": 0.030663490295410156,
            "0.1": 0.0428906378847465,
            "0.15": 0.04377686020055616,
            "0.2": 0.04780954787271375,
            "0.25": 0.03799738655871275,
            "0.3": 0.0165552278898654,
            "0.35": 0.009030447251205076,
            "0.4": 0.006090397576207259,
            "0.45": 0.003570541480377546,
            "0.5": 0.001057444095418779
        }
    },
    "sign": {
        "iou": 0.14516458569807036,
        "coverage": 0.17610899506746094,
        "precision": 0.45240049240869923,
        "recall": 0.17610899506746094,
        "segment_indices": [
            10,
            3,
            4,
            14,
            6,
            5,
            13,
            9,
            7,
            1,
            2,
            15,
            12,
            11,
            8
        ],
        "num_segments_used": 15,
        "iou_curve": {
            "0.05": 0.13480434933959737,
            "0.1": 0.13349216218995458,
            "0.15": 0.13205072591123676,
            "0.2": 0.1389347554182046,
            "0.25": 0.14842229061214912,
            "0.3": 0.15637609429198424,
            "0.35": 0.16313560360189666,
            "0.4": 0.1661871429633296,
            "0.45": 0.15851540679571943,
            "0.5": 0.1263241990497179
        }
    },
    "text": {
        "iou": 0.09078297353996075,
        "coverage": 0.137512172620573,
        "precision": 0.21082822567971082,
        "recall": 0.137512172620573,
        "segment_indices": [
            13,
            7,
            9,
            5,
            16,
            15,
            11,
            8
        ],
        "num_segments_used": 8,
        "iou_curve": {
            "0.05": 0.03640937805175781,
            "0.1": 0.06144580640177169,
            "0.15": 0.09447731755424063,
            "0.2": 0.12753177031516905,
            "0.25": 0.13204451846459167,
            "0.3": 0.12670128657332333,
            "0.35": 0.11553314475464273,
            "0.4": 0.09673394728216624,
            "0.45": 0.07887554952072381,
            "0.5": 0.06347301282490912
        }
    },
    "CONCEPT": {
        "iou": 0.11605096868273036,
        "coverage": 0.13536851362218894,
        "precision": 0.4484986150646463,
        "recall": 0.13536851362218894,
        "segment_indices": [
            0,
            2,
            1
        ],
        "num_segments_used": 3,
        "iou_curve": {
            "0.05": 0.09951167869984454,
            "0.1": 0.10226079796905554,
            "0.15": 0.11015040960710981,
            "0.2": 0.1258122922449104,
            "0.25": 0.13344838734917613,
            "0.3": 0.13396336198487863,
            "0.35": 0.13113399516567711,
            "0.4": 0.12355144705587505,
            "0.45": 0.11531191400178495,
            "0.5": 0.10453817121644471
        }
    },
    "light": {
        "iou": 0.1623050648633729,
        "coverage": 0.3007399830587032,
        "precision": 0.260681037348997,
        "recall": 0.3007399830587032,
        "segment_indices": [
            0,
            1
        ],
        "num_segments_used": 2,
        "iou_curve": {
            "0.05": 0.06884081467607127,
            "0.1": 0.0886968436680157,
            "0.15": 0.11609732562118857,
            "0.2": 0.17934759445311924,
            "0.25": 0.1810906762891398,
            "0.3": 0.13278698319126903,
            "0.35": 0.0694308963166928,
            "0.4": 0.02929217270344016,
            "0.45": 0.007005422665088497,
            "0.5": 0.0006084996335172662
        }
    }
}