{
    "neon": {
        "iou": 0.030856865180065873,
        "coverage": 0.1894893899204244,
        "precision": 0.03554878238422542,
        "recall": 0.1894893899204244,
        "segment_index": 2
    },
    "sign": {
        "iou": 0.0261954455056057,
        "coverage": 0.026408775568095753,
        "precision": 0.7643073489558425,
        "recall": 0.026408775568095753,
        "segment_index": 10
    },
    "text": {
        "iou": 0.04192585220204031,
        "coverage": 0.04605948781029505,
        "precision": 0.31841266091886145,
        "recall": 0.04605948781029505,
        "segment_index": 13
    },
    "CONCEPT": {
        "iou": 0.06180598530329698,
        "coverage": 0.06673975804631949,
        "precision": 0.45535467571941735,
        "recall": 0.06673975804631949,
        "segment_index": 0
    },
    "light": {
        "iou": 0.1166829383746043,
        "coverage": 0.18910323003404242,
        "precision": 0.2335293885445861,
        "recall": 0.18910323003404242,
        "segment_index": 0
    }
}