{
    "human": {
        "iou": 0.5113265541665148,
        "coverage": 0.5645216672836625,
        "precision": 0.8443904983548672,
        "recall": 0.5645216672836625,
        "segment_index": 1
    },
    "dog": {
        "iou": 0.7644552504987987,
        "coverage": 0.7644552504987987,
        "precision": 1.0,
        "recall": 0.7644552504987987,
        "segment_index": 0
    },
    "face": {
        "iou": 0.14207968466551701,
        "coverage": 0.1648862897985705,
        "precision": 0.5067092651757189,
        "recall": 0.1648862897985705,
        "segment_index": 4
    }
}