{
    "human": {
        "iou": 0.5483977948350692,
        "coverage": 0.6121564272186365,
        "precision": 0.8403894879500324,
        "recall": 0.6121564272186365,
        "segment_indices": [
            1,
            7,
            8,
            3,
            9
        ],
        "num_segments_used": 5,
        "iou_curve": {
            "0.05": 0.25857499153540586,
            "0.1": 0.3389290934689229,
            "0.15": 0.40611485148514853,
            "0.2": 0.41756086823846045,
            "0.25": 0.42192350830928876,
            "0.3": 0.43424772387698723,
            "0.35": 0.4681259887027827,
            "0.4": 0.5161502646063594,
            "0.45": 0.5519171286131901,
            "0.5": 0.5943072316436901
        }
    },
    "dog": {
        "iou": 0.798389313488871,
        "coverage": 0.8585484280855681,
        "precision": 0.91931611593375,
        "recall": 0.8585484280855681,
        "segment_indices": [
            0,
            2,
            3,
            5
        ],
        "num_segments_used": 4,
        "iou_curve": {
            "0.05": 0.4941539764404297,
            "0.1": 0.49506802721088433,
            "0.15": 0.510085388639393,
            "0.2": 0.5570997277688658,
            "0.25": 0.588418962403229,
            "0.3": 0.6212341980217573,
            "0.35": 0.6965127070734172,
            "0.4": 0.7851908083513567,
            "0.45": 0.7989973916150945,
            "0.5": 0.7819821306408974
        }
    },
    "face": {
        "iou": 0.14207968466551701,
        "coverage": 0.1648862897985705,
        "precision": 0.5067092651757189,
        "recall": 0.1648862897985705,
        "segment_indices": [
            4
        ],
        "num_segments_used": 1,
        "iou_curve": {
            "0.05": 0.01194000244140625,
            "0.1": 0.01476053043593081,
            "0.15": 0.0342815695023205,
            "0.2": 0.14207968466551701,
            "0.25": 0.10548911376878259,
            "0.3": 0.03285845588235294,
            "0.35": 0.009262216544235069,
            "0.4": 0.0004792332268370607,
            "0.45": 0.0,
            "0.5": 0.0
        }
    }
}