{
    "stone": {
        "iou": 0.14392286026275278,
        "coverage": 0.14784026104677442,
        "precision": 0.844516701152823,
        "recall": 0.14784026104677442,
        "segment_indices": [
            2,
            5,
            47,
            10,
            9,
            16,
            1,
            0,
            66,
            11,
            18,
            25,
            3,
            50,
            53,
            8,
            4,
            57,
            69,
            22,
            35,
            38,
            62,
            76,
            28,
            31,
            13,
            54,
            21,
            33,
            15,
            51,
            45,
            24,
            27,
            7,
            46,
            30,
            23,
            12,
            14,
            36,
            41,
            29,
            44,
            59,
            43,
            64,
            63,
            72,
            73,
            75,
            60,
            32,
            49,
            52,
            55,
            77,
            71,
            34,
            61,
            40,
            68,
            26,
            42
        ],
        "num_segments_used": 65,
        "iou_curve": {
            "0.05": 0.10966793343593433,
            "0.1": 0.1320956858970206,
            "0.15": 0.13927154599231764,
            "0.2": 0.14075799670853884,
            "0.25": 0.14110033027636076,
            "0.3": 0.14222136095368793,
            "0.35": 0.14346144466862756,
            "0.4": 0.14445679965436892,
            "0.45": 0.14413805891078618,
            "0.5": 0.14042692838989843
        }
    },
    "water": {
        "iou": 0.1030623780322216,
        "coverage": 0.11196723111123309,
        "precision": 0.5644369120088545,
        "recall": 0.11196723111123309,
        "segment_indices": [
            6,
            0,
            17,
            20,
            37,
            1,
            65,
            67,
            19,
            56,
            9,
            39,
            58,
            18,
            59,
            26,
            61,
            43,
            16,
            48,
            29,
            34,
            74,
            64,
            32,
            35,
            40
        ],
        "num_segments_used": 27,
        "iou_curve": {
            "0.05": 0.055145263671875,
            "0.1": 0.06185398818046578,
            "0.15": 0.08286848308022533,
            "0.2": 0.10884378116583358,
            "0.25": 0.12790303615348672,
            "0.3": 0.12861045171109572,
            "0.35": 0.12259652775285067,
            "0.4": 0.11400231433038298,
            "0.45": 0.10617430226434965,
            "0.5": 0.09881472199668838
        }
    },
    "span": {
        "iou": 0.03309890767619333,
        "coverage": 0.042329257324377596,
        "precision": 0.1317843312481382,
        "recall": 0.042329257324377596,
        "segment_indices": [
            5,
            68,
            50,
            70,
            14,
            12,
            13,
            15,
            23,
            30
        ],
        "num_segments_used": 10,
        "iou_curve": {
            "0.05": 0.016007866123311593,
            "0.1": 0.022431371769120113,
            "0.15": 0.04043276485955831,
            "0.2": 0.048093834057521205,
            "0.25": 0.044100644624662094,
            "0.3": 0.04116841526401484,
            "0.35": 0.03428954971255144,
            "0.4": 0.02158042347299236,
            "0.45": 0.008103325157564656,
            "0.5": 0.0002638870563398865
        }
    }
}