{
    "stone": {
        "iou": 0.019456721004708622,
        "coverage": 0.019464360997006304,
        "precision": 0.9802253391584272,
        "recall": 0.019464360997006304,
        "segment_index": 2
    },
    "water": {
        "iou": 0.029266987510419416,
        "coverage": 0.029269698383511265,
        "precision": 0.9968454258675079,
        "recall": 0.029269698383511265,
        "segment_index": 6
    },
    "span": {
        "iou": 0.010713807419311638,
        "coverage": 0.012247163059494422,
        "precision": 0.07882744180317773,
        "recall": 0.012247163059494422,
        "segment_index": 5
    }
}