{
    "shiny": {
        "iou": 0.18669153626277796,
        "coverage": 0.6318939600983875,
        "precision": 0.20947298803192693,
        "recall": 0.6318939600983875,
        "segment_index": 1
    },
    "reflections": {
        "iou": 0.7624269802944155,
        "coverage": 0.8445828767655154,
        "precision": 0.8868514273807043,
        "recall": 0.8445828767655154,
        "segment_index": 1
    },
    "texture": {
        "iou": 0.07562437785905222,
        "coverage": 0.07568193774414882,
        "precision": 0.9900431949630281,
        "recall": 0.07568193774414882,
        "segment_index": 3
    }
}