{
    "shiny": {
        "iou": 0.19526777217914917,
        "coverage": 0.6841896693085543,
        "precision": 0.214611167547503,
        "recall": 0.6841896693085543,
        "segment_indices": [
            1,
            0,
            4
        ],
        "num_segments_used": 3,
        "iou_curve": {
            "0.05": 0.22249317169189453,
            "0.1": 0.22249327590602214,
            "0.15": 0.20059777869924936,
            "0.2": 0.20049184535073594,
            "0.25": 0.23364609516296206,
            "0.3": 0.23869142843894184,
            "0.35": 0.210999322157823,
            "0.4": 0.14361362897618096,
            "0.45": 0.09407370244986235,
            "0.5": 0.056572287048339324
        }
    },
    "reflections": {
        "iou": 0.7624269802944155,
        "coverage": 0.8445828767655154,
        "precision": 0.8868514273807043,
        "recall": 0.8445828767655154,
        "segment_indices": [
            1
        ],
        "num_segments_used": 1,
        "iou_curve": {
            "0.05": 0.2105274200439453,
            "0.1": 0.2255475623424644,
            "0.15": 0.28223420603810445,
            "0.2": 0.4179965311176921,
            "0.25": 0.5485813540837386,
            "0.3": 0.635185461481527,
            "0.35": 0.7122000047183642,
            "0.4": 0.7499475777229234,
            "0.45": 0.7626590608192786,
            "0.5": 0.750031913097547
        }
    },
    "texture": {
        "iou": 0.16317104544993266,
        "coverage": 0.16647451897784893,
        "precision": 0.8915731263206798,
        "recall": 0.16647451897784893,
        "segment_indices": [
            3,
            5,
            2,
            0,
            6,
            4
        ],
        "num_segments_used": 6,
        "iou_curve": {
            "0.05": 0.1272723804800824,
            "0.1": 0.13369853461981965,
            "0.15": 0.14838873235678054,
            "0.2": 0.16025385465200057,
            "0.25": 0.16258215561706643,
            "0.3": 0.16384762027531874,
            "0.35": 0.1628402206809262,
            "0.4": 0.16249272685538588,
            "0.45": 0.16387348258001136,
            "0.5": 0.16384944311693822
        }
    }
}