{
    "smoke": {
        "iou": 0.028305811654125684,
        "coverage": 0.028600268305910254,
        "precision": 0.7332845452731023,
        "recall": 0.028600268305910254,
        "segment_index": 2
    },
    "swirls": {
        "iou": 0.03610132453284574,
        "coverage": 0.03694645920257416,
        "precision": 0.6121368706282689,
        "recall": 0.03694645920257416,
        "segment_index": 4
    },
    "thick": {
        "iou": 0.04646108279977351,
        "coverage": 0.04750749333060174,
        "precision": 0.6783897227168659,
        "recall": 0.04750749333060174,
        "segment_index": 7
    },
    "white": {
        "iou": 0.07005705171461873,
        "coverage": 0.08278961867478614,
        "precision": 0.3129624554672513,
        "recall": 0.08278961867478614,
        "segment_index": 10
    }
}