{
    "smoke": {
        "iou": 0.05688609880896074,
        "coverage": 0.06179339406976472,
        "precision": 0.4173574720902925,
        "recall": 0.06179339406976472,
        "segment_indices": [
            2,
            1,
            9,
            10,
            5,
            4,
            3,
            12,
            8,
            6
        ],
        "num_segments_used": 10,
        "iou_curve": {
            "0.05": 0.05441570281982422,
            "0.1": 0.05546383302596528,
            "0.15": 0.060129180756075956,
            "0.2": 0.06578614898795912,
            "0.25": 0.06827516966723284,
            "0.3": 0.06800472293526513,
            "0.35": 0.06620245098491914,
            "0.4": 0.06073575956152916,
            "0.45": 0.05480256435024428,
            "0.5": 0.04952894025416681
        }
    },
    "swirls": {
        "iou": 0.10077102040031533,
        "coverage": 0.11960246614001925,
        "precision": 0.3902505615607044,
        "recall": 0.11960246614001925,
        "segment_indices": [
            4,
            3,
            11,
            2,
            7,
            1,
            5,
            12,
            6,
            8
        ],
        "num_segments_used": 10,
        "iou_curve": {
            "0.05": 0.07684832138981026,
            "0.1": 0.07769221274642536,
            "0.15": 0.0810117664507836,
            "0.2": 0.0870516052975607,
            "0.25": 0.09318638721678547,
            "0.3": 0.0991920219033518,
            "0.35": 0.10444536820094223,
            "0.4": 0.10516866273789156,
            "0.45": 0.10003365606119521,
            "0.5": 0.08785231092259108
        }
    },
    "thick": {
        "iou": 0.048288044375474626,
        "coverage": 0.05210815336721106,
        "precision": 0.39710823745036145,
        "recall": 0.05210815336721106,
        "segment_indices": [
            7,
            0
        ],
        "num_segments_used": 2,
        "iou_curve": {
            "0.05": 0.028106710676314445,
            "0.1": 0.061631301710547676,
            "0.15": 0.06670424256471306,
            "0.2": 0.0652728039962592,
            "0.25": 0.06196064579387458,
            "0.3": 0.058643500803582244,
            "0.35": 0.053485883553489426,
            "0.4": 0.04945673406078235,
            "0.45": 0.048163537910715266,
            "0.5": 0.047369890102611896
        }
    },
    "white": {
        "iou": 0.07005705171461873,
        "coverage": 0.08278961867478614,
        "precision": 0.3129624554672513,
        "recall": 0.08278961867478614,
        "segment_indices": [
            10
        ],
        "num_segments_used": 1,
        "iou_curve": {
            "0.05": 0.0034799575805664062,
            "0.1": 0.005886984102400289,
            "0.15": 0.011613252283504662,
            "0.2": 0.035917321152771846,
            "0.25": 0.06234825677381762,
            "0.3": 0.0307980262038455,
            "0.35": 0.0013786764705882354,
            "0.4": 0.0,
            "0.45": 0.0,
            "0.5": 0.0
        }
    }
}