{
    "rusty": {
        "iou": 0.8366683375253986,
        "coverage": 0.9861254524954008,
        "precision": 0.8466346856032001,
        "recall": 0.9861254524954008,
        "segment_index": 0
    },
    "beach": {
        "iou": 0.1683052422491814,
        "coverage": 0.6342077892060557,
        "precision": 0.18639970743780507,
        "recall": 0.6342077892060557,
        "segment_index": 0
    },
    "depth": {
        "iou": 0.04581914298785137,
        "coverage": 0.05400579960217605,
        "precision": 0.23210423318570397,
        "recall": 0.05400579960217605,
        "segment_index": 14
    }
}