{
    "rusty": {
        "iou": 0.8366683375253986,
        "coverage": 0.9861254524954008,
        "precision": 0.8466346856032001,
        "recall": 0.9861254524954008,
        "segment_indices": [
            0
        ],
        "num_segments_used": 1,
        "iou_curve": {
            "0.05": 0.8423147201538086,
            "0.1": 0.8507326201456568,
            "0.15": 0.9031552697554849,
            "0.2": 0.9477845835305642,
            "0.25": 0.940957839500988,
            "0.3": 0.9267075722771926,
            "0.35": 0.9040059735758427,
            "0.4": 0.8691437351585417,
            "0.45": 0.8233131059402715,
            "0.5": 0.7550626818919228
        }
    },
    "beach": {
        "iou": 0.20041912994335512,
        "coverage": 0.7677684040217265,
        "precision": 0.21335301598448225,
        "recall": 0.7677684040217265,
        "segment_indices": [
            0,
            14,
            1,
            4,
            11,
            3,
            15,
            2,
            5,
            18,
            12,
            7
        ],
        "num_segments_used": 12,
        "iou_curve": {
            "0.05": 0.8908755382407217,
            "0.1": 0.8882312203572206,
            "0.15": 0.845355834066956,
            "0.2": 0.6719291272596671,
            "0.25": 0.5178702035599901,
            "0.3": 0.4024743703083318,
            "0.35": 0.3082145914078333,
            "0.4": 0.22994649740463557,
            "0.45": 0.1705071322933066,
            "0.5": 0.10893093239452685
        }
    },
    "depth": {
        "iou": 0.16410196513563233,
        "coverage": 0.20202746423179235,
        "precision": 0.4664287492737987,
        "recall": 0.20202746423179235,
        "segment_indices": [
            14,
            5,
            6,
            4,
            18,
            15,
            7,
            12,
            11
        ],
        "num_segments_used": 9,
        "iou_curve": {
            "0.05": 0.03447946942042022,
            "0.1": 0.0927083867658374,
            "0.15": 0.18074158191975828,
            "0.2": 0.2163652111242469,
            "0.25": 0.21857606597028226,
            "0.3": 0.20765571768335797,
            "0.35": 0.16410196513563233,
            "0.4": 0.11645087188054715,
            "0.45": 0.08785908305210305,
            "0.5": 0.04961539258982812
        }
    }
}