{
    "brass": {
        "iou": 0.017027441932289916,
        "coverage": 0.020035458860907473,
        "precision": 0.10186185207072457,
        "recall": 0.020035458860907473,
        "segment_index": 5
    },
    "room": {
        "iou": 0.1603887637785943,
        "coverage": 0.1752055415290995,
        "precision": 0.6547636328446316,
        "recall": 0.1752055415290995,
        "segment_index": 1
    },
    "occlusion": {
        "iou": 0.4122863339005653,
        "coverage": 0.5487796132055175,
        "precision": 0.6237238399934791,
        "recall": 0.5487796132055175,
        "segment_index": 5
    }
}