{
    "brass": {
        "iou": 0.020061125263484962,
        "coverage": 0.024757072065391805,
        "precision": 0.09564660823603498,
        "recall": 0.024757072065391805,
        "segment_indices": [
            5,
            4,
            0
        ],
        "num_segments_used": 3,
        "iou_curve": {
            "0.05": 0.18475914001464844,
            "0.1": 0.184753299046783,
            "0.15": 0.15749758636718889,
            "0.2": 0.10215503614559403,
            "0.25": 0.05926023517717552,
            "0.3": 0.043596463271775084,
            "0.35": 0.03367584343382023,
            "0.4": 0.026692072248112955,
            "0.45": 0.020061125263484962,
            "0.5": 0.014287342534749548
        }
    },
    "room": {
        "iou": 0.33143212798955185,
        "coverage": 0.4205735741567942,
        "precision": 0.6099406639627459,
        "recall": 0.4205735741567942,
        "segment_indices": [
            1,
            0,
            3,
            2
        ],
        "num_segments_used": 4,
        "iou_curve": {
            "0.05": 0.1015777587890625,
            "0.1": 0.1634389198595044,
            "0.15": 0.2799989460648697,
            "0.2": 0.3520667888413765,
            "0.25": 0.3782671130778176,
            "0.3": 0.3705742198841996,
            "0.35": 0.3572832017092061,
            "0.4": 0.3197661569547784,
            "0.45": 0.26681827012078757,
            "0.5": 0.19413507520673165
        }
    },
    "occlusion": {
        "iou": 0.6269457188096301,
        "coverage": 0.922898089933303,
        "precision": 0.6615983102622436,
        "recall": 0.922898089933303,
        "segment_indices": [
            5,
            1,
            0
        ],
        "num_segments_used": 3,
        "iou_curve": {
            "0.05": 0.2225961685180664,
            "0.1": 0.23271341958884892,
            "0.15": 0.328030556650295,
            "0.2": 0.6273510475820809,
            "0.25": 0.7298339275030358,
            "0.3": 0.7020602894326841,
            "0.35": 0.5981203546346158,
            "0.4": 0.4203457636805258,
            "0.45": 0.2783689600951936,
            "0.5": 0.14872274862273965
        }
    }
}