{
    "swimming": {
        "iou": 0.011929295918641879,
        "coverage": 0.011929295918641879,
        "precision": 1.0,
        "recall": 0.011929295918641879,
        "segment_index": 65
    },
    "pool": {
        "iou": 0.3099528504476612,
        "coverage": 0.412214051902973,
        "precision": 0.5554404364189961,
        "recall": 0.412214051902973,
        "segment_index": 0
    },
    "children": {
        "iou": 0.17982836392878235,
        "coverage": 0.18147697301683913,
        "precision": 0.9519122048553376,
        "recall": 0.18147697301683913,
        "segment_index": 29
    },
    "families": {
        "iou": 0.03537348315524121,
        "coverage": 0.03537601045153915,
        "precision": 0.9979844514828679,
        "recall": 0.03537601045153915,
        "segment_index": 12
    },
    "water": {
        "iou": 0.45714153786740325,
        "coverage": 0.9841314307918922,
        "precision": 0.4605362202393538,
        "recall": 0.9841314307918922,
        "segment_index": 0
    }
}