{
    "swimming": {
        "iou": 0.0243192221159068,
        "coverage": 0.025300653770615297,
        "precision": 0.38534666448123256,
        "recall": 0.025300653770615297,
        "segment_indices": [
            65,
            53,
            39,
            67,
            52,
            72,
            45,
            56
        ],
        "num_segments_used": 8,
        "iou_curve": {
            "0.05": 0.011601076357059802,
            "0.1": 0.017709633327390503,
            "0.15": 0.02012610690232866,
            "0.2": 0.022296320930465262,
            "0.25": 0.022129942648709676,
            "0.3": 0.022218285273612137,
            "0.35": 0.02253001771035348,
            "0.4": 0.023418866144208843,
            "0.45": 0.024102331671450875,
            "0.5": 0.02583714035769829
        }
    },
    "pool": {
        "iou": 0.40825356353925113,
        "coverage": 0.5829182790232023,
        "precision": 0.5767173095612915,
        "recall": 0.5829182790232023,
        "segment_indices": [
            0,
            14,
            11,
            2,
            6,
            13,
            25,
            32,
            17,
            1,
            48,
            7,
            8
        ],
        "num_segments_used": 13,
        "iou_curve": {
            "0.05": 0.3074652371700932,
            "0.1": 0.37932436062375413,
            "0.15": 0.4336269110181943,
            "0.2": 0.4782907503234153,
            "0.25": 0.5032485320373581,
            "0.3": 0.5122569577805374,
            "0.35": 0.5057211919905161,
            "0.4": 0.48865723741688705,
            "0.45": 0.4555985449526731,
            "0.5": 0.3989623205079983
        }
    },
    "children": {
        "iou": 0.5713020891356736,
        "coverage": 0.6177406674781903,
        "precision": 0.8837160789435495,
        "recall": 0.6177406674781903,
        "segment_indices": [
            29,
            71,
            34,
            64,
            15,
            45,
            3,
            23,
            5,
            61,
            36,
            10,
            69,
            68,
            47,
            24,
            19,
            40,
            16,
            52,
            18,
            9,
            4
        ],
        "num_segments_used": 23,
        "iou_curve": {
            "0.05": 0.10534834724365436,
            "0.1": 0.17718695460725295,
            "0.15": 0.27972413582803723,
            "0.2": 0.36948057858065037,
            "0.25": 0.43525467347607516,
            "0.3": 0.4912538639611709,
            "0.35": 0.5335020376637499,
            "0.4": 0.5625845548362571,
            "0.45": 0.5766503993978682,
            "0.5": 0.5883587103912137
        }
    },
    "families": {
        "iou": 0.27992113239751626,
        "coverage": 0.388340001633053,
        "precision": 0.5006579293647034,
        "recall": 0.388340001633053,
        "segment_indices": [
            12,
            13,
            41,
            33,
            28,
            21,
            20,
            35,
            43,
            44,
            42,
            22,
            51,
            57,
            54,
            36,
            59,
            10,
            46,
            47,
            31,
            70,
            27,
            62,
            37,
            50,
            58,
            69,
            26,
            38,
            63,
            66,
            68,
            19,
            24,
            61,
            49
        ],
        "num_segments_used": 37,
        "iou_curve": {
            "0.05": 0.07250281440210651,
            "0.1": 0.10092173856731174,
            "0.15": 0.1734571253738459,
            "0.2": 0.23121168045764234,
            "0.25": 0.26250427108863195,
            "0.3": 0.2863920850812285,
            "0.35": 0.2965212233740781,
            "0.4": 0.27134018416374855,
            "0.45": 0.22988505747126436,
            "0.5": 0.1697655294141244
        }
    },
    "water": {
        "iou": 0.45714153786740325,
        "coverage": 0.9841314307918922,
        "precision": 0.4605362202393538,
        "recall": 0.9841314307918922,
        "segment_indices": [
            0
        ],
        "num_segments_used": 1,
        "iou_curve": {
            "0.05": 0.22551536560058594,
            "0.1": 0.35385986122319185,
            "0.15": 0.5338531673193488,
            "0.2": 0.757058612972156,
            "0.25": 0.7300354591204676,
            "0.3": 0.6081891353965426,
            "0.35": 0.4300990365149899,
            "0.4": 0.2538079840134233,
            "0.45": 0.1346937396818963,
            "0.5": 0.044777191433267284
        }
    }
}