{
    "sign": {
        "iou": 0.44069259730823634,
        "coverage": 0.7269642910817878,
        "precision": 0.5281024308493507,
        "recall": 0.7269642910817878,
        "segment_indices": [
            11,
            0,
            14,
            17,
            18,
            19
        ],
        "num_segments_used": 6,
        "iou_curve": {
            "0.05": 0.6988029479980469,
            "0.1": 0.7088707857933413,
            "0.15": 0.775414481297972,
            "0.2": 0.7589106905973485,
            "0.25": 0.7036242820137403,
            "0.3": 0.6354983101425358,
            "0.35": 0.5641854812311199,
            "0.4": 0.5029602858582786,
            "0.45": 0.45414002086535477,
            "0.5": 0.4030699397445719
        }
    },
    "CONSEPT": {
        "iou": 0.0692354811319589,
        "coverage": 0.9463841903337114,
        "precision": 0.06950812118419537,
        "recall": 0.9463841903337114,
        "segment_indices": [
            0,
            20,
            23
        ],
        "num_segments_used": 3,
        "iou_curve": {
            "0.05": 0.5380951790579751,
            "0.1": 0.5365479378224157,
            "0.15": 0.5169782456268155,
            "0.2": 0.2930818879615168,
            "0.25": 0.14353419921902336,
            "0.3": 0.06365484582626067,
            "0.35": 0.022425669812824282,
            "0.4": 0.008251649621171852,
            "0.45": 0.0036577326310864742,
            "0.5": 0.0012689073396365182
        }
    },
    "letters": {
        "iou": 0.7606168684382378,
        "coverage": 0.7672149089471925,
        "precision": 0.9888198108771746,
        "recall": 0.7672149089471925,
        "segment_indices": [
            3,
            15,
            1,
            2,
            8,
            13,
            6,
            5,
            7,
            10,
            12,
            9,
            4
        ],
        "num_segments_used": 13,
        "iou_curve": {
            "0.05": 0.1460498405286209,
            "0.1": 0.22894118737600042,
            "0.15": 0.29020953839389274,
            "0.2": 0.3674707618135239,
            "0.25": 0.460465396309341,
            "0.3": 0.5547451350566367,
            "0.35": 0.6456594606490494,
            "0.4": 0.7139846122791946,
            "0.45": 0.7567517610031473,
            "0.5": 0.7958019307307985
        }
    },
    "text": {
        "iou": 0.04584399589705731,
        "coverage": 0.9345899207698708,
        "precision": 0.0459915611814346,
        "recall": 0.9345899207698708,
        "segment_indices": [
            0
        ],
        "num_segments_used": 1,
        "iou_curve": {
            "0.05": 0.5356724599644468,
            "0.1": 0.6111340527575148,
            "0.15": 0.6570536880152907,
            "0.2": 0.45149395322877334,
            "0.25": 0.28882476799500895,
            "0.3": 0.17091207168642095,
            "0.35": 0.08883222737433916,
            "0.4": 0.037743089049601095,
            "0.45": 0.0164523186936336,
            "0.5": 0.005964246557787872
        }
    }
}