{
    "sign": {
        "iou": 0.29838236589530265,
        "coverage": 0.29908473353572396,
        "precision": 0.9921910543011523,
        "recall": 0.29908473353572396,
        "segment_index": 11
    },
    "CONSEPT": {
        "iou": 0.06870260117655397,
        "coverage": 0.9355741621021644,
        "precision": 0.069029179796685,
        "recall": 0.9355741621021644,
        "segment_index": 0
    },
    "letters": {
        "iou": 0.13142107236595427,
        "coverage": 0.13142107236595427,
        "precision": 1.0,
        "recall": 0.13142107236595427,
        "segment_index": 3
    },
    "text": {
        "iou": 0.04584399589705731,
        "coverage": 0.9345899207698708,
        "precision": 0.0459915611814346,
        "recall": 0.9345899207698708,
        "segment_index": 0
    }
}