{
    "street": {
        "iou": 0.2300182789683142,
        "coverage": 0.29868116871275713,
        "precision": 0.5001428261854574,
        "recall": 0.29868116871275713,
        "segment_indices": [
            4,
            32,
            19,
            72,
            69,
            80,
            81,
            58,
            108,
            93,
            61,
            98,
            106,
            99,
            89,
            97,
            91,
            75,
            92,
            111,
            90,
            82,
            22,
            88,
            54,
            66
        ],
        "num_segments_used": 26,
        "iou_curve": {
            "0.05": 0.19367404948587344,
            "0.1": 0.2172291842028413,
            "0.15": 0.2562245312847079,
            "0.2": 0.2702555680546584,
            "0.25": 0.26866462428591165,
            "0.3": 0.2594956139961703,
            "0.35": 0.24957729279519053,
            "0.4": 0.23545755420217115,
            "0.45": 0.21435866464369713,
            "0.5": 0.17249657750556602
        }
    },
    "neon": {
        "iou": 0.14399864352175665,
        "coverage": 0.29908434583553445,
        "precision": 0.21734540452349724,
        "recall": 0.29908434583553445,
        "segment_indices": [
            28,
            31
        ],
        "num_segments_used": 2,
        "iou_curve": {
            "0.05": 0.02981090545654297,
            "0.1": 0.05445606301206143,
            "0.15": 0.11985981163736788,
            "0.2": 0.13540886976047903,
            "0.25": 0.04804895782840524,
            "0.3": 0.012268386770378802,
            "0.35": 0.0015322735108216816,
            "0.4": 0.0,
            "0.45": 0.0,
            "0.5": 0.0
        }
    },
    "lights": {
        "iou": 0.7250774354542718,
        "coverage": 0.8041718940980729,
        "precision": 0.8805546875460618,
        "recall": 0.8041718940980729,
        "segment_indices": [
            28,
            3,
            1,
            14,
            9,
            7,
            16,
            94,
            25,
            6,
            10,
            20,
            36,
            37,
            18,
            42,
            87,
            64,
            65,
            79,
            95,
            23,
            66,
            31,
            2,
            0,
            12,
            50
        ],
        "num_segments_used": 28,
        "iou_curve": {
            "0.05": 0.16178522815180676,
            "0.1": 0.20294824884886395,
            "0.15": 0.3120979058373608,
            "0.2": 0.5051220134087262,
            "0.25": 0.5955872388682448,
            "0.3": 0.6551293125753842,
            "0.35": 0.7022665616522272,
            "0.4": 0.7252499714861422,
            "0.45": 0.7143911178043147,
            "0.5": 0.6727241784599348
        }
    },
    "pedestrians": {
        "iou": 0.23061974889976947,
        "coverage": 0.23298111900225185,
        "precision": 0.9579014006488882,
        "recall": 0.23298111900225185,
        "segment_indices": [
            34,
            51,
            49,
            11,
            13,
            47,
            5,
            76,
            39,
            52,
            57,
            48,
            85,
            8,
            55,
            29,
            71,
            45,
            84,
            102,
            41,
            27,
            43,
            44,
            46,
            77,
            54,
            104,
            83,
            105,
            21,
            17
        ],
        "num_segments_used": 32,
        "iou_curve": {
            "0.05": 0.04821023737924312,
            "0.1": 0.09154178400354954,
            "0.15": 0.12172995831396735,
            "0.2": 0.1481203646454494,
            "0.25": 0.16740837522715515,
            "0.3": 0.18583139470477456,
            "0.35": 0.20265884383648233,
            "0.4": 0.2156327780968792,
            "0.45": 0.22499388603570555,
            "0.5": 0.2387006426767361
        }
    },
    "city": {
        "iou": 0.1769114462372385,
        "coverage": 0.19876144318793754,
        "precision": 0.6167552787482911,
        "recall": 0.19876144318793754,
        "segment_indices": [
            15,
            60,
            38,
            53,
            40,
            22,
            19,
            31,
            65,
            36,
            61,
            59,
            80,
            112,
            98,
            23,
            103,
            89,
            93,
            68,
            32,
            95,
            58,
            99,
            91,
            81,
            90,
            97,
            108
        ],
        "num_segments_used": 29,
        "iou_curve": {
            "0.05": 0.06278038024902344,
            "0.1": 0.06613220815752462,
            "0.15": 0.08764975983523908,
            "0.2": 0.13200890626831058,
            "0.25": 0.16381123041816578,
            "0.3": 0.17913621408364105,
            "0.35": 0.1740701371145482,
            "0.4": 0.156773861311,
            "0.45": 0.11199756449172196,
            "0.5": 0.07286035774772058
        }
    }
}