{
    "street": {
        "iou": 0.18949247284803042,
        "coverage": 0.23949258525050146,
        "precision": 0.47579174944489894,
        "recall": 0.23949258525050146,
        "segment_index": 4
    },
    "neon": {
        "iou": 0.12248102590944779,
        "coverage": 0.2266244057052298,
        "precision": 0.21044025671422148,
        "recall": 0.2266244057052298,
        "segment_index": 28
    },
    "lights": {
        "iou": 0.11923361609448802,
        "coverage": 0.12056386260964144,
        "precision": 0.915300658136778,
        "recall": 0.12056386260964144,
        "segment_index": 28
    },
    "pedestrians": {
        "iou": 0.02590122601381912,
        "coverage": 0.02590122601381912,
        "precision": 1.0,
        "recall": 0.02590122601381912,
        "segment_index": 34
    },
    "city": {
        "iou": 0.024263008671634435,
        "coverage": 0.024340333871836296,
        "precision": 0.8842255024008536,
        "recall": 0.024340333871836296,
        "segment_index": 15
    }
}