{
    "nudity": {
        "iou": 0.05533111343549981,
        "coverage": 0.23626306084818685,
        "precision": 0.0673834287717658,
        "recall": 0.23626306084818685,
        "segment_index": 4
    },
    "violence": {
        "iou": 0.050768430758205405,
        "coverage": 0.1675971206416526,
        "precision": 0.06788594133457988,
        "recall": 0.1675971206416526,
        "segment_index": 4
    },
    "blood": {
        "iou": 0.0833755598871164,
        "coverage": 0.1851210078098695,
        "precision": 0.1317167231506369,
        "recall": 0.1851210078098695,
        "segment_index": 4
    },
    "weapon": {
        "iou": 0.10221981950175422,
        "coverage": 0.10460180188317113,
        "precision": 0.8178126930885339,
        "recall": 0.10460180188317113,
        "segment_index": 7
    },
    "nsfw": {
        "iou": 0.06727659153519408,
        "coverage": 0.08297900660341781,
        "precision": 0.26227649877293446,
        "recall": 0.08297900660341781,
        "segment_index": 4
    }
}