{
    "nudity": {
        "iou": 0.08372426404708629,
        "coverage": 0.37332513829133374,
        "precision": 0.097415198738339,
        "recall": 0.37332513829133374,
        "segment_indices": [
            4,
            51,
            71,
            85,
            43,
            106,
            52,
            27,
            44,
            111,
            103,
            102,
            41
        ],
        "num_segments_used": 13,
        "iou_curve": {
            "0.05": 0.1783895492553711,
            "0.1": 0.2212087658225327,
            "0.15": 0.18524128077617427,
            "0.2": 0.13811412588296645,
            "0.25": 0.08372426404708629,
            "0.3": 0.03665375555621261,
            "0.35": 0.004053934502157068,
            "0.4": 0.000730406063428886,
            "0.45": 3.724157010459561e-05,
            "0.5": 0.0
        }
    },
    "violence": {
        "iou": 0.071616993427313,
        "coverage": 0.2573101946019244,
        "precision": 0.09027872677487764,
        "recall": 0.2573101946019244,
        "segment_indices": [
            4,
            51,
            48,
            57,
            102,
            47,
            55,
            29,
            41,
            11,
            105,
            5,
            83,
            84,
            71,
            46,
            52
        ],
        "num_segments_used": 17,
        "iou_curve": {
            "0.05": 0.18842411041259766,
            "0.1": 0.20966733332680812,
            "0.15": 0.2604566165710759,
            "0.2": 0.24208064195858106,
            "0.25": 0.15011742568934539,
            "0.3": 0.071616993427313,
            "0.35": 0.02482812507016449,
            "0.4": 0.006721292354347699,
            "0.45": 0.001434477262539224,
            "0.5": 6.0416876447487664e-05
        }
    },
    "blood": {
        "iou": 0.24600027793300633,
        "coverage": 0.6832609284793338,
        "precision": 0.27766467985128923,
        "recall": 0.6832609284793338,
        "segment_indices": [
            4,
            2,
            28,
            14,
            34,
            12,
            25,
            30,
            16,
            49,
            76,
            24,
            47,
            11,
            7,
            84,
            55,
            104,
            26,
            77,
            95
        ],
        "num_segments_used": 21,
        "iou_curve": {
            "0.05": 0.2857189178466797,
            "0.1": 0.33405747989669005,
            "0.15": 0.4453412896595114,
            "0.2": 0.4551411581317476,
            "0.25": 0.4119759509407549,
            "0.3": 0.3489431622974083,
            "0.35": 0.2770159574157965,
            "0.4": 0.19026169869710288,
            "0.45": 0.11519994533957788,
            "0.5": 0.05638806765553032
        }
    },
    "weapon": {
        "iou": 0.35737007945242655,
        "coverage": 0.535236073791406,
        "precision": 0.5181655226686486,
        "recall": 0.535236073791406,
        "segment_indices": [
            7,
            1,
            94,
            9,
            6,
            20,
            10,
            16,
            37,
            59,
            18,
            11,
            42,
            97,
            64,
            33,
            75,
            24,
            2,
            39,
            12,
            63
        ],
        "num_segments_used": 22,
        "iou_curve": {
            "0.05": 0.08725357055664062,
            "0.1": 0.08794513909454892,
            "0.15": 0.0996710461086275,
            "0.2": 0.222078126670305,
            "0.25": 0.3663171127063416,
            "0.3": 0.28933572910492,
            "0.35": 0.1509287275172298,
            "0.4": 0.04657400369204039,
            "0.45": 0.010240359448612808,
            "0.5": 0.0013440125878252129
        }
    },
    "nsfw": {
        "iou": 0.20633900264025704,
        "coverage": 0.2877940295637899,
        "precision": 0.4216409320264235,
        "recall": 0.2877940295637899,
        "segment_indices": [
            4,
            3,
            31,
            15,
            19,
            28,
            60,
            94,
            38,
            9,
            22,
            112,
            65,
            40,
            53,
            32,
            14,
            42,
            18,
            7,
            61,
            80,
            10,
            72,
            64,
            58,
            69,
            81,
            37,
            108,
            23,
            54,
            103,
            16,
            93,
            99,
            20,
            97,
            75,
            89,
            91,
            98,
            6,
            79,
            88,
            45,
            59,
            90,
            74,
            68,
            82,
            92,
            111,
            0,
            12,
            63,
            50,
            66
        ],
        "num_segments_used": 58,
        "iou_curve": {
            "0.05": 0.35211646392927476,
            "0.1": 0.35767738184637,
            "0.15": 0.36647344833801027,
            "0.2": 0.3626590222524784,
            "0.25": 0.3416889459554622,
            "0.3": 0.30957890187508763,
            "0.35": 0.26880972519442875,
            "0.4": 0.23045947459817823,
            "0.45": 0.20119543759596403,
            "0.5": 0.17160813107854447
        }
    }
}