{
    "keys": {
        "iou": 0.10747653205809422,
        "coverage": 0.10747653205809422,
        "precision": 1.0,
        "recall": 0.10747653205809422,
        "segment_index": 14
    },
    "buried": {
        "iou": 0.6019546533039787,
        "coverage": 0.9903465823234867,
        "precision": 0.6055075059638985,
        "recall": 0.9903465823234867,
        "segment_index": 0
    },
    "sand": {
        "iou": 0.01605257268417733,
        "coverage": 0.9052202179871247,
        "precision": 0.016079598655391398,
        "recall": 0.9052202179871247,
        "segment_index": 0
    },
    "partially": {
        "iou": 0.1591302315757306,
        "coverage": 0.9539004465157628,
        "precision": 0.16036348361866828,
        "recall": 0.9539004465157628,
        "segment_index": 0
    }
}