{
    "keys": {
        "iou": 0.2752359788579558,
        "coverage": 0.29341015763372297,
        "precision": 0.8162947906561341,
        "recall": 0.29341015763372297,
        "segment_indices": [
            14,
            1,
            2,
            5,
            4,
            6,
            3,
            18,
            15,
            11,
            12,
            7
        ],
        "num_segments_used": 12,
        "iou_curve": {
            "0.05": 0.06193256378173828,
            "0.1": 0.06243642523800276,
            "0.15": 0.10416150145274174,
            "0.2": 0.20088189878858306,
            "0.25": 0.24721364416187305,
            "0.3": 0.26310082802632334,
            "0.35": 0.27045242132058367,
            "0.4": 0.2739193019862539,
            "0.45": 0.2750806587256686,
            "0.5": 0.2745575373779482
        }
    },
    "buried": {
        "iou": 0.6019546533039787,
        "coverage": 0.9903465823234867,
        "precision": 0.6055075059638985,
        "recall": 0.9903465823234867,
        "segment_indices": [
            0
        ],
        "num_segments_used": 1,
        "iou_curve": {
            "0.05": 0.84242358343086,
            "0.1": 0.9355448737347192,
            "0.15": 0.9600427547802219,
            "0.2": 0.9526660540227757,
            "0.25": 0.885530912974553,
            "0.3": 0.7890497245619049,
            "0.35": 0.6327612072901648,
            "0.4": 0.5593049501780242,
            "0.45": 0.4823927128247963,
            "0.5": 0.2802355779721707
        }
    },
    "sand": {
        "iou": 0.01605257268417733,
        "coverage": 0.9052202179871247,
        "precision": 0.016079598655391398,
        "recall": 0.9052202179871247,
        "segment_indices": [
            0
        ],
        "num_segments_used": 1,
        "iou_curve": {
            "0.05": 0.8423147201538086,
            "0.1": 0.8422507838066109,
            "0.15": 0.6886949161970348,
            "0.2": 0.24435573801451477,
            "0.25": 0.08005378774130936,
            "0.3": 0.024033796644056502,
            "0.35": 0.006871196725890592,
            "0.4": 0.002460641056389974,
            "0.45": 0.0011598591421794942,
            "0.5": 0.0005194993339316819
        }
    },
    "partially": {
        "iou": 0.16066627457570157,
        "coverage": 0.9787719806307793,
        "precision": 0.16122808963834037,
        "recall": 0.9787719806307793,
        "segment_indices": [
            0,
            1,
            11
        ],
        "num_segments_used": 3,
        "iou_curve": {
            "0.05": 0.859771312150902,
            "0.1": 0.8824743861733136,
            "0.15": 0.7732933653592288,
            "0.2": 0.5124732193607625,
            "0.25": 0.37374863277560827,
            "0.3": 0.3028704059679592,
            "0.35": 0.22572446807571034,
            "0.4": 0.13405914510668748,
            "0.45": 0.06900301298540236,
            "0.5": 0.02392813248412161
        }
    }
}