{
    "objective": {
        "iou": 0.43040296312175835,
        "coverage": 0.5574425420330094,
        "precision": 0.6538096228821608,
        "recall": 0.5574425420330094,
        "segment_index": 9
    },
    "stage": {
        "iou": 0.06341673203485361,
        "coverage": 0.06344478615904374,
        "precision": 0.9930756461939768,
        "recall": 0.06344478615904374,
        "segment_index": 3
    },
    "instrument": {
        "iou": 0.20477042188860015,
        "coverage": 0.2083722641006887,
        "precision": 0.9221565288977865,
        "recall": 0.2083722641006887,
        "segment_index": 1
    }
}