{
    "objective": {
        "iou": 0.43040296312175835,
        "coverage": 0.5574425420330094,
        "precision": 0.6538096228821608,
        "recall": 0.5574425420330094,
        "segment_indices": [
            9
        ],
        "num_segments_used": 1,
        "iou_curve": {
            "0.05": 0.10543880297501301,
            "0.1": 0.16126037491278214,
            "0.15": 0.2281919173973476,
            "0.2": 0.29190263702962316,
            "0.25": 0.34269984569517464,
            "0.3": 0.38936442324060777,
            "0.35": 0.42755276980027734,
            "0.4": 0.4138459422823802,
            "0.45": 0.3419935907753991,
            "0.5": 0.20294710767423027
        }
    },
    "stage": {
        "iou": 0.25402265963063797,
        "coverage": 0.2609359613374339,
        "precision": 0.9055520504731861,
        "recall": 0.2609359613374339,
        "segment_indices": [
            3,
            20,
            24,
            23,
            21,
            22,
            25,
            19,
            35,
            33,
            32,
            34
        ],
        "num_segments_used": 12,
        "iou_curve": {
            "0.05": 0.09060913826774962,
            "0.1": 0.12261930042380002,
            "0.15": 0.16271415618923835,
            "0.2": 0.19233745887840525,
            "0.25": 0.20587027173422406,
            "0.3": 0.2180823282490739,
            "0.35": 0.23084038773971377,
            "0.4": 0.2449009226369993,
            "0.45": 0.25483626098611095,
            "0.5": 0.26309103695584685
        }
    },
    "instrument": {
        "iou": 0.7345344470473675,
        "coverage": 0.778141131606428,
        "precision": 0.9291153553949717,
        "recall": 0.778141131606428,
        "segment_indices": [
            1,
            10,
            7,
            17,
            8,
            2,
            18,
            29,
            13,
            5,
            11,
            4,
            28,
            31,
            6,
            27,
            12,
            30,
            26,
            0,
            15
        ],
        "num_segments_used": 21,
        "iou_curve": {
            "0.05": 0.3778390884399414,
            "0.1": 0.37832400079447537,
            "0.15": 0.3947041758486987,
            "0.2": 0.43564118014443926,
            "0.25": 0.4902723398357645,
            "0.3": 0.5529255553088912,
            "0.35": 0.641590419302135,
            "0.4": 0.6969408175169381,
            "0.45": 0.7295787105581941,
            "0.5": 0.732274742254471
        }
    }
}