{
    "frosted": {
        "iou": 0.30295226592825625,
        "coverage": 0.8607871831610722,
        "precision": 0.3185603408745667,
        "recall": 0.8607871831610722,
        "segment_indices": [
            0
        ],
        "num_segments_used": 1,
        "iou_curve": {
            "0.05": 0.5053815841674805,
            "0.1": 0.512834023115867,
            "0.15": 0.5288671564231447,
            "0.2": 0.564376122712312,
            "0.25": 0.5881683603184921,
            "0.3": 0.5109231692891927,
            "0.35": 0.3291601274763565,
            "0.4": 0.17060348073926945,
            "0.45": 0.07066348688151432,
            "0.5": 0.02174551534047264
        }
    },
    "glass": {
        "iou": 0.20463092219594883,
        "coverage": 0.804902647429612,
        "precision": 0.21531025179856114,
        "recall": 0.804902647429612,
        "segment_indices": [
            1
        ],
        "num_segments_used": 1,
        "iou_curve": {
            "0.05": 0.12725830078125,
            "0.1": 0.13804672997878548,
            "0.15": 0.22857337941321682,
            "0.2": 0.5207606358605619,
            "0.25": 0.5876540448922422,
            "0.3": 0.5124150030093096,
            "0.35": 0.39399563981938324,
            "0.4": 0.28079893401050643,
            "0.45": 0.1918563096803705,
            "0.5": 0.1105304052072949
        }
    },
    "blurry": {
        "iou": 0.716969538164023,
        "coverage": 0.9700576227854675,
        "precision": 0.7331954537477521,
        "recall": 0.9700576227854675,
        "segment_indices": [
            0
        ],
        "num_segments_used": 1,
        "iou_curve": {
            "0.05": 0.5055030494058118,
            "0.1": 0.5183751868372543,
            "0.15": 0.5648171007915364,
            "0.2": 0.6424448108046558,
            "0.25": 0.7141425381961213,
            "0.3": 0.7752501680232993,
            "0.35": 0.816052130768708,
            "0.4": 0.8074348523702419,
            "0.45": 0.7261622025975557,
            "0.5": 0.5531413876751601
        }
    },
    "silhouette": {
        "iou": 0.18891968783735155,
        "coverage": 0.23214945780780935,
        "precision": 0.5036046163069544,
        "recall": 0.23214945780780935,
        "segment_indices": [
            1
        ],
        "num_segments_used": 1,
        "iou_curve": {
            "0.05": 0.12725830078125,
            "0.1": 0.14481225087333377,
            "0.15": 0.20514569880135958,
            "0.2": 0.23821351321626277,
            "0.25": 0.23880876130811846,
            "0.3": 0.22897439298897262,
            "0.35": 0.21210215121398918,
            "0.4": 0.18891968783735155,
            "0.45": 0.16299892694425389,
            "0.5": 0.12248247122330348
        }
    }
}