{
    "frosted": {
        "iou": 0.30295226592825625,
        "coverage": 0.8607871831610722,
        "precision": 0.3185603408745667,
        "recall": 0.8607871831610722,
        "segment_index": 0
    },
    "glass": {
        "iou": 0.20463092219594883,
        "coverage": 0.804902647429612,
        "precision": 0.21531025179856114,
        "recall": 0.804902647429612,
        "segment_index": 1
    },
    "blurry": {
        "iou": 0.716969538164023,
        "coverage": 0.9700576227854675,
        "precision": 0.7331954537477521,
        "recall": 0.9700576227854675,
        "segment_index": 0
    },
    "silhouette": {
        "iou": 0.18891968783735155,
        "coverage": 0.23214945780780935,
        "precision": 0.5036046163069544,
        "recall": 0.23214945780780935,
        "segment_index": 1
    }
}