{
    "cracked": {
        "iou": 0.7888784600944746,
        "coverage": 0.9998293640153085,
        "precision": 0.7889846842791686,
        "recall": 0.9998293640153085,
        "segment_indices": [
            2,
            20
        ],
        "num_segments_used": 2,
        "iou_curve": {
            "0.05": 0.4957752227783203,
            "0.1": 0.8919594418735152,
            "0.15": 0.8818831619613898,
            "0.2": 0.8567848426041148,
            "0.25": 0.8398537498244959,
            "0.3": 0.8288157467048513,
            "0.35": 0.8167141409148522,
            "0.4": 0.8030788819242627,
            "0.45": 0.7910653013494177,
            "0.5": 0.7787443646043298
        }
    },
    "earth": {
        "iou": 0.7726518662619591,
        "coverage": 0.9904782087992785,
        "precision": 0.7784338826409372,
        "recall": 0.9904782087992785,
        "segment_indices": [
            0
        ],
        "num_segments_used": 1,
        "iou_curve": {
            "0.05": 0.49242687225341797,
            "0.1": 0.7739863442218613,
            "0.15": 0.917527661890078,
            "0.2": 0.9304281783243072,
            "0.25": 0.9067437054207932,
            "0.3": 0.8732845010697262,
            "0.35": 0.8374159632784265,
            "0.4": 0.7902186343760511,
            "0.45": 0.728568982994447,
            "0.5": 0.6155100359395784
        }
    },
    "dry": {
        "iou": 0.05845614690388957,
        "coverage": 0.5483588395939609,
        "precision": 0.06141292429855845,
        "recall": 0.5483588395939609,
        "segment_indices": [
            2,
            20
        ],
        "num_segments_used": 2,
        "iou_curve": {
            "0.05": 0.4957752227783203,
            "0.1": 0.605717440838641,
            "0.15": 0.08809336284876011,
            "0.2": 0.003724519083154227,
            "0.25": 0.0001748624639466266,
            "0.3": 0.0,
            "0.35": 0.0,
            "0.4": 0.0,
            "0.45": 0.0,
            "0.5": 0.0
        }
    },
    "desert": {
        "iou": 0.23184198738931192,
        "coverage": 0.9655874802685077,
        "precision": 0.2337735657863626,
        "recall": 0.9655874802685077,
        "segment_indices": [
            0,
            2
        ],
        "num_segments_used": 2,
        "iou_curve": {
            "0.05": 0.9881925582885742,
            "0.1": 0.8059392568203019,
            "0.15": 0.6549384535971322,
            "0.2": 0.5941634256103592,
            "0.25": 0.5245846830160166,
            "0.3": 0.44115889997983176,
            "0.35": 0.35417358253747006,
            "0.4": 0.2798028170631571,
            "0.45": 0.23184198738931192,
            "0.5": 0.1916521416189757
        }
    }
}