{
    "cracked": {
        "iou": 0.7888592266621532,
        "coverage": 0.9998049874460668,
        "precision": 0.7889806251058001,
        "recall": 0.9998049874460668,
        "segment_index": 2
    },
    "earth": {
        "iou": 0.7726518662619591,
        "coverage": 0.9904782087992785,
        "precision": 0.7784338826409372,
        "recall": 0.9904782087992785,
        "segment_index": 0
    },
    "dry": {
        "iou": 0.058445589024240636,
        "coverage": 0.5482557839954656,
        "precision": 0.06140256382634924,
        "recall": 0.5482557839954656,
        "segment_index": 2
    },
    "desert": {
        "iou": 0.22243519881710355,
        "coverage": 0.5564799017810164,
        "precision": 0.2703666332911782,
        "recall": 0.5564799017810164,
        "segment_index": 0
    }
}