{
    "husky": {
        "iou": 0.05580492753794157,
        "coverage": 0.12717765351113022,
        "precision": 0.09044414278339674,
        "recall": 0.12717765351113022,
        "segment_index": 1
    },
    "animals": {
        "iou": 0.39819806513551437,
        "coverage": 0.39827323014296734,
        "precision": 0.9995262713435357,
        "recall": 0.39827323014296734,
        "segment_index": 4
    },
    "spatial": {
        "iou": 0.6636501729097314,
        "coverage": 0.8108673761525855,
        "precision": 0.7851939659292966,
        "recall": 0.8108673761525855,
        "segment_index": 1
    }
}