{
    "husky": {
        "iou": 0.05580492753794157,
        "coverage": 0.12717765351113022,
        "precision": 0.09044414278339674,
        "recall": 0.12717765351113022,
        "segment_indices": [
            1
        ],
        "num_segments_used": 1,
        "iou_curve": {
            "0.05": 0.09976053123727435,
            "0.1": 0.14048090523338047,
            "0.15": 0.1842642558460065,
            "0.2": 0.09136425208989739,
            "0.25": 0.0702524747773944,
            "0.3": 0.05874150348063368,
            "0.35": 0.04773744070720138,
            "0.4": 0.03246560744818082,
            "0.45": 0.01715083311524034,
            "0.5": 0.005423143033099556
        }
    },
    "animals": {
        "iou": 0.9021842599200394,
        "coverage": 0.9056209125805174,
        "precision": 0.9958113792796707,
        "recall": 0.9056209125805174,
        "segment_indices": [
            4,
            0,
            5,
            3,
            14,
            7,
            8,
            6,
            13,
            2
        ],
        "num_segments_used": 10,
        "iou_curve": {
            "0.05": 0.7397394180297852,
            "0.1": 0.7397394180297852,
            "0.15": 0.7401156250268357,
            "0.2": 0.7451179482942958,
            "0.25": 0.7616369727963299,
            "0.3": 0.7930773525976802,
            "0.35": 0.8390151699679452,
            "0.4": 0.8693894232874513,
            "0.45": 0.8930776561642649,
            "0.5": 0.911655338456169
        }
    },
    "spatial": {
        "iou": 0.6636501729097314,
        "coverage": 0.8108673761525855,
        "precision": 0.7851939659292966,
        "recall": 0.8108673761525855,
        "segment_indices": [
            1
        ],
        "num_segments_used": 1,
        "iou_curve": {
            "0.05": 0.09976110207760129,
            "0.1": 0.23735644457916819,
            "0.15": 0.4441783394458928,
            "0.2": 0.545795919293449,
            "0.25": 0.5980160268838051,
            "0.3": 0.6321789755253258,
            "0.35": 0.6581584716567491,
            "0.4": 0.6634410781234168,
            "0.45": 0.6180378175109976,
            "0.5": 0.37484987897936184
        }
    }
}