{
    "spelling": {
        "iou": 0.686370633190237,
        "coverage": 0.6933691453899578,
        "precision": 0.9855075281780059,
        "recall": 0.6933691453899578,
        "segment_indices": [
            15,
            3,
            1,
            2,
            8,
            13,
            6,
            5,
            7,
            20,
            10,
            12,
            9,
            4
        ],
        "num_segments_used": 14,
        "iou_curve": {
            "0.05": 0.1471395492553711,
            "0.1": 0.16200474399938677,
            "0.15": 0.2137818465490652,
            "0.2": 0.30646490849970504,
            "0.25": 0.39394751894751895,
            "0.3": 0.47380824358994056,
            "0.35": 0.5728465848800194,
            "0.4": 0.6675319104231962,
            "0.45": 0.7585786385878616,
            "0.5": 0.6829696675194811
        }
    },
    "error": {
        "iou": 0.24722570671775074,
        "coverage": 0.8622355764925039,
        "precision": 0.25739290612526433,
        "recall": 0.8622355764925039,
        "segment_indices": [
            0,
            11,
            3
        ],
        "num_segments_used": 3,
        "iou_curve": {
            "0.05": 0.7134265899658203,
            "0.1": 0.7136187371900322,
            "0.15": 0.710298700267461,
            "0.2": 0.6483661560979739,
            "0.25": 0.5628246242710406,
            "0.3": 0.47703441720436995,
            "0.35": 0.35124414739364745,
            "0.4": 0.24722570671775074,
            "0.45": 0.14393738586520005,
            "0.5": 0.07171878444549845
        }
    },
    "typography": {
        "iou": 0.549058423900458,
        "coverage": 0.6934678405968593,
        "precision": 0.7250202256536424,
        "recall": 0.6934678405968593,
        "segment_indices": [
            0,
            14,
            18,
            19,
            17
        ],
        "num_segments_used": 5,
        "iou_curve": {
            "0.05": 0.545781135559082,
            "0.1": 0.5468951515684977,
            "0.15": 0.5671323112785919,
            "0.2": 0.6001351229518689,
            "0.25": 0.6126174752718843,
            "0.3": 0.6154210130379159,
            "0.35": 0.6109983540215091,
            "0.4": 0.5930120195107467,
            "0.45": 0.549058423900458,
            "0.5": 0.49457275193889527
        }
    }
}