{
    "spelling": {
        "iou": 0.11632592592592593,
        "coverage": 0.11636942355661148,
        "precision": 0.996797000117183,
        "recall": 0.11636942355661148,
        "segment_index": 15
    },
    "error": {
        "iou": 0.2395620984283736,
        "coverage": 0.679364667108492,
        "precision": 0.2701009453613203,
        "recall": 0.679364667108492,
        "segment_index": 0
    },
    "typography": {
        "iou": 0.5416681064156099,
        "coverage": 0.681187033285868,
        "precision": 0.7256244547704249,
        "recall": 0.681187033285868,
        "segment_index": 0
    }
}