{
    "num_segments": 24,
    "image_size": [
        1024,
        1024
    ],
    "overall_coverage_percent": 84.48371887207031,
    "concept_collisions": {
        "spelling_vs_error": 0.030957198496926103,
        "spelling_vs_typography": 0.0,
        "error_vs_typography": 0.740346784238518
    }
}