{
    "glass": {
        "iou": 0.11650291668709165,
        "coverage": 0.11664627498273426,
        "precision": 0.9895610278372591,
        "recall": 0.11664627498273426,
        "segment_index": 4
    },
    "wings": {
        "iou": 0.021125081937905965,
        "coverage": 0.02345300577779738,
        "precision": 0.17548057090999092,
        "recall": 0.02345300577779738,
        "segment_index": 8
    },
    "beak": {
        "iou": 0.9343546728249159,
        "coverage": 0.9823718726015789,
        "precision": 0.9502876565068054,
        "recall": 0.9823718726015789,
        "segment_index": 0
    }
}