{
    "glass": {
        "iou": 0.28754205497716767,
        "coverage": 0.29183129007491754,
        "precision": 0.951370872809975,
        "recall": 0.29183129007491754,
        "segment_indices": [
            4,
            9,
            1,
            3,
            5,
            6,
            2,
            7
        ],
        "num_segments_used": 8,
        "iou_curve": {
            "0.05": 0.08344554901123047,
            "0.1": 0.08368945596449613,
            "0.15": 0.10925493525790703,
            "0.2": 0.2050787294501599,
            "0.25": 0.2451982891052627,
            "0.3": 0.26110658656721353,
            "0.35": 0.2768150698178161,
            "0.4": 0.2916479818616882,
            "0.45": 0.3059074856140871,
            "0.5": 0.3083631223272535
        }
    },
    "wings": {
        "iou": 0.05976233307044051,
        "coverage": 0.07436157544215587,
        "precision": 0.23336447627945603,
        "recall": 0.07436157544215587,
        "segment_indices": [
            8,
            3,
            6,
            5,
            2,
            7
        ],
        "num_segments_used": 6,
        "iou_curve": {
            "0.05": 0.02756344102840945,
            "0.1": 0.041117173772311104,
            "0.15": 0.06277915961634467,
            "0.2": 0.08266264252179745,
            "0.25": 0.08571440985800441,
            "0.3": 0.08058018634379079,
            "0.35": 0.070178253528014,
            "0.4": 0.04225411879528553,
            "0.45": 0.022750303289802327,
            "0.5": 0.009515863082821782
        }
    },
    "beak": {
        "iou": 0.9343546728249159,
        "coverage": 0.9823718726015789,
        "precision": 0.9502876565068054,
        "recall": 0.9823718726015789,
        "segment_indices": [
            0
        ],
        "num_segments_used": 1,
        "iou_curve": {
            "0.05": 0.691154937638614,
            "0.1": 0.7203019147341675,
            "0.15": 0.8241811263457335,
            "0.2": 0.907065014342796,
            "0.25": 0.9324064989317344,
            "0.3": 0.9399378341481069,
            "0.35": 0.9417587956584562,
            "0.4": 0.9386258452078187,
            "0.45": 0.933282736466809,
            "0.5": 0.9241053910882455
        }
    }
}