{
    "candle": {
        "iou": 0.33756934894968943,
        "coverage": 0.3483558426306518,
        "precision": 0.9159804426145136,
        "recall": 0.3483558426306518,
        "segment_indices": [
            1
        ],
        "num_segments_used": 1,
        "iou_curve": {
            "0.05": 0.014824012535178897,
            "0.1": 0.02583995651227082,
            "0.15": 0.04832972663731562,
            "0.2": 0.1038954094591343,
            "0.25": 0.17193071828833417,
            "0.3": 0.22025656793901863,
            "0.35": 0.2647386759581882,
            "0.4": 0.3061763008163602,
            "0.45": 0.33562527867082814,
            "0.5": 0.35287097201962603
        }
    },
    "flame": {
        "iou": 0.05690848500384517,
        "coverage": 0.0926587209571952,
        "precision": 0.12853834276891404,
        "recall": 0.0926587209571952,
        "segment_indices": [
            1
        ],
        "num_segments_used": 1,
        "iou_curve": {
            "0.05": 0.01482391357421875,
            "0.1": 0.018827460844977325,
            "0.15": 0.03730074029421082,
            "0.2": 0.06527068706448863,
            "0.25": 0.06740678554886521,
            "0.3": 0.0651550188420692,
            "0.35": 0.0554208935571715,
            "0.4": 0.039693349418220024,
            "0.45": 0.025022502250225023,
            "0.5": 0.00802740566520094
        }
    },
    "shadow": {
        "iou": 0.16278922558656145,
        "coverage": 0.9853387532252947,
        "precision": 0.16318449197065674,
        "recall": 0.9853387532252947,
        "segment_indices": [
            0
        ],
        "num_segments_used": 1,
        "iou_curve": {
            "0.05": 0.961888313293457,
            "0.1": 0.9696093137586977,
            "0.15": 0.8930718111680139,
            "0.2": 0.5120262731601156,
            "0.25": 0.21742211451602383,
            "0.3": 0.0809184112949936,
            "0.35": 0.023640858712723634,
            "0.4": 0.006567670801573069,
            "0.45": 0.0021237084987006907,
            "0.5": 0.00034502827149759127
        }
    },
    "dark": {
        "iou": 0.8668928698820539,
        "coverage": 0.9898391725926939,
        "precision": 0.8746764120629023,
        "recall": 0.9898391725926939,
        "segment_indices": [
            0
        ],
        "num_segments_used": 1,
        "iou_curve": {
            "0.05": 0.961888313293457,
            "0.1": 0.9764468496342894,
            "0.15": 0.9719846450341679,
            "0.2": 0.9636916797852062,
            "0.25": 0.9520132491053809,
            "0.3": 0.937629114599245,
            "0.35": 0.9203076651047652,
            "0.4": 0.8945644026285464,
            "0.45": 0.8601168452758247,
            "0.5": 0.7920406326979148
        }
    }
}