{
    "candle": {
        "iou": 0.33756934894968943,
        "coverage": 0.3483558426306518,
        "precision": 0.9159804426145136,
        "recall": 0.3483558426306518,
        "segment_index": 1
    },
    "flame": {
        "iou": 0.05690848500384517,
        "coverage": 0.0926587209571952,
        "precision": 0.12853834276891404,
        "recall": 0.0926587209571952,
        "segment_index": 1
    },
    "shadow": {
        "iou": 0.16278922558656145,
        "coverage": 0.9853387532252947,
        "precision": 0.16318449197065674,
        "recall": 0.9853387532252947,
        "segment_index": 0
    },
    "dark": {
        "iou": 0.8668928698820539,
        "coverage": 0.9898391725926939,
        "precision": 0.8746764120629023,
        "recall": 0.9898391725926939,
        "segment_index": 0
    }
}