{
    "protest": {
        "iou": 0.28521640965729533,
        "coverage": 0.29672723299943327,
        "precision": 0.8802730596659678,
        "recall": 0.29672723299943327,
        "segment_indices": [
            12,
            3,
            1,
            2,
            9,
            31,
            50,
            76,
            23,
            57,
            4,
            6,
            48,
            13,
            21,
            73,
            70,
            45,
            35,
            77,
            46,
            11,
            20,
            74,
            72,
            66,
            55,
            67
        ],
        "num_segments_used": 28,
        "iou_curve": {
            "0.05": 0.09415435152102461,
            "0.1": 0.10296410061119143,
            "0.15": 0.15132386571568426,
            "0.2": 0.22908500418299915,
            "0.25": 0.2562936581125916,
            "0.3": 0.27124654559529604,
            "0.35": 0.2809283782888596,
            "0.4": 0.28579404407798653,
            "0.45": 0.2853335861987784,
            "0.5": 0.27839142164770814
        }
    },
    "police": {
        "iou": 0.35449283659280895,
        "coverage": 0.3726121145981009,
        "precision": 0.8793717655554218,
        "recall": 0.3726121145981009,
        "segment_indices": [
            51,
            10,
            16,
            19,
            41,
            52,
            5,
            8,
            29,
            56,
            18,
            26,
            42,
            68,
            53,
            27,
            28,
            63,
            78,
            30,
            64,
            34,
            22,
            49,
            17,
            65,
            60,
            38,
            59,
            75
        ],
        "num_segments_used": 30,
        "iou_curve": {
            "0.05": 0.07937485969211075,
            "0.1": 0.13254614947772766,
            "0.15": 0.19545183709324535,
            "0.2": 0.2494647941759944,
            "0.25": 0.290501030145497,
            "0.3": 0.3206249036191742,
            "0.35": 0.3413848080597385,
            "0.4": 0.34901476830442507,
            "0.45": 0.3534038500814568,
            "0.5": 0.35677817342895835
        }
    },
    "riot": {
        "iou": 0.12678933077562682,
        "coverage": 0.5469415091531478,
        "precision": 0.141668144424484,
        "recall": 0.5469415091531478,
        "segment_indices": [
            0,
            59,
            15,
            31,
            55,
            73,
            51,
            20,
            45,
            69,
            77,
            72,
            6,
            70,
            23,
            38,
            27
        ],
        "num_segments_used": 17,
        "iou_curve": {
            "0.05": 0.24738502502441406,
            "0.1": 0.26986306714847147,
            "0.15": 0.263381891793054,
            "0.2": 0.20605081965824754,
            "0.25": 0.08411598200029032,
            "0.3": 0.024453530726721864,
            "0.35": 0.0048732382476295725,
            "0.4": 0.0006356617817021866,
            "0.45": 3.4695183537520914e-05,
            "0.5": 0.0
        }
    },
    "smoke": {
        "iou": 0.34413097554367905,
        "coverage": 0.4179974771522733,
        "precision": 0.6607152004728598,
        "recall": 0.4179974771522733,
        "segment_indices": [
            0,
            14,
            58,
            43,
            44,
            33,
            54,
            61,
            24,
            32,
            37,
            39,
            25,
            36,
            40
        ],
        "num_segments_used": 15,
        "iou_curve": {
            "0.05": 0.24283852422308896,
            "0.1": 0.2743016626769922,
            "0.15": 0.33416957625194066,
            "0.2": 0.3958278708967775,
            "0.25": 0.4182875187155001,
            "0.3": 0.4265758322674381,
            "0.35": 0.41933667167481525,
            "0.4": 0.39763870577514926,
            "0.45": 0.3631414276740172,
            "0.5": 0.30658184692608814
        }
    }
}