{
    "protest": {
        "iou": 0.033490823126590366,
        "coverage": 0.03419573782357239,
        "precision": 0.6189975897657747,
        "recall": 0.03419573782357239,
        "segment_index": 12
    },
    "police": {
        "iou": 0.059415136927471385,
        "coverage": 0.06067498240639693,
        "precision": 0.7410313901345291,
        "recall": 0.06067498240639693,
        "segment_index": 51
    },
    "riot": {
        "iou": 0.08847688522056814,
        "coverage": 0.33232623902366426,
        "precision": 0.10760445279745555,
        "recall": 0.33232623902366426,
        "segment_index": 0
    },
    "smoke": {
        "iou": 0.26358840638682607,
        "coverage": 0.31651517946621327,
        "precision": 0.6118500313237917,
        "recall": 0.31651517946621327,
        "segment_index": 0
    }
}