{
    "pastel": {
        "iou": 0.08329607040011447,
        "coverage": 0.0909472615246409,
        "precision": 0.49751615832487583,
        "recall": 0.0909472615246409,
        "segment_index": 9
    },
    "pink": {
        "iou": 0.263924896486697,
        "coverage": 0.2848395180586428,
        "precision": 0.7823453639567384,
        "recall": 0.2848395180586428,
        "segment_index": 3
    },
    "mint": {
        "iou": 0.20052590572652904,
        "coverage": 0.2182927937479175,
        "precision": 0.7112964516606622,
        "recall": 0.2182927937479175,
        "segment_index": 4
    },
    "green": {
        "iou": 0.0813211912049341,
        "coverage": 0.37375296682940007,
        "precision": 0.09414995746749301,
        "recall": 0.37375296682940007,
        "segment_index": 3
    },
    "lilac": {
        "iou": 0.034312717223338556,
        "coverage": 0.03499975791744447,
        "precision": 0.6360969886585843,
        "recall": 0.03499975791744447,
        "segment_index": 12
    }
}