{
    "pastel": {
        "iou": 0.2695093786193521,
        "coverage": 0.3840017185653885,
        "precision": 0.474768205524435,
        "recall": 0.3840017185653885,
        "segment_indices": [
            9,
            4,
            1,
            15,
            14,
            19,
            34,
            24,
            18,
            17,
            31,
            36,
            32,
            28,
            33,
            38,
            37,
            21
        ],
        "num_segments_used": 18,
        "iou_curve": {
            "0.05": 0.0789947509765625,
            "0.1": 0.08040107354147355,
            "0.15": 0.08830324501764998,
            "0.2": 0.13482157104823334,
            "0.25": 0.20690289270811232,
            "0.3": 0.27037701280557663,
            "0.35": 0.2695093786193521,
            "0.4": 0.17248628136176253,
            "0.45": 0.09640091891431975,
            "0.5": 0.03606023606023606
        }
    },
    "pink": {
        "iou": 0.4901866077863134,
        "coverage": 0.5657660942079257,
        "precision": 0.7858394767051697,
        "recall": 0.5657660942079257,
        "segment_indices": [
            3,
            7,
            6,
            13,
            0,
            29,
            16,
            21,
            24,
            23,
            10,
            20,
            11
        ],
        "num_segments_used": 13,
        "iou_curve": {
            "0.05": 0.38796138763427734,
            "0.1": 0.38796138763427734,
            "0.15": 0.38915784208975196,
            "0.2": 0.4325179461189593,
            "0.25": 0.4617071734688851,
            "0.3": 0.4822159222285892,
            "0.35": 0.49541972229361453,
            "0.4": 0.5088869799833964,
            "0.45": 0.4969407512585517,
            "0.5": 0.4580060179896053
        }
    },
    "mint": {
        "iou": 0.3387100514866181,
        "coverage": 0.44238633265683214,
        "precision": 0.591047977498533,
        "recall": 0.44238633265683214,
        "segment_indices": [
            4,
            2,
            18,
            36,
            22,
            31,
            32,
            37,
            28,
            25,
            20
        ],
        "num_segments_used": 11,
        "iou_curve": {
            "0.05": 0.04712963104248047,
            "0.1": 0.08898734862567453,
            "0.15": 0.14894169628042986,
            "0.2": 0.28538196474554345,
            "0.25": 0.346327013220901,
            "0.3": 0.3452701509667167,
            "0.35": 0.31302089706462183,
            "0.4": 0.2372864304756795,
            "0.45": 0.11585665193912617,
            "0.5": 0.02114887696283045
        }
    },
    "green": {
        "iou": 0.10782619161448426,
        "coverage": 0.6223491499913166,
        "precision": 0.11537525935465408,
        "recall": 0.6223491499913166,
        "segment_indices": [
            3,
            14,
            0,
            9,
            2,
            22
        ],
        "num_segments_used": 6,
        "iou_curve": {
            "0.05": 0.2664722425939401,
            "0.1": 0.35211201292783983,
            "0.15": 0.3291577678369265,
            "0.2": 0.25873430280920834,
            "0.25": 0.20551340019959524,
            "0.3": 0.13988788854612913,
            "0.35": 0.09474322041643958,
            "0.4": 0.056103610193816274,
            "0.45": 0.033105791222771595,
            "0.5": 0.016796938782754386
        }
    },
    "lilac": {
        "iou": 0.11375594322472382,
        "coverage": 0.1400366889561938,
        "precision": 0.3773921363952679,
        "recall": 0.1400366889561938,
        "segment_indices": [
            12,
            1,
            30,
            9,
            26,
            34,
            23,
            27,
            33,
            38,
            35,
            10
        ],
        "num_segments_used": 12,
        "iou_curve": {
            "0.05": 0.06575202941894531,
            "0.1": 0.06504581882122205,
            "0.15": 0.0661779915059846,
            "0.2": 0.08101716850238004,
            "0.25": 0.10019660970528108,
            "0.3": 0.12135028683962668,
            "0.35": 0.11688069439493297,
            "0.4": 0.08021936050256814,
            "0.45": 0.04997202920739607,
            "0.5": 0.018648765862764694
        }
    }
}