{
    "apple": {
        "iou": 0.8449560332193454,
        "coverage": 0.8600375001294894,
        "precision": 0.9796684170157531,
        "recall": 0.8600375001294894,
        "segment_indices": [
            1,
            4
        ],
        "num_segments_used": 2,
        "iou_curve": {
            "0.05": 0.0808215964232307,
            "0.1": 0.21969233481272554,
            "0.15": 0.40666413691405406,
            "0.2": 0.611046831159064,
            "0.25": 0.7513986169975463,
            "0.3": 0.7828065692409562,
            "0.35": 0.8063229300160916,
            "0.4": 0.8271738375955655,
            "0.45": 0.8411418278960576,
            "0.5": 0.8522888737876073
        }
    },
    "balanced": {
        "iou": 0.02031110694571609,
        "coverage": 0.9595821980018165,
        "precision": 0.020328498139600887,
        "recall": 0.9595821980018165,
        "segment_indices": [
            0
        ],
        "num_segments_used": 1,
        "iou_curve": {
            "0.05": 0.7930202484130859,
            "0.1": 0.8585219280099297,
            "0.15": 0.6497402473867157,
            "0.2": 0.15406303049955175,
            "0.25": 0.05195404890639468,
            "0.3": 0.01832914349437376,
            "0.35": 0.005689414706872505,
            "0.4": 0.0016978929052847518,
            "0.45": 0.00032226760958000593,
            "0.5": 7.936536567592235e-05
        }
    },
    "on": {
        "iou": 0.8230148899660388,
        "coverage": 0.990703420141632,
        "precision": 0.829420522354854,
        "recall": 0.990703420141632,
        "segment_indices": [
            0
        ],
        "num_segments_used": 1,
        "iou_curve": {
            "0.05": 0.7929900253966619,
            "0.1": 0.9422752682841976,
            "0.15": 0.9737471723346438,
            "0.2": 0.9689660066963194,
            "0.25": 0.9559115415811823,
            "0.3": 0.9368841820983973,
            "0.35": 0.9051657910684208,
            "0.4": 0.8502358335789312,
            "0.45": 0.776314407520039,
            "0.5": 0.6598957860701032
        }
    },
    "glass": {
        "iou": 0.8290077874220898,
        "coverage": 0.8413732651570489,
        "precision": 0.9825806561684268,
        "recall": 0.8413732651570489,
        "segment_indices": [
            2,
            3
        ],
        "num_segments_used": 2,
        "iou_curve": {
            "0.05": 0.11180630134843592,
            "0.1": 0.12210782455073103,
            "0.15": 0.14065736154885186,
            "0.2": 0.21232845649393645,
            "0.25": 0.3180465323800507,
            "0.3": 0.44219724396762516,
            "0.35": 0.5943627263013125,
            "0.4": 0.7422419983586377,
            "0.45": 0.817483563946355,
            "0.5": 0.8605285707842872
        }
    }
}