{
    "apple": {
        "iou": 0.8334961732616838,
        "coverage": 0.8483730952109642,
        "precision": 0.9793946351905667,
        "recall": 0.8483730952109642,
        "segment_index": 1
    },
    "balanced": {
        "iou": 0.02031110694571609,
        "coverage": 0.9595821980018165,
        "precision": 0.020328498139600887,
        "recall": 0.9595821980018165,
        "segment_index": 0
    },
    "on": {
        "iou": 0.8230148899660388,
        "coverage": 0.990703420141632,
        "precision": 0.829420522354854,
        "recall": 0.990703420141632,
        "segment_index": 0
    },
    "glass": {
        "iou": 0.8278656667002547,
        "coverage": 0.8401899196493791,
        "precision": 0.9825901247223646,
        "recall": 0.8401899196493791,
        "segment_index": 2
    }
}