{
    "fabric": {
        "iou": 0.8928697932918961,
        "coverage": 0.9851809115251564,
        "precision": 0.9050247690854458,
        "recall": 0.9851809115251564,
        "segment_indices": [
            0
        ],
        "num_segments_used": 1,
        "iou_curve": {
            "0.05": 0.8924903869628906,
            "0.1": 0.8925157390460913,
            "0.15": 0.902027238821445,
            "0.2": 0.938785697105587,
            "0.25": 0.9528840835367774,
            "0.3": 0.9528120920631601,
            "0.35": 0.9466692945655676,
            "0.4": 0.9307366798282182,
            "0.45": 0.9041452823571415,
            "0.5": 0.8449981987958871
        }
    },
    "cloth": {
        "iou": 0.2901224736149416,
        "coverage": 0.7008140288352502,
        "precision": 0.33113590263691683,
        "recall": 0.7008140288352502,
        "segment_indices": [
            1
        ],
        "num_segments_used": 1,
        "iou_curve": {
            "0.05": 0.09967422485351562,
            "0.1": 0.13749658717094362,
            "0.15": 0.29533311083821256,
            "0.2": 0.35480050609074326,
            "0.25": 0.17900239878412774,
            "0.3": 0.0647344918797463,
            "0.35": 0.01875704703116938,
            "0.4": 0.002908645566229094,
            "0.45": 0.0,
            "0.5": 0.0
        }
    },
    "texture": {
        "iou": 0.47654160385157807,
        "coverage": 0.5665011815205845,
        "precision": 0.7500574074782809,
        "recall": 0.5665011815205845,
        "segment_indices": [
            1
        ],
        "num_segments_used": 1,
        "iou_curve": {
            "0.05": 0.09967546060656346,
            "0.1": 0.1020803053745292,
            "0.15": 0.12651465829697506,
            "0.2": 0.16273159824070474,
            "0.25": 0.2204672440916406,
            "0.3": 0.2903353677719751,
            "0.35": 0.3751690643059142,
            "0.4": 0.4706809188734311,
            "0.45": 0.52749375881906,
            "0.5": 0.5487230897320442
        }
    }
}