{
    "fabric": {
        "iou": 0.8928697932918961,
        "coverage": 0.9851809115251564,
        "precision": 0.9050247690854458,
        "recall": 0.9851809115251564,
        "segment_index": 0
    },
    "cloth": {
        "iou": 0.2901224736149416,
        "coverage": 0.7008140288352502,
        "precision": 0.33113590263691683,
        "recall": 0.7008140288352502,
        "segment_index": 1
    },
    "texture": {
        "iou": 0.47654160385157807,
        "coverage": 0.5665011815205845,
        "precision": 0.7500574074782809,
        "recall": 0.5665011815205845,
        "segment_index": 1
    }
}