{
    "hat": {
        "iou": 0.2217646253173185,
        "coverage": 0.2865674467612219,
        "precision": 0.49512167370681687,
        "recall": 0.2865674467612219,
        "segment_indices": [
            3,
            4
        ],
        "num_segments_used": 2,
        "iou_curve": {
            "0.05": 0.1341075897216797,
            "0.1": 0.1439917969751346,
            "0.15": 0.17670067593419206,
            "0.2": 0.21412889858532635,
            "0.25": 0.23247320921797374,
            "0.3": 0.22225910693301998,
            "0.35": 0.1926479935590491,
            "0.4": 0.05194679592208265,
            "0.45": 0.011182584160594334,
            "0.5": 0.0
        }
    },
    "scarf": {
        "iou": 0.48033931481446795,
        "coverage": 0.5520272742928488,
        "precision": 0.7871803234656486,
        "recall": 0.5520272742928488,
        "segment_indices": [
            1,
            0,
            2,
            5
        ],
        "num_segments_used": 4,
        "iou_curve": {
            "0.05": 0.24854396524018016,
            "0.1": 0.2913418935512081,
            "0.15": 0.3500838334993804,
            "0.2": 0.40151317177301793,
            "0.25": 0.43968309735446015,
            "0.3": 0.46642914348298953,
            "0.35": 0.4872213653974174,
            "0.4": 0.4927713103448276,
            "0.45": 0.4837032431103047,
            "0.5": 0.45337623718865816
        }
    },
    "gloves": {
        "iou": 0.19037172191088522,
        "coverage": 0.6633448545550874,
        "precision": 0.21073174641340064,
        "recall": 0.6633448545550874,
        "segment_indices": [
            0
        ],
        "num_segments_used": 1,
        "iou_curve": {
            "0.05": 0.11898994445800781,
            "0.1": 0.1372620823322407,
            "0.15": 0.19171331471101583,
            "0.2": 0.22671228185007877,
            "0.25": 0.22548272206406117,
            "0.3": 0.19350893629803395,
            "0.35": 0.14734728370845318,
            "0.4": 0.09778067781234831,
            "0.45": 0.053538111672525486,
            "0.5": 0.022946221046725977
        }
    },
    "clothing": {
        "iou": 0.012118746946725737,
        "coverage": 0.016895397611844318,
        "precision": 0.041103099088336106,
        "recall": 0.016895397611844318,
        "segment_indices": [
            4,
            3
        ],
        "num_segments_used": 2,
        "iou_curve": {
            "0.05": 0.1341075897216797,
            "0.1": 0.16149727416585768,
            "0.15": 0.1806334149829851,
            "0.2": 0.17904295722742716,
            "0.25": 0.14311559432751475,
            "0.3": 0.09521047135880857,
            "0.35": 0.03940904364040592,
            "0.4": 0.012118746946725737,
            "0.45": 0.008219119492073148,
            "0.5": 0.007883450875663636
        }
    }
}