{
    "hat": {
        "iou": 0.22121253003379204,
        "coverage": 0.28344761732287355,
        "precision": 0.5018692474183981,
        "recall": 0.28344761732287355,
        "segment_index": 3
    },
    "scarf": {
        "iou": 0.3118096678005964,
        "coverage": 0.31964954578723037,
        "precision": 0.9270774801773116,
        "recall": 0.31964954578723037,
        "segment_index": 1
    },
    "gloves": {
        "iou": 0.19037172191088522,
        "coverage": 0.6633448545550874,
        "precision": 0.21073174641340064,
        "recall": 0.6633448545550874,
        "segment_index": 0
    },
    "clothing": {
        "iou": 0.009198000917171257,
        "coverage": 0.009204776311366394,
        "precision": 0.925904145839459,
        "recall": 0.009204776311366394,
        "segment_index": 4
    }
}