{
    "instrument": {
        "iou": 0.14756192736564142,
        "coverage": 0.15492586232054864,
        "precision": 0.7563635367290462,
        "recall": 0.15492586232054864,
        "segment_index": 5
    },
    "musical": {
        "iou": 0.14473092093072504,
        "coverage": 0.23421937584338254,
        "precision": 0.27473493794281695,
        "recall": 0.23421937584338254,
        "segment_index": 7
    },
    "rainbow": {
        "iou": 0.09035370871314587,
        "coverage": 0.09221337622717236,
        "precision": 0.8175273811768335,
        "recall": 0.09221337622717236,
        "segment_index": 6
    }
}