{
    "instrument": {
        "iou": 0.51724330195349,
        "coverage": 0.6507952542905568,
        "precision": 0.715950520632353,
        "recall": 0.6507952542905568,
        "segment_indices": [
            5,
            0,
            7,
            2,
            4,
            1,
            12,
            8,
            11,
            15
        ],
        "num_segments_used": 10,
        "iou_curve": {
            "0.05": 0.3089265823364258,
            "0.1": 0.3092662537044392,
            "0.15": 0.3195660657916187,
            "0.2": 0.3636126786201875,
            "0.25": 0.41556742294634624,
            "0.3": 0.45864718103981905,
            "0.35": 0.4966577623049475,
            "0.4": 0.5212770096091042,
            "0.45": 0.5106472754624215,
            "0.5": 0.44968602011192416
        }
    },
    "musical": {
        "iou": 0.17299000951474786,
        "coverage": 0.4050056760982715,
        "precision": 0.23193356679811838,
        "recall": 0.4050056760982715,
        "segment_indices": [
            7,
            1,
            2,
            12
        ],
        "num_segments_used": 4,
        "iou_curve": {
            "0.05": 0.15549755096435547,
            "0.1": 0.1812874214583693,
            "0.15": 0.2582155809063297,
            "0.2": 0.33870202289849916,
            "0.25": 0.30410878296225136,
            "0.3": 0.20963073981239824,
            "0.35": 0.10695961728735069,
            "0.4": 0.03269736090483263,
            "0.45": 0.00841130498657322,
            "0.5": 0.0012747597568150619
        }
    },
    "rainbow": {
        "iou": 0.10930939439993818,
        "coverage": 0.11485637394972605,
        "precision": 0.6935685349708722,
        "recall": 0.11485637394972605,
        "segment_indices": [
            6,
            8,
            9,
            14,
            13,
            15
        ],
        "num_segments_used": 6,
        "iou_curve": {
            "0.05": 0.08170018180396077,
            "0.1": 0.08545685456854568,
            "0.15": 0.0937870601099154,
            "0.2": 0.10695720541350628,
            "0.25": 0.11303348863248977,
            "0.3": 0.11587775239427606,
            "0.35": 0.11575557086482935,
            "0.4": 0.11359075490646015,
            "0.45": 0.10960807373574379,
            "0.5": 0.1047403348959591
        }
    }
}