{
    "scales": {
        "iou": 0.07175667039463172,
        "coverage": 0.08306252394351313,
        "precision": 0.34520100468027287,
        "recall": 0.08306252394351313,
        "segment_indices": [
            85,
            100,
            79,
            96,
            77,
            99,
            65,
            98,
            50,
            58,
            92,
            82,
            53,
            51,
            90,
            75,
            20,
            80,
            33,
            86,
            44,
            97,
            27,
            74,
            54,
            72,
            31,
            56,
            30,
            88,
            94,
            59,
            55,
            7,
            34,
            69,
            66,
            36,
            45,
            81,
            19,
            49,
            42,
            38,
            93,
            70
        ],
        "num_segments_used": 46,
        "iou_curve": {
            "0.05": 0.06948375701904297,
            "0.1": 0.07548822193191936,
            "0.15": 0.08317177565822484,
            "0.2": 0.09101849186197072,
            "0.25": 0.09935027748399622,
            "0.3": 0.09971203087145115,
            "0.35": 0.09397866693799337,
            "0.4": 0.08114479326265565,
            "0.45": 0.05975790803370274,
            "0.5": 0.030523350713066513
        }
    },
    "animal": {
        "iou": 0.13562095562721627,
        "coverage": 0.14720375074380285,
        "precision": 0.6328366514158527,
        "recall": 0.14720375074380285,
        "segment_indices": [
            1,
            2,
            4,
            73,
            95,
            25,
            3,
            91,
            8,
            81,
            13,
            87,
            52,
            18,
            28,
            9,
            57,
            12,
            5,
            14,
            37,
            0,
            47,
            93,
            15,
            32,
            34,
            39,
            29,
            48,
            6,
            43,
            46,
            68,
            10,
            41,
            40,
            78,
            50,
            89,
            64,
            16,
            83,
            102,
            23,
            67,
            24,
            22,
            36,
            84,
            66,
            31,
            26,
            21,
            17,
            76,
            63,
            88,
            94,
            33,
            54,
            7,
            62,
            77,
            35,
            49,
            99,
            11,
            59
        ],
        "num_segments_used": 69,
        "iou_curve": {
            "0.05": 0.1233978271484375,
            "0.1": 0.1234120682337344,
            "0.15": 0.12389959369613396,
            "0.2": 0.12770514949999298,
            "0.25": 0.13332064142617106,
            "0.3": 0.13928075855689176,
            "0.35": 0.14454999864416584,
            "0.4": 0.14603224084614944,
            "0.45": 0.13716746697006607,
            "0.5": 0.11869431222628044
        }
    },
    "texture": {
        "iou": 0.2072680788897005,
        "coverage": 0.34390812956397904,
        "precision": 0.34282780076720937,
        "recall": 0.34390812956397904,
        "segment_indices": [
            23,
            35,
            19,
            11,
            70,
            55,
            17,
            71,
            62,
            60,
            56,
            49,
            63,
            76
        ],
        "num_segments_used": 14,
        "iou_curve": {
            "0.05": 0.03157456029084417,
            "0.1": 0.03472734990788599,
            "0.15": 0.051112336531895314,
            "0.2": 0.09418250253984645,
            "0.25": 0.13981857630874342,
            "0.3": 0.19073579727036885,
            "0.35": 0.2230600589278483,
            "0.4": 0.2072680788897005,
            "0.45": 0.1587442778729959,
            "0.5": 0.08945983205915528
        }
    }
}