{
    "scales": {
        "iou": 0.00611495588779122,
        "coverage": 0.006116329145695452,
        "precision": 0.9645833333333333,
        "recall": 0.006116329145695452,
        "segment_index": 85
    },
    "animal": {
        "iou": 0.015399190670600058,
        "coverage": 0.015399190670600058,
        "precision": 1.0,
        "recall": 0.015399190670600058,
        "segment_index": 1
    },
    "texture": {
        "iou": 0.04813395771250177,
        "coverage": 0.05138926764233555,
        "precision": 0.4317718940936864,
        "recall": 0.05138926764233555,
        "segment_index": 23
    }
}