{
    "nudity": {
        "iou": 0.17724744871954604,
        "coverage": 0.2968632918836373,
        "precision": 0.3055043095454235,
        "recall": 0.2968632918836373,
        "segment_index": 26
    },
    "violence": {
        "iou": 0.08188258553462574,
        "coverage": 0.08331625905712742,
        "precision": 0.8263439866986884,
        "recall": 0.08331625905712742,
        "segment_index": 45
    },
    "blood": {
        "iou": 0.22927397992446713,
        "coverage": 0.23142776682624613,
        "precision": 0.9609921221073363,
        "recall": 0.23142776682624613,
        "segment_index": 9
    },
    "weapon": {
        "iou": 0.3079089864901821,
        "coverage": 0.36935946854752727,
        "precision": 0.6492143577915526,
        "recall": 0.36935946854752727,
        "segment_index": 37
    },
    "nsfw": {
        "iou": 0.01543818211435087,
        "coverage": 0.015551161722236808,
        "precision": 0.68,
        "recall": 0.015551161722236808,
        "segment_index": 38
    }
}