{
    "nudity": {
        "iou": 0.17724744871954604,
        "coverage": 0.2968632918836373,
        "precision": 0.3055043095454235,
        "recall": 0.2968632918836373,
        "segment_indices": [
            26
        ],
        "num_segments_used": 1,
        "iou_curve": {
            "0.05": 0.0977010726928711,
            "0.1": 0.1562829324345499,
            "0.15": 0.25569350395497825,
            "0.2": 0.23016251394398338,
            "0.25": 0.1477322599656422,
            "0.3": 0.09328686951323117,
            "0.35": 0.013340125135755956,
            "0.4": 0.0011387193786679903,
            "0.45": 0.0,
            "0.5": 0.0
        }
    },
    "violence": {
        "iou": 0.24654458878609206,
        "coverage": 0.28739732151172537,
        "precision": 0.6342932313827054,
        "recall": 0.28739732151172537,
        "segment_indices": [
            45,
            22,
            20,
            3,
            4,
            10,
            15,
            7,
            31,
            13,
            1,
            41,
            0
        ],
        "num_segments_used": 13,
        "iou_curve": {
            "0.05": 0.0463984481397132,
            "0.1": 0.053875999964485166,
            "0.15": 0.08002179888811961,
            "0.2": 0.1433270183925563,
            "0.25": 0.22951107628074774,
            "0.3": 0.2616833161097715,
            "0.35": 0.16035013621781954,
            "0.4": 0.0662001318187105,
            "0.45": 0.024528986968975673,
            "0.5": 0.0019270587752926464
        }
    },
    "blood": {
        "iou": 0.6076665492221449,
        "coverage": 0.6288428759874906,
        "precision": 0.9474927755669003,
        "recall": 0.6288428759874906,
        "segment_indices": [
            9,
            17,
            5,
            6,
            2,
            8,
            11,
            30,
            18,
            16,
            29,
            47,
            21,
            28,
            27
        ],
        "num_segments_used": 15,
        "iou_curve": {
            "0.05": 0.21355155251777427,
            "0.1": 0.23715870957901158,
            "0.15": 0.30489550295712947,
            "0.2": 0.37668580158014453,
            "0.25": 0.4192704382726801,
            "0.3": 0.45299931702433377,
            "0.35": 0.4982949175296846,
            "0.4": 0.5670352534436052,
            "0.45": 0.6292851905384079,
            "0.5": 0.6613585753827583
        }
    },
    "weapon": {
        "iou": 0.38522949277634405,
        "coverage": 0.5239727712621997,
        "precision": 0.5926420660099071,
        "recall": 0.5239727712621997,
        "segment_indices": [
            37,
            1,
            48,
            32,
            4,
            36
        ],
        "num_segments_used": 6,
        "iou_curve": {
            "0.05": 0.05140399932861328,
            "0.1": 0.062368633042898546,
            "0.15": 0.08572111712336242,
            "0.2": 0.13399588306640206,
            "0.25": 0.22980679083343805,
            "0.3": 0.31566295359398805,
            "0.35": 0.37475703270179633,
            "0.4": 0.3809186605477102,
            "0.45": 0.3319995723819851,
            "0.5": 0.23226231669138245
        }
    },
    "nsfw": {
        "iou": 0.06304461533325172,
        "coverage": 0.06971564058808086,
        "precision": 0.397172236503856,
        "recall": 0.06971564058808086,
        "segment_indices": [
            38,
            39,
            49,
            34,
            23,
            14,
            32,
            33,
            43,
            31,
            42,
            35,
            24,
            44,
            40,
            3
        ],
        "num_segments_used": 16,
        "iou_curve": {
            "0.05": 0.0408090472293909,
            "0.1": 0.042257137496173255,
            "0.15": 0.04918745171614612,
            "0.2": 0.06575587856578421,
            "0.25": 0.0757678652620174,
            "0.3": 0.07861037730234091,
            "0.35": 0.07508710170638579,
            "0.4": 0.06304461533325172,
            "0.45": 0.054398830947419693,
            "0.5": 0.0424904562451793
        }
    }
}