{
    "mirror": {
        "iou": 0.04278273998432631,
        "coverage": 0.043111623559591465,
        "precision": 0.848672061242991,
        "recall": 0.043111623559591465,
        "segment_index": 1
    },
    "reflection": {
        "iou": 0.03858938757643325,
        "coverage": 0.04885482963155388,
        "precision": 0.15515771526001704,
        "recall": 0.04885482963155388,
        "segment_index": 11
    },
    "person": {
        "iou": 0.14217873898615402,
        "coverage": 0.15220467087653966,
        "precision": 0.6833869592717873,
        "recall": 0.15220467087653966,
        "segment_index": 11
    },
    "camera": {
        "iou": 0.08661195390864627,
        "coverage": 0.08949189707746599,
        "precision": 0.7290997906489881,
        "recall": 0.08949189707746599,
        "segment_index": 10
    }
}