{
    "mirror": {
        "iou": 0.07294310811920203,
        "coverage": 0.07577452873312275,
        "precision": 0.661258633007859,
        "recall": 0.07577452873312275,
        "segment_indices": [
            1,
            0,
            22,
            39,
            30,
            38,
            41,
            42,
            35,
            34,
            14,
            16,
            29,
            33,
            27,
            32,
            31,
            20
        ],
        "num_segments_used": 18,
        "iou_curve": {
            "0.05": 0.06407139539386401,
            "0.1": 0.0657913222024099,
            "0.15": 0.07238355266750396,
            "0.2": 0.07862281974991923,
            "0.25": 0.08134805642433139,
            "0.3": 0.08175058756120981,
            "0.35": 0.08156539964752517,
            "0.4": 0.08024041852809781,
            "0.45": 0.0770573663522627,
            "0.5": 0.07101771413058233
        }
    },
    "reflection": {
        "iou": 0.03858938757643325,
        "coverage": 0.04885482963155388,
        "precision": 0.15515771526001704,
        "recall": 0.04885482963155388,
        "segment_indices": [
            11
        ],
        "num_segments_used": 1,
        "iou_curve": {
            "0.05": 0.03453763609110937,
            "0.1": 0.04030872714208513,
            "0.15": 0.03995516125646734,
            "0.2": 0.040481505281789384,
            "0.25": 0.039561615452510045,
            "0.3": 0.03758765303574678,
            "0.35": 0.03682713359868525,
            "0.4": 0.03869209408929962,
            "0.45": 0.040652269195521375,
            "0.5": 0.04032246738107611
        }
    },
    "person": {
        "iou": 0.46540595629034087,
        "coverage": 0.5034697765010688,
        "precision": 0.8602555649744121,
        "recall": 0.5034697765010688,
        "segment_indices": [
            11,
            6,
            3,
            4,
            15,
            14,
            2
        ],
        "num_segments_used": 7,
        "iou_curve": {
            "0.05": 0.09114226140172492,
            "0.1": 0.20468048751473467,
            "0.15": 0.2979777671124486,
            "0.2": 0.33007057017155345,
            "0.25": 0.36306283304644327,
            "0.3": 0.4003307490683287,
            "0.35": 0.4385108568227324,
            "0.4": 0.4728930708021142,
            "0.45": 0.49842204923206396,
            "0.5": 0.520396959758594
        }
    },
    "camera": {
        "iou": 0.41103504010246716,
        "coverage": 0.46178949532326036,
        "precision": 0.7890207671706011,
        "recall": 0.46178949532326036,
        "segment_indices": [
            10,
            21,
            7,
            22,
            13,
            17,
            25,
            40,
            28,
            16,
            20,
            24,
            5,
            8,
            31,
            37,
            12,
            19
        ],
        "num_segments_used": 18,
        "iou_curve": {
            "0.05": 0.06516622255453805,
            "0.1": 0.07616551779487957,
            "0.15": 0.14342986748430184,
            "0.2": 0.2309772112784859,
            "0.25": 0.2902534965034965,
            "0.3": 0.3380348818938878,
            "0.35": 0.38993563116339536,
            "0.4": 0.4132033547054907,
            "0.45": 0.38137010586877623,
            "0.5": 0.30211427910027394
        }
    }
}