{
    "nudity": {
        "iou": 0.49670884429210793,
        "coverage": 0.9877831875101059,
        "precision": 0.49977911219464305,
        "recall": 0.9877831875101059,
        "segment_index": 0
    },
    "violence": {
        "iou": 0.014280059926857831,
        "coverage": 0.12777883475537474,
        "precision": 0.01582236043304447,
        "recall": 0.12777883475537474,
        "segment_index": 1
    },
    "blood": {
        "iou": 0.002133756437173867,
        "coverage": 0.002134851449919943,
        "precision": 0.8062015503875969,
        "recall": 0.002134851449919943,
        "segment_index": 24
    },
    "weapon": {
        "iou": 0.04436680922099937,
        "coverage": 0.04436680922099937,
        "precision": 1.0,
        "recall": 0.04436680922099937,
        "segment_index": 4
    },
    "nsfw": {
        "iou": 0.8248520164912362,
        "coverage": 0.8438009518872814,
        "precision": 0.9734965042568692,
        "recall": 0.8438009518872814,
        "segment_index": 1
    }
}