{
    "nudity": {
        "iou": 0.49670884429210793,
        "coverage": 0.9877831875101059,
        "precision": 0.49977911219464305,
        "recall": 0.9877831875101059,
        "segment_indices": [
            0
        ],
        "num_segments_used": 1,
        "iou_curve": {
            "0.05": 0.5245695114135742,
            "0.1": 0.8555971122901627,
            "0.15": 0.9173327386262266,
            "0.2": 0.7682807384626484,
            "0.25": 0.5689412274681213,
            "0.3": 0.41843174188836685,
            "0.35": 0.23763372802634752,
            "0.4": 0.08673946731146892,
            "0.45": 0.018402655333752623,
            "0.5": 0.0004799485146138869
        }
    },
    "violence": {
        "iou": 0.016994752360788186,
        "coverage": 0.15318532394737228,
        "precision": 0.01875692162126322,
        "recall": 0.15318532394737228,
        "segment_indices": [
            1,
            27,
            11,
            16,
            14,
            25,
            18,
            20
        ],
        "num_segments_used": 8,
        "iou_curve": {
            "0.05": 0.5321826934814453,
            "0.1": 0.3961618834751396,
            "0.15": 0.2405571157677444,
            "0.2": 0.06607054286075517,
            "0.25": 0.031266377425011566,
            "0.3": 0.016024601056241,
            "0.35": 0.00628863818337394,
            "0.4": 0.0027516027558251643,
            "0.45": 0.0012647667296974698,
            "0.5": 0.00013420056722106413
        }
    },
    "blood": {
        "iou": 0.004583590210952368,
        "coverage": 0.004680251255593721,
        "precision": 0.1816250663834307,
        "recall": 0.004680251255593721,
        "segment_indices": [
            24,
            7,
            10,
            15,
            12
        ],
        "num_segments_used": 5,
        "iou_curve": {
            "0.05": 0.0035915374755859375,
            "0.1": 0.006166245540513706,
            "0.15": 0.006614573951666412,
            "0.2": 0.006219231305732376,
            "0.25": 0.006331138838945741,
            "0.3": 0.005685772083614296,
            "0.35": 0.004179530800411653,
            "0.4": 0.001269168642094443,
            "0.45": 0.00040271545276723044,
            "0.5": 0.0
        }
    },
    "weapon": {
        "iou": 0.16600393382321638,
        "coverage": 0.16776092175574162,
        "precision": 0.9406542506996044,
        "recall": 0.16776092175574162,
        "segment_indices": [
            4,
            6,
            3,
            13,
            9,
            10,
            21,
            8,
            5,
            12,
            7,
            24,
            15,
            22,
            23
        ],
        "num_segments_used": 15,
        "iou_curve": {
            "0.05": 0.019766475957590676,
            "0.1": 0.020457757878694558,
            "0.15": 0.04490557107841541,
            "0.2": 0.05780625892959897,
            "0.25": 0.06986172987069433,
            "0.3": 0.08313711798902276,
            "0.35": 0.10172188383618287,
            "0.4": 0.12898210370871524,
            "0.45": 0.16292266096999233,
            "0.5": 0.20527985839791052
        }
    },
    "nsfw": {
        "iou": 0.83000667474985,
        "coverage": 0.8516202503809119,
        "precision": 0.970329935838352,
        "recall": 0.8516202503809119,
        "segment_indices": [
            1,
            2,
            16,
            17,
            11,
            18,
            0
        ],
        "num_segments_used": 7,
        "iou_curve": {
            "0.05": 0.5328622804516233,
            "0.1": 0.5573534032588692,
            "0.15": 0.6284567019469783,
            "0.2": 0.6814008736862388,
            "0.25": 0.7150716113743469,
            "0.3": 0.7524833174773462,
            "0.35": 0.7975950806371422,
            "0.4": 0.8306775546916874,
            "0.45": 0.8053503573451761,
            "0.5": 0.5963604251750354
        }
    }
}