{
    "gears": {
        "iou": 0.3885271445819187,
        "coverage": 0.5717995641378053,
        "precision": 0.5479577654395552,
        "recall": 0.5717995641378053,
        "segment_indices": [
            20,
            3,
            23,
            54,
            59,
            33,
            39,
            62,
            49,
            81,
            64,
            25,
            76,
            77,
            36,
            69,
            18,
            66,
            63
        ],
        "num_segments_used": 19,
        "iou_curve": {
            "0.05": 0.2621135711669922,
            "0.1": 0.38582668319897323,
            "0.15": 0.4694818194515573,
            "0.2": 0.5069696650616942,
            "0.25": 0.5007525450079803,
            "0.3": 0.4818328425498171,
            "0.35": 0.4443047445124618,
            "0.4": 0.3931191694947452,
            "0.45": 0.32951427623842977,
            "0.5": 0.24025868512560528
        }
    },
    "springs": {
        "iou": 0.35442813203538703,
        "coverage": 0.5668384112945758,
        "precision": 0.4860798246605843,
        "recall": 0.5668384112945758,
        "segment_indices": [
            12,
            59,
            17,
            61,
            37,
            74,
            9,
            44,
            64,
            80
        ],
        "num_segments_used": 10,
        "iou_curve": {
            "0.05": 0.10966326642535922,
            "0.1": 0.1470533987422028,
            "0.15": 0.2097258668475056,
            "0.2": 0.2958409527323457,
            "0.25": 0.35864566147377025,
            "0.3": 0.3768834134722606,
            "0.35": 0.37764271737280924,
            "0.4": 0.35972930816984733,
            "0.45": 0.32315380733430527,
            "0.5": 0.26463665086887833
        }
    },
    "watch": {
        "iou": 0.26279397009272587,
        "coverage": 0.27705765915331076,
        "precision": 0.8361865729647783,
        "recall": 0.27705765915331076,
        "segment_indices": [
            30,
            26,
            19,
            27,
            0,
            2,
            9,
            51,
            79,
            34,
            32,
            15,
            10,
            6,
            43,
            35,
            82,
            55,
            71,
            73,
            42,
            68,
            72,
            60,
            75,
            67,
            46,
            40,
            58,
            52,
            47,
            13
        ],
        "num_segments_used": 32,
        "iou_curve": {
            "0.05": 0.14845943450927734,
            "0.1": 0.16776627754595302,
            "0.15": 0.20912619559127607,
            "0.2": 0.2511482952883946,
            "0.25": 0.2743933525459013,
            "0.3": 0.2862571647954071,
            "0.35": 0.29090026161579907,
            "0.4": 0.28683907888074667,
            "0.45": 0.2747379605662608,
            "0.5": 0.25302178288751986
        }
    },
    "mechanical": {
        "iou": 0.12844273909131337,
        "coverage": 0.17405014505346655,
        "precision": 0.3289365646934181,
        "recall": 0.17405014505346655,
        "segment_indices": [
            49,
            81,
            25,
            53,
            62,
            33,
            4,
            7,
            5,
            18,
            76,
            77,
            45,
            47
        ],
        "num_segments_used": 14,
        "iou_curve": {
            "0.05": 0.03600751909099493,
            "0.1": 0.050252680931984095,
            "0.15": 0.07991750338262404,
            "0.2": 0.1250523702995186,
            "0.25": 0.14541174340169316,
            "0.3": 0.15225535628310063,
            "0.35": 0.13556416035754879,
            "0.4": 0.10670052838727538,
            "0.45": 0.08247066445900224,
            "0.5": 0.053200730379903916
        }
    }
}