{
    "gears": {
        "iou": 0.1322259259259259,
        "coverage": 0.13554630845982701,
        "precision": 0.8436960888573792,
        "recall": 0.13554630845982701,
        "segment_index": 20
    },
    "springs": {
        "iou": 0.17637403580851108,
        "coverage": 0.1776441234938537,
        "precision": 0.961042524005487,
        "recall": 0.1776441234938537,
        "segment_index": 12
    },
    "watch": {
        "iou": 0.036851627184300705,
        "coverage": 0.036851627184300705,
        "precision": 1.0,
        "recall": 0.036851627184300705,
        "segment_index": 30
    },
    "mechanical": {
        "iou": 0.04778460654009883,
        "coverage": 0.04892576345773829,
        "precision": 0.6719923002887391,
        "recall": 0.04892576345773829,
        "segment_index": 49
    }
}