{
    "spider": {
        "iou": 0.1628567789219961,
        "coverage": 0.16290306772517887,
        "precision": 0.9982582582582583,
        "recall": 0.16290306772517887,
        "segment_index": 2
    },
    "legs": {
        "iou": 0.019737229717787075,
        "coverage": 0.037292663920739176,
        "precision": 0.04024024024024024,
        "recall": 0.037292663920739176,
        "segment_index": 2
    },
    "seven": {
        "iou": 0.0665501519756839,
        "coverage": 0.10651909511067867,
        "precision": 0.15064157693763117,
        "recall": 0.10651909511067867,
        "segment_index": 9
    },
    "web": {
        "iou": 0.9359125852068713,
        "coverage": 0.9960998897217825,
        "precision": 0.9393548077534889,
        "recall": 0.9960998897217825,
        "segment_index": 0
    }
}