{
    "spider": {
        "iou": 0.1628567789219961,
        "coverage": 0.16290306772517887,
        "precision": 0.9982582582582583,
        "recall": 0.16290306772517887,
        "segment_indices": [
            2
        ],
        "num_segments_used": 1,
        "iou_curve": {
            "0.05": 0.015879661729824485,
            "0.1": 0.02724184871529732,
            "0.15": 0.040924777064427646,
            "0.2": 0.06233643705143037,
            "0.25": 0.10715595857923427,
            "0.3": 0.12400849067143337,
            "0.35": 0.1361306199870819,
            "0.4": 0.14633117425274425,
            "0.45": 0.15645663440465776,
            "0.5": 0.16877058177826565
        }
    },
    "legs": {
        "iou": 0.025497548312662245,
        "coverage": 0.049204052098408106,
        "precision": 0.050261541960427564,
        "recall": 0.049204052098408106,
        "segment_indices": [
            2,
            11,
            5
        ],
        "num_segments_used": 3,
        "iou_curve": {
            "0.05": 0.016773223876953125,
            "0.1": 0.02370307407789235,
            "0.15": 0.028226959716630366,
            "0.2": 0.021446808510638297,
            "0.25": 0.0,
            "0.3": 0.0,
            "0.35": 0.0,
            "0.4": 0.0,
            "0.45": 0.0,
            "0.5": 0.0
        }
    },
    "seven": {
        "iou": 0.06836581709145427,
        "coverage": 0.11092191680856239,
        "precision": 0.15124378109452735,
        "recall": 0.11092191680856239,
        "segment_indices": [
            9,
            4
        ],
        "num_segments_used": 2,
        "iou_curve": {
            "0.05": 0.02875360969859732,
            "0.1": 0.03297781167873292,
            "0.15": 0.040765517001840855,
            "0.2": 0.06550367268057884,
            "0.25": 0.083746381489889,
            "0.3": 0.09872399582940271,
            "0.35": 0.05531733938126794,
            "0.4": 0.014216063638696434,
            "0.45": 0.00460316064151054,
            "0.5": 0.0011944426981831899
        }
    },
    "web": {
        "iou": 0.9368723024460593,
        "coverage": 0.9973586320634193,
        "precision": 0.9392026315076798,
        "recall": 0.9973586320634193,
        "segment_indices": [
            0,
            6,
            5,
            11,
            7,
            4
        ],
        "num_segments_used": 6,
        "iou_curve": {
            "0.05": 0.918908050984173,
            "0.1": 0.9584024674110797,
            "0.15": 0.9738113778291233,
            "0.2": 0.9784632094857099,
            "0.25": 0.9768710607410074,
            "0.3": 0.9722849594157442,
            "0.35": 0.9655743165764014,
            "0.4": 0.9552558883396336,
            "0.45": 0.93928075313851,
            "0.5": 0.8954392880495063
        }
    }
}