{
    "room": {
        "iou": 0.6236483613981257,
        "coverage": 0.6824433656957929,
        "precision": 0.878622952527278,
        "recall": 0.6824433656957929,
        "segment_index": 7
    },
    "furniture": {
        "iou": 0.18064136510738452,
        "coverage": 0.18352167565268374,
        "precision": 0.9200622442510518,
        "recall": 0.18352167565268374,
        "segment_index": 0
    },
    "minimalist": {
        "iou": 0.2775386798918528,
        "coverage": 0.27754242433236825,
        "precision": 0.9999513914205858,
        "recall": 0.27754242433236825,
        "segment_index": 3
    }
}