{
    "room": {
        "iou": 0.6822648487925158,
        "coverage": 0.7611448220064725,
        "precision": 0.8681338962327266,
        "recall": 0.7611448220064725,
        "segment_indices": [
            7,
            15,
            19,
            24,
            21
        ],
        "num_segments_used": 5,
        "iou_curve": {
            "0.05": 0.08268359747182412,
            "0.1": 0.08538841119286115,
            "0.15": 0.12055383511488171,
            "0.2": 0.3588602849287678,
            "0.25": 0.5234198315226434,
            "0.3": 0.6393481174893587,
            "0.35": 0.6839417312612165,
            "0.4": 0.5401463008784536,
            "0.45": 0.3360409517916409,
            "0.5": 0.13822171826501278
        }
    },
    "furniture": {
        "iou": 0.4635285291815256,
        "coverage": 0.49011346523043675,
        "precision": 0.8952385952018479,
        "recall": 0.49011346523043675,
        "segment_indices": [
            0,
            5,
            2,
            25,
            20,
            26,
            14,
            24,
            15,
            19,
            22,
            36,
            17,
            31,
            32,
            27,
            37,
            28,
            10
        ],
        "num_segments_used": 19,
        "iou_curve": {
            "0.05": 0.09083271026611328,
            "0.1": 0.09340657185279332,
            "0.15": 0.15038122259641876,
            "0.2": 0.21157840717480023,
            "0.25": 0.25817630202114494,
            "0.3": 0.29927785724231337,
            "0.35": 0.3461074957821162,
            "0.4": 0.4121746602446691,
            "0.45": 0.4603330854541272,
            "0.5": 0.4559162120226238
        }
    },
    "minimalist": {
        "iou": 0.4564361769888957,
        "coverage": 0.4640610791660033,
        "precision": 0.9652527746986769,
        "recall": 0.4640610791660033,
        "segment_indices": [
            3,
            6,
            13,
            4,
            9,
            1,
            30,
            12,
            29,
            34,
            23,
            33,
            35,
            38,
            11,
            21
        ],
        "num_segments_used": 16,
        "iou_curve": {
            "0.05": 0.3398544946799379,
            "0.1": 0.3617062972281961,
            "0.15": 0.3822786333012512,
            "0.2": 0.4093388479290295,
            "0.25": 0.42279096351255085,
            "0.3": 0.43334065128098836,
            "0.35": 0.444061720816376,
            "0.4": 0.4522717853240498,
            "0.45": 0.45724104442372493,
            "0.5": 0.4582733302444787
        }
    }
}