{
    "scale": {
        "iou": 0.6162309916144759,
        "coverage": 0.8631260694183138,
        "precision": 0.6829720300070147,
        "recall": 0.8631260694183138,
        "segment_indices": [
            3,
            4,
            19,
            11,
            5,
            8,
            25,
            12,
            24,
            6,
            16,
            23
        ],
        "num_segments_used": 12,
        "iou_curve": {
            "0.05": 0.31133365631103516,
            "0.1": 0.3120535445444613,
            "0.15": 0.3759067858672673,
            "0.2": 0.5616334171883227,
            "0.25": 0.6469018548138729,
            "0.3": 0.6976383120229386,
            "0.35": 0.6673561623885843,
            "0.4": 0.6350662643395499,
            "0.45": 0.6112634912139863,
            "0.5": 0.5605248188860881
        }
    },
    "internal": {
        "iou": 0.16098210253606826,
        "coverage": 0.24080921567233166,
        "precision": 0.32688223938223937,
        "recall": 0.24080921567233166,
        "segment_indices": [
            19,
            5,
            24
        ],
        "num_segments_used": 3,
        "iou_curve": {
            "0.05": 0.0197601318359375,
            "0.1": 0.02124402639918879,
            "0.15": 0.03271516956372873,
            "0.2": 0.09598457630486501,
            "0.25": 0.18695005129242462,
            "0.3": 0.16098210253606826,
            "0.35": 0.06863086127730625,
            "0.4": 0.02683371096006042,
            "0.45": 0.011589170928541266,
            "0.5": 0.003144354454502144
        }
    },
    "surreal": {
        "iou": 0.8767497196381153,
        "coverage": 0.9022727578510531,
        "precision": 0.9687443822388865,
        "recall": 0.9022727578510531,
        "segment_indices": [
            10,
            9,
            1,
            14,
            23,
            0,
            15,
            21
        ],
        "num_segments_used": 8,
        "iou_curve": {
            "0.05": 0.5941627057091194,
            "0.1": 0.6070902646277153,
            "0.15": 0.6696952999392908,
            "0.2": 0.726977693825808,
            "0.25": 0.7556924117928998,
            "0.3": 0.7786385538961211,
            "0.35": 0.8095668073173671,
            "0.4": 0.8511806799607257,
            "0.45": 0.8829119721870864,
            "0.5": 0.9052079021115695
        }
    }
}