{
    "scale": {
        "iou": 0.3460595419493066,
        "coverage": 0.3464024961481585,
        "precision": 0.9971472508859123,
        "recall": 0.3464024961481585,
        "segment_index": 3
    },
    "internal": {
        "iou": 0.09510310047447107,
        "coverage": 0.11331152670127284,
        "precision": 0.37179188054129725,
        "recall": 0.11331152670127284,
        "segment_index": 19
    },
    "surreal": {
        "iou": 0.7539568708501111,
        "coverage": 0.7591292271307759,
        "precision": 0.9910438964222426,
        "recall": 0.7591292271307759,
        "segment_index": 10
    }
}