{
    "dog": {
        "iou": 0.7984860012937868,
        "coverage": 0.8584852115784827,
        "precision": 0.9195168269137985,
        "recall": 0.8584852115784827,
        "segment_indices": [
            0,
            2,
            3,
            5
        ],
        "num_segments_used": 4,
        "iou_curve": {
            "0.05": 0.4941539764404297,
            "0.1": 0.4950689732266553,
            "0.15": 0.510034677688456,
            "0.2": 0.5569914434363847,
            "0.25": 0.5884155211288093,
            "0.3": 0.621531646225205,
            "0.35": 0.6980018732010208,
            "0.4": 0.7855055811422006,
            "0.45": 0.7991297146024939,
            "0.5": 0.7819054313955667
        }
    },
    "human": {
        "iou": 0.5482652191144151,
        "coverage": 0.6118624031994767,
        "precision": 0.8406325496435095,
        "recall": 0.6118624031994767,
        "segment_indices": [
            1,
            7,
            8,
            3,
            9
        ],
        "num_segments_used": 5,
        "iou_curve": {
            "0.05": 0.25857499153540586,
            "0.1": 0.3387620731733863,
            "0.15": 0.4060741231203499,
            "0.2": 0.417549909619066,
            "0.25": 0.421900472635112,
            "0.3": 0.4344416421540949,
            "0.35": 0.4681386304143921,
            "0.4": 0.5162522084805654,
            "0.45": 0.5517626806323344,
            "0.5": 0.5935577777046808
        }
    },
    "face": {
        "iou": 0.1327286475315886,
        "coverage": 0.5212151340893212,
        "precision": 0.1511584410726393,
        "recall": 0.5212151340893212,
        "segment_indices": [
            2,
            0,
            9,
            4
        ],
        "num_segments_used": 4,
        "iou_curve": {
            "0.05": 0.4894981384277344,
            "0.1": 0.5107204906374604,
            "0.15": 0.2784313258322562,
            "0.2": 0.025771835039433026,
            "0.25": 0.004747754937587652,
            "0.3": 0.0005858698317911267,
            "0.35": 0.0,
            "0.4": 0.0,
            "0.45": 0.0,
            "0.5": 0.0
        }
    }
}