{
    "dog": {
        "iou": 0.764232110199191,
        "coverage": 0.764232110199191,
        "precision": 1.0,
        "recall": 0.764232110199191,
        "segment_index": 0
    },
    "human": {
        "iou": 0.5110802987771119,
        "coverage": 0.5641677902541408,
        "precision": 0.8445108739266511,
        "recall": 0.5641677902541408,
        "segment_index": 1
    },
    "face": {
        "iou": 0.12224119125527576,
        "coverage": 0.17316735637125813,
        "precision": 0.29361779681288513,
        "recall": 0.17316735637125813,
        "segment_index": 2
    }
}