{
    "movement": {
        "iou": 0.0407927820194401,
        "coverage": 0.04642894534794444,
        "precision": 0.2515183740990193,
        "recall": 0.04642894534794444,
        "segment_index": 20
    },
    "brass": {
        "iou": 0.06121499507918046,
        "coverage": 0.06121499507918046,
        "precision": 1.0,
        "recall": 0.06121499507918046,
        "segment_index": 0
    },
    "jewels": {
        "iou": 0.17439414186651256,
        "coverage": 0.1747618056623748,
        "precision": 0.9880803171761094,
        "recall": 0.1747618056623748,
        "segment_index": 21
    }
}