{
    "movement": {
        "iou": 0.20046745649085732,
        "coverage": 0.24993892650240804,
        "precision": 0.5031792313637322,
        "recall": 0.24993892650240804,
        "segment_indices": [
            20,
            19,
            51,
            82,
            32,
            35,
            6,
            34,
            11,
            10,
            4,
            73,
            42,
            8,
            72,
            67,
            60,
            58,
            47,
            80,
            52,
            75,
            46,
            13,
            45,
            68,
            79
        ],
        "num_segments_used": 27,
        "iou_curve": {
            "0.05": 0.10860315458857485,
            "0.1": 0.11821523557829886,
            "0.15": 0.1501284001955263,
            "0.2": 0.21287343350337207,
            "0.25": 0.23294773852426418,
            "0.3": 0.23733791543605,
            "0.35": 0.22985028053279816,
            "0.4": 0.20935166728605697,
            "0.45": 0.18580125150527863,
            "0.5": 0.1513451469493506
        }
    },
    "brass": {
        "iou": 0.29685045689585987,
        "coverage": 0.3088604574871015,
        "precision": 0.8841799709724238,
        "recall": 0.3088604574871015,
        "segment_indices": [
            0,
            30,
            26,
            9,
            27,
            2,
            15,
            10,
            79,
            43,
            55,
            19,
            71,
            40
        ],
        "num_segments_used": 14,
        "iou_curve": {
            "0.05": 0.11170387268066406,
            "0.1": 0.11179129491980958,
            "0.15": 0.18626307810514026,
            "0.2": 0.23439466841754394,
            "0.25": 0.2659383303923904,
            "0.3": 0.283176386998639,
            "0.35": 0.2946357596526816,
            "0.4": 0.2980716069756652,
            "0.45": 0.29705852912156266,
            "0.5": 0.29395306912032404
        }
    },
    "jewels": {
        "iou": 0.5934664587364067,
        "coverage": 0.6439051203865399,
        "precision": 0.8833989702911301,
        "recall": 0.6439051203865399,
        "segment_indices": [
            21,
            59,
            54,
            23,
            12,
            20,
            81,
            61,
            62,
            33,
            49,
            64,
            38,
            39,
            25,
            7,
            18,
            80,
            13,
            53,
            77,
            76,
            11,
            74,
            36,
            4,
            69,
            3,
            66,
            68,
            63,
            1
        ],
        "num_segments_used": 32,
        "iou_curve": {
            "0.05": 0.30737955528251076,
            "0.1": 0.3886180962465604,
            "0.15": 0.5059997856093423,
            "0.2": 0.571472591021385,
            "0.25": 0.5886211303236575,
            "0.3": 0.5981012536717415,
            "0.35": 0.6001364539764469,
            "0.4": 0.5972169858424141,
            "0.45": 0.5921337067972108,
            "0.5": 0.5825774318039384
        }
    }
}