{
    "time": {
        "iou": 0.6919985145309763,
        "coverage": 0.9615098337374596,
        "precision": 0.7117139650906534,
        "recall": 0.9615098337374596,
        "segment_index": 0
    },
    "structure": {
        "iou": 0.003203687834030308,
        "coverage": 0.008692084296048841,
        "precision": 0.0050481321741952054,
        "recall": 0.008692084296048841,
        "segment_index": 0
    },
    "error": {
        "iou": 0.20039311993426212,
        "coverage": 0.7168992990407046,
        "precision": 0.21761387450481998,
        "recall": 0.7168992990407046,
        "segment_index": 0
    }
}