{
    "time": {
        "iou": 0.6919985145309763,
        "coverage": 0.9615098337374596,
        "precision": 0.7117139650906534,
        "recall": 0.9615098337374596,
        "segment_indices": [
            0
        ],
        "num_segments_used": 1,
        "iou_curve": {
            "0.05": 0.5642375946044922,
            "0.1": 0.5819325020002422,
            "0.15": 0.759058886933832,
            "0.2": 0.8356300820915846,
            "0.25": 0.8034626437009844,
            "0.3": 0.7680752261515142,
            "0.35": 0.7323408762889114,
            "0.4": 0.6919985145309763,
            "0.45": 0.6500909250505967,
            "0.5": 0.5925413557924809
        }
    },
    "structure": {
        "iou": 0.003203687834030308,
        "coverage": 0.008692084296048841,
        "precision": 0.0050481321741952054,
        "recall": 0.008692084296048841,
        "segment_indices": [
            0
        ],
        "num_segments_used": 1,
        "iou_curve": {
            "0.05": 0.5642929077148438,
            "0.1": 0.5637979507446289,
            "0.15": 0.444071549963092,
            "0.2": 0.18307431871489563,
            "0.25": 0.07437003496456655,
            "0.3": 0.03470588121929739,
            "0.35": 0.015818137883603783,
            "0.4": 0.007289666022421352,
            "0.45": 0.0036585881209457603,
            "0.5": 0.0014484229948682466
        }
    },
    "error": {
        "iou": 0.20039311993426212,
        "coverage": 0.7168992990407046,
        "precision": 0.21761387450481998,
        "recall": 0.7168992990407046,
        "segment_indices": [
            0
        ],
        "num_segments_used": 1,
        "iou_curve": {
            "0.05": 0.5642929077148438,
            "0.1": 0.5315465998950921,
            "0.15": 0.4286214715965857,
            "0.2": 0.3165066796353536,
            "0.25": 0.2751713508467857,
            "0.3": 0.2476244539027222,
            "0.35": 0.23222994679489548,
            "0.4": 0.21195594684365301,
            "0.45": 0.18728037780612816,
            "0.5": 0.1514871893598165
        }
    }
}