{
    "splash": {
        "iou": 0.02499340123237674,
        "coverage": 0.025124432733128386,
        "precision": 0.8273576378427238,
        "recall": 0.025124432733128386,
        "segment_index": 4
    },
    "water": {
        "iou": 0.5071341170889999,
        "coverage": 0.508213458079223,
        "precision": 0.9958296286887676,
        "recall": 0.508213458079223,
        "segment_index": 0
    },
    "milk": {
        "iou": 0.017397493557147328,
        "coverage": 0.017419669590671247,
        "precision": 0.9318152744019444,
        "recall": 0.017419669590671247,
        "segment_index": 2
    },
    "strawberry": {
        "iou": 0.09274439122347868,
        "coverage": 0.09274439122347868,
        "precision": 1.0,
        "recall": 0.09274439122347868,
        "segment_index": 5
    }
}