{
    "splash": {
        "iou": 0.04873093813755662,
        "coverage": 0.051575537988581464,
        "precision": 0.4690854622617958,
        "recall": 0.051575537988581464,
        "segment_indices": [
            4,
            2,
            6
        ],
        "num_segments_used": 3,
        "iou_curve": {
            "0.05": 0.011460304260253906,
            "0.1": 0.01569739569794433,
            "0.15": 0.026322553768563618,
            "0.2": 0.03843318292527589,
            "0.25": 0.04235899974074336,
            "0.3": 0.04984092363433165,
            "0.35": 0.0584898185563743,
            "0.4": 0.05873078439101301,
            "0.45": 0.05370418507928256,
            "0.5": 0.008189193326190112
        }
    },
    "water": {
        "iou": 0.5183512868477069,
        "coverage": 0.5209077208126489,
        "precision": 0.9906209872104371,
        "recall": 0.5209077208126489,
        "segment_indices": [
            0,
            7,
            1,
            3
        ],
        "num_segments_used": 4,
        "iou_curve": {
            "0.05": 0.0928354263305664,
            "0.1": 0.1067270552454629,
            "0.15": 0.11412596824473803,
            "0.2": 0.12974472231070758,
            "0.25": 0.1566971974952916,
            "0.3": 0.19071287373120935,
            "0.35": 0.25506021949455454,
            "0.4": 0.3614040833339536,
            "0.45": 0.48638726053060977,
            "0.5": 0.6686047324211379
        }
    },
    "milk": {
        "iou": 0.020992181880358007,
        "coverage": 0.021286721447908396,
        "precision": 0.6027221018418202,
        "recall": 0.021286721447908396,
        "segment_indices": [
            2,
            4,
            6,
            7
        ],
        "num_segments_used": 4,
        "iou_curve": {
            "0.05": 0.014089183155564884,
            "0.1": 0.015714817770683693,
            "0.15": 0.016678449735250955,
            "0.2": 0.017291831000250817,
            "0.25": 0.01807780503626506,
            "0.3": 0.018923618744115744,
            "0.35": 0.01951631066354377,
            "0.4": 0.020533028687262315,
            "0.45": 0.021814105648549624,
            "0.5": 0.025668148622327698
        }
    },
    "strawberry": {
        "iou": 0.09274439122347868,
        "coverage": 0.09274439122347868,
        "precision": 1.0,
        "recall": 0.09274439122347868,
        "segment_indices": [
            5
        ],
        "num_segments_used": 1,
        "iou_curve": {
            "0.05": 0.010751887949088584,
            "0.1": 0.017466389328902543,
            "0.15": 0.03382306595632926,
            "0.2": 0.05361747885085691,
            "0.25": 0.06550182805261537,
            "0.3": 0.07399066334871933,
            "0.35": 0.08074431801897337,
            "0.4": 0.08637499425137583,
            "0.45": 0.0903630881739744,
            "0.5": 0.0940517622707963
        }
    }
}