{
    "insect": {
        "iou": 0.061792122324809975,
        "coverage": 0.061792122324809975,
        "precision": 1.0,
        "recall": 0.061792122324809975,
        "segment_index": 17
    },
    "segmented": {
        "iou": 0.18775190326914465,
        "coverage": 0.2640077208449123,
        "precision": 0.3939474409911244,
        "recall": 0.2640077208449123,
        "segment_index": 1
    },
    "arthropod": {
        "iou": 0.5390192080019086,
        "coverage": 0.8197514214026789,
        "precision": 0.6114938361131255,
        "recall": 0.8197514214026789,
        "segment_index": 1
    }
}