{
    "insect": {
        "iou": 0.22146980296227795,
        "coverage": 0.2633814934057065,
        "precision": 0.5818979875766661,
        "recall": 0.2633814934057065,
        "segment_indices": [
            17,
            10,
            20,
            6,
            16,
            22,
            2,
            18,
            9,
            15,
            12,
            13,
            14,
            19,
            21
        ],
        "num_segments_used": 15,
        "iou_curve": {
            "0.05": 0.048668861389160156,
            "0.1": 0.04886519342412552,
            "0.15": 0.07274083210234199,
            "0.2": 0.15089659953988213,
            "0.25": 0.18380184945971992,
            "0.3": 0.20396188491761225,
            "0.35": 0.2181676081672059,
            "0.4": 0.2260116362685494,
            "0.45": 0.22588789167508214,
            "0.5": 0.21651139151502183
        }
    },
    "segmented": {
        "iou": 0.30039303563058667,
        "coverage": 0.435378992183329,
        "precision": 0.4920963103220853,
        "recall": 0.435378992183329,
        "segment_indices": [
            1,
            0,
            2,
            4,
            7,
            11,
            21,
            5
        ],
        "num_segments_used": 8,
        "iou_curve": {
            "0.05": 0.4933902838651929,
            "0.1": 0.5244717906994483,
            "0.15": 0.5282121752900186,
            "0.2": 0.5176827548915758,
            "0.25": 0.494545540645839,
            "0.3": 0.45644254157632325,
            "0.35": 0.37381071607411115,
            "0.4": 0.2518358083291643,
            "0.45": 0.16098957213502474,
            "0.5": 0.07452796119291417
        }
    },
    "arthropod": {
        "iou": 0.5396321431464497,
        "coverage": 0.8209015509634047,
        "precision": 0.6116427350863323,
        "recall": 0.8209015509634047,
        "segment_indices": [
            1,
            5,
            19
        ],
        "num_segments_used": 3,
        "iou_curve": {
            "0.05": 0.37392616271972656,
            "0.1": 0.386724964566568,
            "0.15": 0.40660624972130016,
            "0.2": 0.457293346809489,
            "0.25": 0.5148323324512896,
            "0.3": 0.5754902137313863,
            "0.35": 0.6333404174383281,
            "0.4": 0.6092019748998254,
            "0.45": 0.46578794023727943,
            "0.5": 0.23990541566805731
        }
    }
}