{
    "gravity": {
        "iou": 0.49931622637700906,
        "coverage": 0.5509881334885094,
        "precision": 0.8418800146344368,
        "recall": 0.5509881334885094,
        "segment_indices": [
            1,
            27
        ],
        "num_segments_used": 2,
        "iou_curve": {
            "0.05": 0.22422412682968706,
            "0.1": 0.2772307354819535,
            "0.15": 0.3527282829875581,
            "0.2": 0.44922074345676777,
            "0.25": 0.5089061287820016,
            "0.3": 0.5246148643132864,
            "0.35": 0.5283128985269575,
            "0.4": 0.517696771063341,
            "0.45": 0.4924451628267556,
            "0.5": 0.43692992271597403
        }
    },
    "sky": {
        "iou": 0.8327977938608346,
        "coverage": 0.8751669605598066,
        "precision": 0.9450611752541789,
        "recall": 0.8751669605598066,
        "segment_indices": [
            0,
            29,
            6,
            2,
            3,
            21,
            11,
            16,
            20,
            8,
            18,
            28,
            24,
            10,
            4
        ],
        "num_segments_used": 15,
        "iou_curve": {
            "0.05": 0.5532702791649377,
            "0.1": 0.6470786145103528,
            "0.15": 0.7392377602628944,
            "0.2": 0.78542535692415,
            "0.25": 0.8027684690524306,
            "0.3": 0.8104577132413489,
            "0.35": 0.8174820938083462,
            "0.4": 0.823335647498486,
            "0.45": 0.8281893666564342,
            "0.5": 0.8338339834160295
        }
    },
    "logic": {
        "iou": 0.3027310117688042,
        "coverage": 0.8394160583941606,
        "precision": 0.3213410816557207,
        "recall": 0.8394160583941606,
        "segment_indices": [
            1,
            14,
            33,
            27
        ],
        "num_segments_used": 4,
        "iou_curve": {
            "0.05": 0.22696208953857422,
            "0.1": 0.3385880081531133,
            "0.15": 0.4793166464218896,
            "0.2": 0.5063243376261176,
            "0.25": 0.3559885587620306,
            "0.3": 0.2685526607427109,
            "0.35": 0.18801332953433347,
            "0.4": 0.10583149742973497,
            "0.45": 0.043505772413937605,
            "0.5": 0.003178935875362197
        }
    }
}