{
    "gravity": {
        "iou": 0.4980067115787349,
        "coverage": 0.5495431031122446,
        "precision": 0.841530124540063,
        "recall": 0.5495431031122446,
        "segment_index": 1
    },
    "sky": {
        "iou": 0.726812178763224,
        "coverage": 0.7548340767100991,
        "precision": 0.9514052452566812,
        "recall": 0.7548340767100991,
        "segment_index": 0
    },
    "logic": {
        "iou": 0.29619398648272127,
        "coverage": 0.8167938093408704,
        "precision": 0.3172723125397049,
        "recall": 0.8167938093408704,
        "segment_index": 1
    }
}