{
    "human": {
        "iou": 0.3039414678374473,
        "coverage": 0.30920639745506334,
        "precision": 0.9469504855148062,
        "recall": 0.30920639745506334,
        "segment_index": 1
    },
    "face": {
        "iou": 0.7370799100007127,
        "coverage": 0.8438785810365045,
        "precision": 0.853460491105636,
        "recall": 0.8438785810365045,
        "segment_index": 0
    }
}