{
    "human": {
        "iou": 0.4897908865362982,
        "coverage": 0.6662954427238579,
        "precision": 0.6489916295618505,
        "recall": 0.6662954427238579,
        "segment_indices": [
            1,
            2,
            0,
            7,
            3,
            9,
            8,
            4
        ],
        "num_segments_used": 8,
        "iou_curve": {
            "0.05": 0.7472906112670898,
            "0.1": 0.7472906112670898,
            "0.15": 0.7472906112670898,
            "0.2": 0.7328824867960013,
            "0.25": 0.7002047842798961,
            "0.3": 0.6656994381029453,
            "0.35": 0.6108716656245122,
            "0.4": 0.543054429635663,
            "0.45": 0.4769791439757724,
            "0.5": 0.3999153081079405
        }
    },
    "face": {
        "iou": 0.7435733268905532,
        "coverage": 0.860959387916384,
        "precision": 0.8450497326313333,
        "recall": 0.860959387916384,
        "segment_indices": [
            0,
            4,
            5
        ],
        "num_segments_used": 3,
        "iou_curve": {
            "0.05": 0.4167909622192383,
            "0.1": 0.41695160717897445,
            "0.15": 0.43865597748234525,
            "0.2": 0.5255202896297448,
            "0.25": 0.6408219341735858,
            "0.3": 0.7128681715196777,
            "0.35": 0.7517414624210741,
            "0.4": 0.7136135287672366,
            "0.45": 0.6233165503510784,
            "0.5": 0.46386254494558266
        }
    }
}