{
    "num_segments": 12,
    "image_size": [
        1024,
        1024
    ],
    "overall_coverage_percent": 74.7645378112793,
    "concept_collisions": {
        "human_vs_face": 0.556996950111166
    }
}