{
    "dog": {
        "iou": 0.8978676336338122,
        "coverage": 0.9002107279693486,
        "precision": 0.9971094790696577,
        "recall": 0.9002107279693486,
        "segment_index": 0
    },
    "human": {
        "iou": 0.07671231784064896,
        "coverage": 0.9266753384400443,
        "precision": 0.07718080410881951,
        "recall": 0.9266753384400443,
        "segment_index": 1
    },
    "face": {
        "iou": 0.049083507022225685,
        "coverage": 0.6279405901116427,
        "precision": 0.05055372763020624,
        "recall": 0.6279405901116427,
        "segment_index": 1
    },
    "sofa": {
        "iou": 0.32681793398481734,
        "coverage": 0.3596479730016634,
        "precision": 0.7816708129363614,
        "recall": 0.3596479730016634,
        "segment_index": 1
    }
}