{
    "dog": {
        "iou": 0.8986573989546225,
        "coverage": 0.9010025542784164,
        "precision": 0.9971120120042307,
        "recall": 0.9010025542784164,
        "segment_indices": [
            0,
            5
        ],
        "num_segments_used": 2,
        "iou_curve": {
            "0.05": 0.4049567777224502,
            "0.1": 0.5559593594317235,
            "0.15": 0.6867994323450074,
            "0.2": 0.8214193758215549,
            "0.25": 0.855707432794994,
            "0.3": 0.8710231310513106,
            "0.35": 0.8813682996039789,
            "0.4": 0.8894950962281262,
            "0.45": 0.8964169574201416,
            "0.5": 0.9033951091971701
        }
    },
    "human": {
        "iou": 0.07671231784064896,
        "coverage": 0.9266753384400443,
        "precision": 0.07718080410881951,
        "recall": 0.9266753384400443,
        "segment_indices": [
            1
        ],
        "num_segments_used": 1,
        "iou_curve": {
            "0.05": 0.23767519665514583,
            "0.1": 0.4099484022244096,
            "0.15": 0.3830910251466972,
            "0.2": 0.23588198454159412,
            "0.25": 0.13840596606739886,
            "0.3": 0.0723986957059671,
            "0.35": 0.03367238159360698,
            "0.4": 0.012933662826149748,
            "0.45": 0.00401245465926235,
            "0.5": 0.001115480298531418
        }
    },
    "face": {
        "iou": 0.05073436317804553,
        "coverage": 0.6650717703349283,
        "precision": 0.05206459693246507,
        "recall": 0.6650717703349283,
        "segment_indices": [
            1,
            6
        ],
        "num_segments_used": 2,
        "iou_curve": {
            "0.05": 0.24442386627197266,
            "0.1": 0.24115597749349,
            "0.15": 0.1328615945254832,
            "0.2": 0.039438936916920686,
            "0.25": 0.015267264696153023,
            "0.3": 0.004806304373268833,
            "0.35": 0.0004994205940764035,
            "0.4": 0.0,
            "0.45": 0.0,
            "0.5": 0.0
        }
    },
    "sofa": {
        "iou": 0.49947915626643236,
        "coverage": 0.5541471357652267,
        "precision": 0.8350656287731676,
        "recall": 0.5541471357652267,
        "segment_indices": [
            1,
            2,
            7,
            3,
            9,
            8,
            4
        ],
        "num_segments_used": 7,
        "iou_curve": {
            "0.05": 0.34204854582072597,
            "0.1": 0.4858915368747568,
            "0.15": 0.5262554146170442,
            "0.2": 0.5431401943721509,
            "0.25": 0.5453166947987967,
            "0.3": 0.5410759756560056,
            "0.35": 0.535456562373287,
            "0.4": 0.526505174969559,
            "0.45": 0.5136461640859319,
            "0.5": 0.4902432112553968
        }
    }
}