{
    "car": {
        "iou": 0.6421074045699099,
        "coverage": 0.7992371182897657,
        "precision": 0.7655920193632625,
        "recall": 0.7992371182897657,
        "segment_indices": [
            2,
            22,
            23,
            12,
            10,
            14,
            8,
            16
        ],
        "num_segments_used": 8,
        "iou_curve": {
            "0.05": 0.18479375224711012,
            "0.1": 0.20929613321383575,
            "0.15": 0.3115281510083749,
            "0.2": 0.6575478630688454,
            "0.25": 0.6939430561006602,
            "0.3": 0.6915734340339703,
            "0.35": 0.682176894395544,
            "0.4": 0.6661248539645451,
            "0.45": 0.6456228593120465,
            "0.5": 0.6152120250374681
        }
    },
    "liquid": {
        "iou": 0.040277088544778766,
        "coverage": 0.6699797843665768,
        "precision": 0.04109235188361472,
        "recall": 0.6699797843665768,
        "segment_indices": [
            2
        ],
        "num_segments_used": 1,
        "iou_curve": {
            "0.05": 0.18459701538085938,
            "0.1": 0.18230571081918928,
            "0.15": 0.1382236419627708,
            "0.2": 0.10526523617352297,
            "0.25": 0.06884953856937036,
            "0.3": 0.035983518998931784,
            "0.35": 0.015625967592114768,
            "0.4": 0.0055108797264702995,
            "0.45": 0.0018856812217147817,
            "0.5": 0.0006199499907007501
        }
    },
    "water": {
        "iou": 0.9123260954362241,
        "coverage": 0.9882916485804392,
        "precision": 0.9222946086948209,
        "recall": 0.9882916485804392,
        "segment_indices": [
            0,
            1,
            4,
            5,
            9
        ],
        "num_segments_used": 5,
        "iou_curve": {
            "0.05": 0.7981576552600402,
            "0.1": 0.8884950656579389,
            "0.15": 0.9712426029949365,
            "0.2": 0.969714738080266,
            "0.25": 0.9635834009048087,
            "0.3": 0.9558968340366446,
            "0.35": 0.9452542114643483,
            "0.4": 0.9299924026792666,
            "0.45": 0.9051892313694889,
            "0.5": 0.8498159863828739
        }
    },
    "flowing": {
        "iou": 0.27115806630566586,
        "coverage": 0.8450322817539243,
        "precision": 0.28534748196978776,
        "recall": 0.8450322817539243,
        "segment_indices": [
            2
        ],
        "num_segments_used": 1,
        "iou_curve": {
            "0.05": 0.18459701538085938,
            "0.1": 0.18587169970760092,
            "0.15": 0.19620549575657215,
            "0.2": 0.3101291824530972,
            "0.25": 0.32882165943016245,
            "0.3": 0.29400558196245036,
            "0.35": 0.23008134163486643,
            "0.4": 0.16654211921750078,
            "0.45": 0.11043986579667785,
            "0.5": 0.05175989846144321
        }
    }
}