{
    "car": {
        "iou": 0.6412200854423394,
        "coverage": 0.7981326638363899,
        "precision": 0.7653437622698436,
        "recall": 0.7981326638363899,
        "segment_index": 2
    },
    "liquid": {
        "iou": 0.040277088544778766,
        "coverage": 0.6699797843665768,
        "precision": 0.04109235188361472,
        "recall": 0.6699797843665768,
        "segment_index": 2
    },
    "water": {
        "iou": 0.47940632241342,
        "coverage": 0.504913691882389,
        "precision": 0.9046689348698383,
        "recall": 0.504913691882389,
        "segment_index": 0
    },
    "flowing": {
        "iou": 0.27115806630566586,
        "coverage": 0.8450322817539243,
        "precision": 0.28534748196978776,
        "recall": 0.8450322817539243,
        "segment_index": 2
    }
}