{
    "landscape": {
        "iou": 0.2166427388183324,
        "coverage": 0.3823156827970611,
        "precision": 0.3333050156313715,
        "recall": 0.3823156827970611,
        "segment_index": 1
    },
    "inside": {
        "iou": 0.050887289969423766,
        "coverage": 0.9170146137787056,
        "precision": 0.05112271280000665,
        "recall": 0.9170146137787056,
        "segment_index": 0
    },
    "coffee": {
        "iou": 0.6802789708386013,
        "coverage": 0.9665000097270587,
        "precision": 0.6967067897627673,
        "recall": 0.9665000097270587,
        "segment_index": 4
    },
    "cup": {
        "iou": 0.7998369599297673,
        "coverage": 0.8030959919407066,
        "precision": 0.9949519712942121,
        "recall": 0.8030959919407066,
        "segment_index": 3
    },
    "mountain": {
        "iou": 0.7326294817464011,
        "coverage": 0.8177892336381816,
        "precision": 0.8755513400001561,
        "recall": 0.8177892336381816,
        "segment_index": 10
    }
}