{
    "landscape": {
        "iou": 0.2727531477278685,
        "coverage": 0.7096918789343416,
        "precision": 0.30700682050028244,
        "recall": 0.7096918789343416,
        "segment_indices": [
            1,
            9,
            19,
            14
        ],
        "num_segments_used": 4,
        "iou_curve": {
            "0.05": 0.11310683546718166,
            "0.1": 0.1276876929572985,
            "0.15": 0.17267474722100107,
            "0.2": 0.26727456425539603,
            "0.25": 0.3511413393006599,
            "0.3": 0.36118988268118096,
            "0.35": 0.32333095730766304,
            "0.4": 0.23052440950949793,
            "0.45": 0.13529761140362143,
            "0.5": 0.06190696216109177
        }
    },
    "inside": {
        "iou": 0.050887289969423766,
        "coverage": 0.9170146137787056,
        "precision": 0.05112271280000665,
        "recall": 0.9170146137787056,
        "segment_indices": [
            0
        ],
        "num_segments_used": 1,
        "iou_curve": {
            "0.05": 0.4588661193847656,
            "0.1": 0.6863571705294537,
            "0.15": 0.6653540872075043,
            "0.2": 0.26592314496634994,
            "0.25": 0.04234531733625946,
            "0.3": 0.011851338077744944,
            "0.35": 0.004365913870348358,
            "0.4": 0.0015795161692576274,
            "0.45": 0.00021614611477358694,
            "0.5": 0.0
        }
    },
    "coffee": {
        "iou": 0.6936843594670707,
        "coverage": 0.9855455907242768,
        "precision": 0.7008143427617564,
        "recall": 0.9855455907242768,
        "segment_indices": [
            4,
            11,
            12,
            24,
            16
        ],
        "num_segments_used": 5,
        "iou_curve": {
            "0.05": 0.2068157196044922,
            "0.1": 0.47719541596486015,
            "0.15": 0.754674720636665,
            "0.2": 0.8496190058326524,
            "0.25": 0.8404779711721512,
            "0.3": 0.8046337101756205,
            "0.35": 0.757331954963256,
            "0.4": 0.7099912226047489,
            "0.45": 0.6692639978744944,
            "0.5": 0.6194043225904293
        }
    },
    "cup": {
        "iou": 0.8085973539712824,
        "coverage": 0.8119648125494711,
        "precision": 0.9948971719531818,
        "recall": 0.8119648125494711,
        "segment_indices": [
            3,
            8,
            25
        ],
        "num_segments_used": 3,
        "iou_curve": {
            "0.05": 0.08654645001597695,
            "0.1": 0.10621294329043096,
            "0.15": 0.162062332215814,
            "0.2": 0.30539930047095337,
            "0.25": 0.6062725224472332,
            "0.3": 0.6871010295522433,
            "0.35": 0.7344984186197389,
            "0.4": 0.7690150420667969,
            "0.45": 0.794010682033803,
            "0.5": 0.8175604007071302
        }
    },
    "mountain": {
        "iou": 0.8127429205996669,
        "coverage": 0.9178805605026805,
        "precision": 0.8764741207495278,
        "recall": 0.9178805605026805,
        "segment_indices": [
            10,
            7,
            5,
            15,
            0
        ],
        "num_segments_used": 5,
        "iou_curve": {
            "0.05": 0.5478811264038086,
            "0.1": 0.6453248127700594,
            "0.15": 0.7313281324629836,
            "0.2": 0.7932974109607044,
            "0.25": 0.8364855781875566,
            "0.3": 0.8623421425863468,
            "0.35": 0.8782680574812113,
            "0.4": 0.8652573167400406,
            "0.45": 0.8031525845083057,
            "0.5": 0.6445513809470664
        }
    }
}