{
    "liquid": {
        "iou": 0.14579422022154281,
        "coverage": 0.14989243303522068,
        "precision": 0.8420828452773933,
        "recall": 0.14989243303522068,
        "segment_indices": [
            0,
            15,
            14,
            2,
            6,
            12,
            11,
            9,
            13,
            10
        ],
        "num_segments_used": 10,
        "iou_curve": {
            "0.05": 0.10747146606445312,
            "0.1": 0.10749299385901488,
            "0.15": 0.10780465357456176,
            "0.2": 0.10994786382292254,
            "0.25": 0.11697137396236079,
            "0.3": 0.12596153737717528,
            "0.35": 0.1360712211538939,
            "0.4": 0.14388654456627586,
            "0.45": 0.1465328993138085,
            "0.5": 0.1398971379110206
        }
    },
    "sticky": {
        "iou": 0.11713009042586985,
        "coverage": 0.1889648103860608,
        "precision": 0.2355421173664935,
        "recall": 0.1889648103860608,
        "segment_indices": [
            15,
            2,
            10
        ],
        "num_segments_used": 3,
        "iou_curve": {
            "0.05": 0.044788360595703125,
            "0.1": 0.04824475252164983,
            "0.15": 0.06433001646354722,
            "0.2": 0.10315472665735877,
            "0.25": 0.11713009042586985,
            "0.3": 0.09086090237286022,
            "0.35": 0.05262557077625571,
            "0.4": 0.014385659877463156,
            "0.45": 0.004577337938926444,
            "0.5": 0.0
        }
    },
    "texture": {
        "iou": 0.5984428779150025,
        "coverage": 0.6492004723573943,
        "precision": 0.8844493321882542,
        "recall": 0.6492004723573943,
        "segment_indices": [
            1,
            5,
            4,
            9,
            8,
            11,
            3,
            13
        ],
        "num_segments_used": 8,
        "iou_curve": {
            "0.05": 0.24541187286376953,
            "0.1": 0.26163825752761694,
            "0.15": 0.3004472673228457,
            "0.2": 0.3593826093565704,
            "0.25": 0.42103450696926437,
            "0.3": 0.48678018783453836,
            "0.35": 0.5597285889883192,
            "0.4": 0.6119184782151185,
            "0.45": 0.601920495941714,
            "0.5": 0.48025444788207894
        }
    }
}