{
    "liquid": {
        "iou": 0.05658091518119859,
        "coverage": 0.056950468650784875,
        "precision": 0.8971137098780791,
        "recall": 0.056950468650784875,
        "segment_index": 0
    },
    "sticky": {
        "iou": 0.09381910727301929,
        "coverage": 0.12972326614280832,
        "precision": 0.25315864919825315,
        "recall": 0.12972326614280832,
        "segment_index": 15
    },
    "texture": {
        "iou": 0.5846383335493273,
        "coverage": 0.6305229589653776,
        "precision": 0.8893046084525175,
        "recall": 0.6305229589653776,
        "segment_index": 1
    }
}