{
    "gears": {
        "iou": 0.2331747161380391,
        "coverage": 0.3194295827516042,
        "precision": 0.46338146158773963,
        "recall": 0.3194295827516042,
        "segment_indices": [
            1,
            0,
            3,
            9
        ],
        "num_segments_used": 4,
        "iou_curve": {
            "0.05": 0.19353023641721584,
            "0.1": 0.19954472376138804,
            "0.15": 0.22641378429892559,
            "0.2": 0.2646553543708905,
            "0.25": 0.28543434388902644,
            "0.3": 0.29496050861074286,
            "0.35": 0.2959806188745733,
            "0.4": 0.2882998651434849,
            "0.45": 0.265020731590757,
            "0.5": 0.22473604060913704
        }
    },
    "chain": {
        "iou": 0.18494350520451958,
        "coverage": 0.601539996346724,
        "precision": 0.2107634025605112,
        "recall": 0.601539996346724,
        "segment_indices": [
            10,
            0,
            8,
            3,
            6,
            7
        ],
        "num_segments_used": 6,
        "iou_curve": {
            "0.05": 0.38742733001708984,
            "0.1": 0.4135956307333369,
            "0.15": 0.4604751229262255,
            "0.2": 0.4847449799108741,
            "0.25": 0.4445809974060748,
            "0.3": 0.35672411357536377,
            "0.35": 0.22203061920102957,
            "0.4": 0.10313006021160527,
            "0.45": 0.049062518140128866,
            "0.5": 0.016957425782848284
        }
    },
    "handlebar": {
        "iou": 0.41905203419994774,
        "coverage": 0.8080429324366077,
        "precision": 0.46538024971623154,
        "recall": 0.8080429324366077,
        "segment_indices": [
            2
        ],
        "num_segments_used": 1,
        "iou_curve": {
            "0.05": 0.5521505109633892,
            "0.1": 0.5904498583847276,
            "0.15": 0.6503732332559288,
            "0.2": 0.6580226623351693,
            "0.25": 0.6332216318874928,
            "0.3": 0.5891464474373138,
            "0.35": 0.5310315933257862,
            "0.4": 0.4687760400578023,
            "0.45": 0.4082915064411066,
            "0.5": 0.32965710815821603
        }
    }
}