{
    "gears": {
        "iou": 0.1781842188458892,
        "coverage": 0.1952877393581787,
        "precision": 0.6704569309355538,
        "recall": 0.1952877393581787,
        "segment_index": 1
    },
    "chain": {
        "iou": 0.13415840402652884,
        "coverage": 0.3554286276328177,
        "precision": 0.1772933079144355,
        "recall": 0.3554286276328177,
        "segment_index": 10
    },
    "handlebar": {
        "iou": 0.41905203419994774,
        "coverage": 0.8080429324366077,
        "precision": 0.46538024971623154,
        "recall": 0.8080429324366077,
        "segment_index": 2
    }
}