{
    "vapor": {
        "iou": 0.023957465889436935,
        "coverage": 0.02503894202659216,
        "precision": 0.35677944543373186,
        "recall": 0.02503894202659216,
        "segment_index": 7
    },
    "gaseous": {
        "iou": 0.019854071192213437,
        "coverage": 0.019896190170949065,
        "precision": 0.9036486231016447,
        "recall": 0.019896190170949065,
        "segment_index": 4
    },
    "texture": {
        "iou": 0.01780409360048187,
        "coverage": 0.018100227148261032,
        "precision": 0.5211230124409554,
        "recall": 0.018100227148261032,
        "segment_index": 2
    }
}