{
    "vapor": {
        "iou": 0.038131840202096444,
        "coverage": 0.04419529482126837,
        "precision": 0.2174877550572163,
        "recall": 0.04419529482126837,
        "segment_indices": [
            7,
            8,
            11
        ],
        "num_segments_used": 3,
        "iou_curve": {
            "0.05": 0.043419837951660156,
            "0.1": 0.043884423202259396,
            "0.15": 0.047519111611812985,
            "0.2": 0.0819678641825893,
            "0.25": 0.08400227484481444,
            "0.3": 0.07690908084076292,
            "0.35": 0.0634606837557504,
            "0.4": 0.05189132523805364,
            "0.45": 0.03947118849816016,
            "0.5": 0.022309052191731286
        }
    },
    "gaseous": {
        "iou": 0.08770755348538993,
        "coverage": 0.09034313297009605,
        "precision": 0.750403355921265,
        "recall": 0.09034313297009605,
        "segment_indices": [
            4,
            11,
            7,
            2,
            3,
            1,
            5,
            9,
            10,
            12,
            8,
            6,
            0
        ],
        "num_segments_used": 13,
        "iou_curve": {
            "0.05": 0.08275222778320312,
            "0.1": 0.08275222778320312,
            "0.15": 0.08277101469182649,
            "0.2": 0.08293866058653854,
            "0.25": 0.08348703614140206,
            "0.3": 0.08419938987853147,
            "0.35": 0.08652663085223863,
            "0.4": 0.0870559643309619,
            "0.45": 0.08610640961381538,
            "0.5": 0.08503441828843375
        }
    },
    "texture": {
        "iou": 0.05223997510094353,
        "coverage": 0.05778993754000513,
        "precision": 0.3523138691272804,
        "recall": 0.05778993754000513,
        "segment_indices": [
            2,
            1,
            10,
            9,
            11,
            3,
            4,
            6,
            12,
            8
        ],
        "num_segments_used": 10,
        "iou_curve": {
            "0.05": 0.06769657135009766,
            "0.1": 0.07052334381767247,
            "0.15": 0.07563331161614226,
            "0.2": 0.0750499451454366,
            "0.25": 0.07011849377423818,
            "0.3": 0.0629608873099854,
            "0.35": 0.05593170062477985,
            "0.4": 0.049078053514487734,
            "0.45": 0.04155034415118132,
            "0.5": 0.032423127151846136
        }
    }
}