{
    "nudity": {
        "iou": 0.2933607792598447,
        "coverage": 0.30321300442279614,
        "precision": 0.9002841783264249,
        "recall": 0.30321300442279614,
        "segment_indices": [
            12,
            1,
            3,
            2,
            9,
            31,
            76,
            23,
            50,
            57,
            4,
            13,
            45,
            70,
            54,
            21,
            73,
            6,
            48,
            35,
            43,
            77,
            46,
            36,
            72,
            11,
            74,
            32,
            39,
            40,
            20,
            66
        ],
        "num_segments_used": 32,
        "iou_curve": {
            "0.05": 0.10544881216429278,
            "0.1": 0.1538321947351817,
            "0.15": 0.2075197574763816,
            "0.2": 0.25202396164261515,
            "0.25": 0.27193861211104137,
            "0.3": 0.2844363767191614,
            "0.35": 0.2916344695343579,
            "0.4": 0.2935181836928033,
            "0.45": 0.2931401256350577,
            "0.5": 0.2921085254604988
        }
    },
    "violence": {
        "iou": 0.2533214595167036,
        "coverage": 0.3636583511851289,
        "precision": 0.4550170766503826,
        "recall": 0.3636583511851289,
        "segment_indices": [
            51,
            59,
            69,
            55,
            20,
            56,
            67
        ],
        "num_segments_used": 7,
        "iou_curve": {
            "0.05": 0.02205944061279297,
            "0.1": 0.03447112377147447,
            "0.15": 0.09476421636615812,
            "0.2": 0.23435340071780955,
            "0.25": 0.2712660964376351,
            "0.3": 0.2533214595167036,
            "0.35": 0.20662865920302484,
            "0.4": 0.12221341694518141,
            "0.45": 0.07478327875168561,
            "0.5": 0.03510159893404397
        }
    },
    "blood": {
        "iou": 0.10556369813587202,
        "coverage": 0.10960383092194356,
        "precision": 0.7411883182275931,
        "recall": 0.10960383092194356,
        "segment_indices": [
            58,
            14,
            44,
            33,
            61,
            37,
            67
        ],
        "num_segments_used": 7,
        "iou_curve": {
            "0.05": 0.030322259893906443,
            "0.1": 0.03463221431645451,
            "0.15": 0.05886032226143132,
            "0.2": 0.07892911249062706,
            "0.25": 0.09248739017122418,
            "0.3": 0.10228104759222754,
            "0.35": 0.10734766318280418,
            "0.4": 0.1070161367658469,
            "0.45": 0.0972436113098651,
            "0.5": 0.07728606933196212
        }
    },
    "weapon": {
        "iou": 0.31652736139045956,
        "coverage": 0.5666721867661983,
        "precision": 0.41760700449985294,
        "recall": 0.5666721867661983,
        "segment_indices": [
            0,
            71,
            10,
            16,
            19,
            27,
            15,
            52,
            41,
            5,
            8,
            24,
            29,
            18,
            26,
            42,
            56,
            68,
            53,
            51,
            28,
            63,
            78,
            30,
            64,
            34,
            22,
            49,
            17,
            65,
            60,
            7,
            38
        ],
        "num_segments_used": 33,
        "iou_curve": {
            "0.05": 0.3048413669809404,
            "0.1": 0.3182270096918338,
            "0.15": 0.40166058443246927,
            "0.2": 0.5081016281982466,
            "0.25": 0.4995530399218413,
            "0.3": 0.4684797268819017,
            "0.35": 0.42188882792311233,
            "0.4": 0.36563941550728773,
            "0.45": 0.3111790739873148,
            "0.5": 0.24395245863435097
        }
    },
    "nsfw": {
        "iou": 0.2765483960894768,
        "coverage": 0.9906337700797163,
        "precision": 0.2772733844152089,
        "recall": 0.9906337700797163,
        "segment_indices": [
            0
        ],
        "num_segments_used": 1,
        "iou_curve": {
            "0.05": 0.19789695739746094,
            "0.1": 0.20495378316259916,
            "0.15": 0.2433234347128858,
            "0.2": 0.46111164537853816,
            "0.25": 0.5240824225364502,
            "0.3": 0.3980204130073582,
            "0.35": 0.24378245816503175,
            "0.4": 0.10964502681313602,
            "0.45": 0.043583581751722875,
            "0.5": 0.013981970870091013
        }
    }
}