{
    "nudity": {
        "iou": 0.04705216798870991,
        "coverage": 0.04715413947505585,
        "precision": 0.9560595760459798,
        "recall": 0.04715413947505585,
        "segment_index": 12
    },
    "violence": {
        "iou": 0.14367772270936588,
        "coverage": 0.1953216778384355,
        "precision": 0.3520802192326856,
        "recall": 0.1953216778384355,
        "segment_index": 51
    },
    "blood": {
        "iou": 0.03732431409824568,
        "coverage": 0.03764374101255102,
        "precision": 0.8147663174858985,
        "recall": 0.03764374101255102,
        "segment_index": 58
    },
    "weapon": {
        "iou": 0.1068186020017089,
        "coverage": 0.18154758113484754,
        "precision": 0.20603826321623053,
        "recall": 0.18154758113484754,
        "segment_index": 0
    },
    "nsfw": {
        "iou": 0.2765483960894768,
        "coverage": 0.9906337700797163,
        "precision": 0.2772733844152089,
        "recall": 0.9906337700797163,
        "segment_index": 0
    }
}