{
    "dog": {
        "iou": 0.6857142857142857,
        "coverage": 0.7261412487205732,
        "precision": 0.9249061326658323,
        "recall": 0.7261412487205732,
        "segment_index": 50
    },
    "fence": {
        "iou": 0.21773313268267408,
        "coverage": 0.21803586419177315,
        "precision": 0.993663571513968,
        "recall": 0.21803586419177315,
        "segment_index": 44
    },
    "house": {
        "iou": 0.05612879193903035,
        "coverage": 0.05614114517749261,
        "precision": 0.9960950574584403,
        "recall": 0.05614114517749261,
        "segment_index": 31
    },
    "behind": {
        "iou": 0.025622703144140467,
        "coverage": 0.11311401532221721,
        "precision": 0.03206438426162494,
        "recall": 0.11311401532221721,
        "segment_index": 0
    },
    "in": {
        "iou": 0.13562659739389116,
        "coverage": 0.16792903091927786,
        "precision": 0.4135155850792029,
        "recall": 0.16792903091927786,
        "segment_index": 0
    },
    "front": {
        "iou": 0.018361581920903956,
        "coverage": 0.721436343852013,
        "precision": 0.018492692178957937,
        "recall": 0.721436343852013,
        "segment_index": 31
    },
    "of": {
        "iou": 0.04978416378885052,
        "coverage": 0.053493334040128286,
        "precision": 0.4179220375834757,
        "recall": 0.053493334040128286,
        "segment_index": 18
    }
}