{
    "dog": {
        "iou": 0.6857142857142857,
        "coverage": 0.7261412487205732,
        "precision": 0.9249061326658323,
        "recall": 0.7261412487205732,
        "segment_indices": [
            50
        ],
        "num_segments_used": 1,
        "iou_curve": {
            "0.05": 0.0183136644806019,
            "0.1": 0.06474239204251739,
            "0.15": 0.13916479294461787,
            "0.2": 0.26615751923264874,
            "0.25": 0.43803635692534837,
            "0.3": 0.5126353790613718,
            "0.35": 0.576694850115296,
            "0.4": 0.6311899734350521,
            "0.45": 0.6667646950703966,
            "0.5": 0.6913731213758826
        }
    },
    "fence": {
        "iou": 0.7824495105401145,
        "coverage": 0.7942385271896278,
        "precision": 0.9813830361966505,
        "recall": 0.7942385271896278,
        "segment_indices": [
            44,
            18,
            20,
            10,
            1,
            15,
            9,
            5,
            6,
            14,
            24,
            8,
            34,
            32,
            7,
            13,
            16,
            12,
            41,
            4,
            23,
            38,
            17,
            3,
            22
        ],
        "num_segments_used": 25,
        "iou_curve": {
            "0.05": 0.26547098750617903,
            "0.1": 0.46859098664857446,
            "0.15": 0.5724218561522235,
            "0.2": 0.6550432337882146,
            "0.25": 0.7184330185379504,
            "0.3": 0.7335653703321096,
            "0.35": 0.7469683125814353,
            "0.4": 0.759889639950338,
            "0.45": 0.7708608527022849,
            "0.5": 0.7824495105401145
        }
    },
    "house": {
        "iou": 0.3381456267232988,
        "coverage": 0.3456770909479635,
        "precision": 0.9394677364915384,
        "recall": 0.3456770909479635,
        "segment_indices": [
            31,
            28,
            29,
            2,
            27,
            47,
            52,
            53,
            51,
            35,
            33,
            25,
            19,
            36,
            48,
            61,
            42,
            43,
            49,
            40,
            46,
            45,
            11,
            39,
            37,
            60,
            55,
            30,
            57,
            0,
            58
        ],
        "num_segments_used": 31,
        "iou_curve": {
            "0.05": 0.22359874898290322,
            "0.1": 0.313104601208062,
            "0.15": 0.329801925449106,
            "0.2": 0.3379687648170167,
            "0.25": 0.34234843964746986,
            "0.3": 0.3432807667318385,
            "0.35": 0.34320237315653357,
            "0.4": 0.34198655890282714,
            "0.45": 0.3401741949790859,
            "0.5": 0.33749391472605483
        }
    },
    "behind": {
        "iou": 0.025622703144140467,
        "coverage": 0.11311401532221721,
        "precision": 0.03206438426162494,
        "recall": 0.11311401532221721,
        "segment_indices": [
            0
        ],
        "num_segments_used": 1,
        "iou_curve": {
            "0.05": 0.007465362548828125,
            "0.1": 0.020385138647701005,
            "0.15": 0.08240539947857022,
            "0.2": 0.04399353564374214,
            "0.25": 0.0,
            "0.3": 0.0,
            "0.35": 0.0,
            "0.4": 0.0,
            "0.45": 0.0,
            "0.5": 0.0
        }
    },
    "in": {
        "iou": 0.18902979477739143,
        "coverage": 0.2876634156463997,
        "precision": 0.35538037556880087,
        "recall": 0.2876634156463997,
        "segment_indices": [
            0,
            59
        ],
        "num_segments_used": 2,
        "iou_curve": {
            "0.05": 0.014880180358886719,
            "0.1": 0.06238613641413019,
            "0.15": 0.12923718935049192,
            "0.2": 0.19811232885218416,
            "0.25": 0.09140369967355821,
            "0.3": 0.03887334225574887,
            "0.35": 0.008982035928143712,
            "0.4": 0.0,
            "0.45": 0.0,
            "0.5": 0.0
        }
    },
    "front": {
        "iou": 0.018361581920903956,
        "coverage": 0.721436343852013,
        "precision": 0.018492692178957937,
        "recall": 0.721436343852013,
        "segment_indices": [
            31
        ],
        "num_segments_used": 1,
        "iou_curve": {
            "0.05": 0.034191131591796875,
            "0.1": 0.019284409325684728,
            "0.15": 0.03361022670145788,
            "0.2": 0.024957443303497886,
            "0.25": 0.014032168607875763,
            "0.3": 0.00611586789725342,
            "0.35": 0.003344108795006131,
            "0.4": 0.0014504072297221913,
            "0.45": 0.00011156978690170702,
            "0.5": 0.0
        }
    },
    "of": {
        "iou": 0.18556775857129215,
        "coverage": 0.3218810464099234,
        "precision": 0.304680247873755,
        "recall": 0.3218810464099234,
        "segment_indices": [
            18,
            8,
            15,
            0,
            27,
            28,
            19,
            51,
            59,
            34,
            9,
            49,
            40,
            25,
            60,
            30,
            37,
            36,
            13,
            3,
            23
        ],
        "num_segments_used": 21,
        "iou_curve": {
            "0.05": 0.15205001831054688,
            "0.1": 0.1720798020740117,
            "0.15": 0.019023536038794052,
            "0.2": 0.0,
            "0.25": 0.0,
            "0.3": 0.0,
            "0.35": 0.0,
            "0.4": 0.0,
            "0.45": 0.0,
            "0.5": 0.0
        }
    }
}