{
    "perched": {
        "iou": 0.7689546938904918,
        "coverage": 0.9511085141968639,
        "precision": 0.800600774074288,
        "recall": 0.9511085141968639,
        "segment_indices": [
            0
        ],
        "num_segments_used": 1,
        "iou_curve": {
            "0.05": 0.5778093338012695,
            "0.1": 0.6588718972162367,
            "0.15": 0.7749612042109717,
            "0.2": 0.8227870675074329,
            "0.25": 0.8379942084491254,
            "0.3": 0.8327621627517998,
            "0.35": 0.7908732093154907,
            "0.4": 0.6695937732752534,
            "0.45": 0.4889307022468243,
            "0.5": 0.2310786851705048
        }
    },
    "old": {
        "iou": 0.16946091605875746,
        "coverage": 0.5293386043619243,
        "precision": 0.1995245031560266,
        "recall": 0.5293386043619243,
        "segment_indices": [
            8
        ],
        "num_segments_used": 1,
        "iou_curve": {
            "0.05": 0.056960105895996094,
            "0.1": 0.10572010100754178,
            "0.15": 0.19932888619365272,
            "0.2": 0.18474472011482468,
            "0.25": 0.09383412383027817,
            "0.3": 0.05021790478725174,
            "0.35": 0.02071090126743349,
            "0.4": 0.0016240561220218662,
            "0.45": 0.0,
            "0.5": 0.0
        }
    },
    "books": {
        "iou": 0.6535695204830213,
        "coverage": 0.6840339469151057,
        "precision": 0.9362039170506913,
        "recall": 0.6840339469151057,
        "segment_indices": [
            8,
            6,
            2,
            4,
            12,
            28,
            26,
            13,
            16,
            29,
            25,
            23,
            5,
            20,
            24,
            30,
            17
        ],
        "num_segments_used": 17,
        "iou_curve": {
            "0.05": 0.231781005859375,
            "0.1": 0.25610223898056095,
            "0.15": 0.3500510368849623,
            "0.2": 0.4694872510052763,
            "0.25": 0.5451003320699175,
            "0.3": 0.591654140720063,
            "0.35": 0.6219238611406677,
            "0.4": 0.6407420181316515,
            "0.45": 0.6507238165387121,
            "0.5": 0.6558579486939425
        }
    },
    "flame": {
        "iou": 0.3247044052515027,
        "coverage": 0.3712900107957789,
        "precision": 0.7212864546732256,
        "recall": 0.3712900107957789,
        "segment_indices": [
            3,
            7,
            1,
            14,
            9,
            27,
            10
        ],
        "num_segments_used": 7,
        "iou_curve": {
            "0.05": 0.08685302734375,
            "0.1": 0.11684127369328715,
            "0.15": 0.12741488164768777,
            "0.2": 0.1365673696905239,
            "0.25": 0.1455902996907467,
            "0.3": 0.1584611256244919,
            "0.35": 0.19109945034957368,
            "0.4": 0.25523495230237897,
            "0.45": 0.3247044052515027,
            "0.5": 0.3793736842829428
        }
    }
}