{
    "perched": {
        "iou": 0.7689546938904918,
        "coverage": 0.9511085141968639,
        "precision": 0.800600774074288,
        "recall": 0.9511085141968639,
        "segment_index": 0
    },
    "old": {
        "iou": 0.16946091605875746,
        "coverage": 0.5293386043619243,
        "precision": 0.1995245031560266,
        "recall": 0.5293386043619243,
        "segment_index": 8
    },
    "books": {
        "iou": 0.17769380153258316,
        "coverage": 0.17797478933492064,
        "precision": 0.9911932626785206,
        "recall": 0.17797478933492064,
        "segment_index": 8
    },
    "flame": {
        "iou": 0.1999790332102914,
        "coverage": 0.20485979618021602,
        "precision": 0.8935456831517183,
        "recall": 0.20485979618021602,
        "segment_index": 3
    }
}