{
    "bridge": {
        "iou": 0.12308131163574126,
        "coverage": 0.12998321594055287,
        "precision": 0.6986121819583655,
        "recall": 0.12998321594055287,
        "segment_indices": [
            5,
            62,
            13,
            28,
            15,
            54,
            14,
            23,
            30,
            12,
            21,
            33,
            24,
            27,
            46,
            36,
            41,
            70,
            60,
            49,
            52,
            55,
            43,
            71,
            42,
            75
        ],
        "num_segments_used": 26,
        "iou_curve": {
            "0.05": 0.024748649509892782,
            "0.1": 0.04992988027491568,
            "0.15": 0.07278359503786272,
            "0.2": 0.09099679304796109,
            "0.25": 0.10527774776002292,
            "0.3": 0.1127241219840211,
            "0.35": 0.11712616130960325,
            "0.4": 0.11919238341293155,
            "0.45": 0.12135963454608252,
            "0.5": 0.12317522598927785
        }
    },
    "over": {
        "iou": 0.10634477254588987,
        "coverage": 0.16747839748625296,
        "precision": 0.22560846560846562,
        "recall": 0.16747839748625296,
        "segment_indices": [
            4,
            59,
            77,
            73,
            8
        ],
        "num_segments_used": 5,
        "iou_curve": {
            "0.05": 0.004506111145019531,
            "0.1": 0.009370482088992807,
            "0.15": 0.03656953373062425,
            "0.2": 0.11146367023754075,
            "0.25": 0.1443232427547925,
            "0.3": 0.10319842666390643,
            "0.35": 0.06457081214362768,
            "0.4": 0.04107276819204801,
            "0.45": 0.013564731697586275,
            "0.5": 0.0
        }
    },
    "river": {
        "iou": 0.17032015363484984,
        "coverage": 0.17512872747269229,
        "precision": 0.8611704334198842,
        "recall": 0.17512872747269229,
        "segment_indices": [
            6,
            0,
            1,
            9,
            18,
            17,
            20,
            37,
            25,
            3,
            65,
            35,
            59,
            29,
            67,
            19,
            38,
            31,
            16,
            7,
            56,
            32,
            61,
            64,
            34,
            39,
            58,
            69,
            48,
            74,
            4,
            26
        ],
        "num_segments_used": 32,
        "iou_curve": {
            "0.05": 0.06207262899094188,
            "0.1": 0.12043557907592102,
            "0.15": 0.15511234187773468,
            "0.2": 0.16950356462016555,
            "0.25": 0.1748110077772339,
            "0.3": 0.17769241592795834,
            "0.35": 0.17812441106971486,
            "0.4": 0.17662576869374053,
            "0.45": 0.17101104647283272,
            "0.5": 0.16089381659936244
        }
    },
    "forest": {
        "iou": 0.07735233611950257,
        "coverage": 0.07900649853390197,
        "precision": 0.7869857072821209,
        "recall": 0.07900649853390197,
        "segment_indices": [
            2,
            47,
            5,
            10,
            66,
            11,
            50,
            53,
            22,
            68,
            57,
            76,
            45,
            51,
            40,
            63,
            72,
            44,
            75,
            77,
            26
        ],
        "num_segments_used": 21,
        "iou_curve": {
            "0.05": 0.0506135584097299,
            "0.1": 0.07098575914152641,
            "0.15": 0.07972833129500878,
            "0.2": 0.0844579759360637,
            "0.25": 0.08610729858331338,
            "0.3": 0.08613925132176041,
            "0.35": 0.08523801795190245,
            "0.4": 0.08312443200734229,
            "0.45": 0.08003401023972088,
            "0.5": 0.0746775961599617
        }
    }
}