{
    "bridge": {
        "iou": 0.012246830232175201,
        "coverage": 0.012803224834669842,
        "precision": 0.21985466190417538,
        "recall": 0.012803224834669842,
        "segment_index": 5
    },
    "over": {
        "iou": 0.05919429980816662,
        "coverage": 0.06787117046347212,
        "precision": 0.31648351648351647,
        "recall": 0.06787117046347212,
        "segment_index": 4
    },
    "river": {
        "iou": 0.026742195115854725,
        "coverage": 0.026742195115854725,
        "precision": 1.0,
        "recall": 0.026742195115854725,
        "segment_index": 6
    },
    "forest": {
        "iou": 0.018596748062329117,
        "coverage": 0.018708130076683836,
        "precision": 0.7574921437878439,
        "recall": 0.018708130076683836,
        "segment_index": 2
    }
}